[
{
  "model": "pp.pagerun",
  "pk": "3deb2d61-0997-4a0c-861a-e7df8b27e49e",
  "fields": {
    "label": "",
    "book": "632ac978-1097-4492-8006-44d8ab3ba5ac",
    "script_path": "/window/key/throughout/consumer.py",
    "script_md5": "24e67c24-2e52-4dd5-9827-a765ae2e89ef",
    "date_started": "2019-07-19T12:56:12.703Z",
    "params": "4KC 855"
  }
},
{
  "model": "pp.pagerun",
  "pk": "41ddeb86-e83d-4768-96dd-f2ecfc2f80c5",
  "fields": {
    "label": "",
    "book": "7f011d30-a07e-48a2-bf86-5d90d5eeef50",
    "script_path": "/perhaps/election/offer/authority.py",
    "script_md5": "c08fa2dc-6ebc-4c0e-a48e-efdcea56ba45",
    "date_started": "2019-07-19T12:56:12.619Z",
    "params": "NW6 I1L"
  }
},
{
  "model": "pp.linerun",
  "pk": "1fad0375-7b4f-4cb8-ba36-ea6db62a8991",
  "fields": {
    "label": "",
    "book": "632ac978-1097-4492-8006-44d8ab3ba5ac",
    "script_path": "/way/nation/avoid/create.py",
    "script_md5": "7a1c0cb0-ebb7-46c3-a87e-21d00fbe62fb",
    "date_started": "2019-07-19T12:56:12.996Z",
    "params": "ENO 976"
  }
},
{
  "model": "pp.linerun",
  "pk": "744a4c52-2335-4711-8d78-306d3d629d84",
  "fields": {
    "label": "",
    "book": "7f011d30-a07e-48a2-bf86-5d90d5eeef50",
    "script_path": "/reduce/majority/now/quality.py",
    "script_md5": "a3bf1dc4-35f9-4b73-8b67-474e8051a0cb",
    "date_started": "2019-07-19T12:56:12.794Z",
    "params": "9W 5K7ARN"
  }
},
{
  "model": "pp.linegrouprun",
  "pk": "388054c9-154e-464c-bcc7-ccdeb8aeb026",
  "fields": {
    "label": "",
    "book": "632ac978-1097-4492-8006-44d8ab3ba5ac",
    "script_path": "/read/agency/explain/single.py",
    "script_md5": "24de1e9c-cb62-413d-b03b-72051fb43b99",
    "date_started": "2019-07-19T12:56:13.534Z",
    "params": "388-KGO"
  }
},
{
  "model": "pp.linegrouprun",
  "pk": "db27c40d-2e1a-48ff-a157-d3adfb5640d0",
  "fields": {
    "label": "",
    "book": "7f011d30-a07e-48a2-bf86-5d90d5eeef50",
    "script_path": "/education/subject/knowledge/quickly.py",
    "script_md5": "18b101d4-6bf9-4c06-9438-8dbe33a55058",
    "date_started": "2019-07-19T12:56:13.308Z",
    "params": "430 FHB"
  }
},
{
  "model": "pp.characterrun",
  "pk": "1fb3823b-0dda-413b-b1ea-c8eb9b4950c8",
  "fields": {
    "label": "",
    "book": "632ac978-1097-4492-8006-44d8ab3ba5ac",
    "script_path": "/capital/science/painting/girl.py",
    "script_md5": "3495d90a-5f2c-4a04-80e1-417739888965",
    "date_started": "2019-07-19T12:56:14.380Z",
    "params": "747SNT"
  }
},
{
  "model": "pp.characterrun",
  "pk": "36baaed7-d29b-4271-a4bc-d12e26d0289c",
  "fields": {
    "label": "",
    "book": "7f011d30-a07e-48a2-bf86-5d90d5eeef50",
    "script_path": "/wrong/within/produce/west.py",
    "script_md5": "ed57cd0a-849a-4a06-8581-0c753f9ec248",
    "date_started": "2019-07-19T12:56:13.768Z",
    "params": "4M 6580R"
  }
},
{
  "model": "pp.characterrun",
  "pk": "b878db65-e8ad-4a85-89c4-883a9904b85e",
  "fields": {
    "label": "",
    "book": "7f011d30-a07e-48a2-bf86-5d90d5eeef50",
    "script_path": "/ask/common/white/also.py",
    "script_md5": "7cf3b80c-77e9-4ace-b455-57670e273981",
    "date_started": "2019-07-19T12:56:15.015Z",
    "params": "8-1219N"
  }
},
{
  "model": "pp.book",
  "pk": "632ac978-1097-4492-8006-44d8ab3ba5ac",
  "fields": {
    "label": "Economy dog thus us national term.",
    "eebo": 5678,
    "vid": 987,
    "pq_title": "Economy dog thus us national term.",
    "pq_publisher": "",
    "pq_author": "susan",
    "pq_year_verbatim": "",
    "pq_year_early": null,
    "pq_year_late": null,
    "tx_year_early": null,
    "tx_year_late": null,
    "pq_url": "www.example.com",
    "pp_publisher": "",
    "pdf": "/food/central/other/son.pdf",
    "date_early": "1618-07-19",
    "date_late": "1630-07-01"
  }
},
{
  "model": "pp.book",
  "pk": "7f011d30-a07e-48a2-bf86-5d90d5eeef50",
  "fields": {
    "label": "Space bad analysis blue.",
    "eebo": 1234,
    "vid": 231,
    "pq_title": "Space bad analysis blue.",
    "pq_publisher": "",
    "pq_author": "paul",
    "pq_year_verbatim": "",
    "pq_year_early": null,
    "pq_year_late": null,
    "tx_year_early": null,
    "tx_year_late": null,
    "pq_url": "www.example.com",
    "pp_publisher": "",
    "pdf": "/can/run/identify/different.pdf",
    "date_early": "1618-07-19",
    "date_late": "1630-07-01"
  }
},
{
  "model": "pp.image",
  "pk": "044b10ec-61fc-438f-80c9-678e79c31169",
  "fields": {
    "label": "",
    "tif": "/along/onto/apply/possible.tif",
    "tif_md5": "3f09a2ab-6c6e-460e-813c-dc6647c6f8d8"
  }
},
{
  "model": "pp.image",
  "pk": "0514846a-78c4-406f-b383-1016f0f36468",
  "fields": {
    "label": "",
    "tif": "/him/eight/often/lay.tif",
    "tif_md5": "c7d88f40-3a09-4ae8-9204-b4e33b998bc2"
  }
},
{
  "model": "pp.image",
  "pk": "077d28db-be47-4769-be2b-470efaa3a846",
  "fields": {
    "label": "",
    "tif": "/occur/service/environment/degree.tif",
    "tif_md5": "9453a239-d2ca-471c-ad23-01f2e2a0c558"
  }
},
{
  "model": "pp.image",
  "pk": "07bb8659-f1c9-4ad7-a4ea-cd5a6b513867",
  "fields": {
    "label": "",
    "tif": "/player/receive/finally/management.tif",
    "tif_md5": "38a0bde6-aa39-47d2-b0d9-f38d023ec5de"
  }
},
{
  "model": "pp.image",
  "pk": "08b254ba-87b4-45a1-8e12-419962ede239",
  "fields": {
    "label": "",
    "tif": "/school/day/myself/rate.tif",
    "tif_md5": "cc3625b6-b7f3-4565-8fef-2e504d30f6bc"
  }
},
{
  "model": "pp.image",
  "pk": "0a2df8a8-5897-4c30-95ba-2999d1b302fe",
  "fields": {
    "label": "",
    "tif": "/paper/win/quickly/various.tif",
    "tif_md5": "161e30b2-c07b-4409-ad9b-c08a50d21aad"
  }
},
{
  "model": "pp.image",
  "pk": "0b5ddac2-d8ee-47c8-aadd-8e5fb59fe3b3",
  "fields": {
    "label": "",
    "tif": "/machine/her/budget/during.tif",
    "tif_md5": "6c8b9fe8-89fa-4d01-b717-2ca76997a539"
  }
},
{
  "model": "pp.image",
  "pk": "0ebd5bdb-37eb-43c2-a957-49028bd76a56",
  "fields": {
    "label": "",
    "tif": "/improve/purpose/evening/kid.tif",
    "tif_md5": "77be7f23-5ba1-4293-ba1a-ca5d7142ddde"
  }
},
{
  "model": "pp.image",
  "pk": "11462a01-0745-4d4c-8edf-ff280f9cdcad",
  "fields": {
    "label": "",
    "tif": "/garden/suffer/help/another.tif",
    "tif_md5": "8c30db55-8b99-4ea5-88dc-29befa8437ad"
  }
},
{
  "model": "pp.image",
  "pk": "1210eb57-53a5-4c28-b7ca-f2753f2dcd41",
  "fields": {
    "label": "",
    "tif": "/along/determine/race/side.tif",
    "tif_md5": "56888c06-5319-4f53-ae48-b5ef82873f25"
  }
},
{
  "model": "pp.image",
  "pk": "152bd984-8c22-4a03-9c1e-e4ff3a519efb",
  "fields": {
    "label": "",
    "tif": "/city/director/effort/power.tif",
    "tif_md5": "80db5537-bb9c-4758-baa4-5a6ec6ed46c8"
  }
},
{
  "model": "pp.image",
  "pk": "17071b62-e72e-488b-a88d-6539ca0dcf35",
  "fields": {
    "label": "",
    "tif": "/magazine/increase/two/method.tif",
    "tif_md5": "0d69ed71-7c7a-4744-821d-59baa7d994f4"
  }
},
{
  "model": "pp.image",
  "pk": "178328a0-1604-4d6b-861f-4964fbe406b2",
  "fields": {
    "label": "",
    "tif": "/people/quite/also/two.tif",
    "tif_md5": "650da51e-d820-46b8-8d46-6601aa273c6e"
  }
},
{
  "model": "pp.image",
  "pk": "181231dc-f7ac-44df-8dd4-87fa0abfeada",
  "fields": {
    "label": "",
    "tif": "/history/day/culture/store.tif",
    "tif_md5": "7c727c53-ef79-4205-b58c-337e6fbfcba2"
  }
},
{
  "model": "pp.image",
  "pk": "189c521e-651c-4537-b5db-6599fa59ba27",
  "fields": {
    "label": "",
    "tif": "/image/do/figure/year.tif",
    "tif_md5": "3049b4df-f7dd-4d69-8ee5-4563c1b32385"
  }
},
{
  "model": "pp.image",
  "pk": "1a21cd09-d0da-48ef-95ed-2e7ac58fe9cc",
  "fields": {
    "label": "",
    "tif": "/bed/like/quickly/feel.tif",
    "tif_md5": "9044438d-d8a9-482f-953c-6eaeb49d6139"
  }
},
{
  "model": "pp.image",
  "pk": "1b484f4f-aaca-4f50-abee-b1f10586276d",
  "fields": {
    "label": "",
    "tif": "/always/easy/face/age.tif",
    "tif_md5": "26c5844f-0a59-4883-853a-a0067a40ceae"
  }
},
{
  "model": "pp.image",
  "pk": "1bc31c81-16a3-4f87-8278-bfdc730ce8dc",
  "fields": {
    "label": "",
    "tif": "/factor/dream/increase/fire.tif",
    "tif_md5": "70f4ad6a-2662-4acd-863d-011ca1a08094"
  }
},
{
  "model": "pp.image",
  "pk": "1cd2fc97-2fce-4839-b054-af79978926d3",
  "fields": {
    "label": "",
    "tif": "/daughter/half/hundred/idea.tif",
    "tif_md5": "b6b00ede-d6ed-4d8b-8ca0-01bd71c7b558"
  }
},
{
  "model": "pp.image",
  "pk": "1ddf64a9-909b-4531-aca3-4f8bf39c2bef",
  "fields": {
    "label": "",
    "tif": "/minute/outside/yes/back.tif",
    "tif_md5": "5fc13b6f-15e1-4ee7-9e17-c8043c4074fe"
  }
},
{
  "model": "pp.image",
  "pk": "1e5dd9b8-2e88-46a3-b3f9-32bc6e8ec6fd",
  "fields": {
    "label": "",
    "tif": "/area/throw/about/ability.tif",
    "tif_md5": "c5988f35-cc21-4763-a80d-2717f1c68b18"
  }
},
{
  "model": "pp.image",
  "pk": "202d341d-c976-4019-b9f3-abb697382ecb",
  "fields": {
    "label": "",
    "tif": "/various/smile/treatment/environment.tif",
    "tif_md5": "6c0cb93b-9ea5-4cd6-87b1-6b814ce1b8c6"
  }
},
{
  "model": "pp.image",
  "pk": "20d7c0e4-ac6e-466c-9978-336149fcc433",
  "fields": {
    "label": "",
    "tif": "/themselves/later/eye/add.tif",
    "tif_md5": "be1d1a00-8007-4c51-96bf-a7a987460f09"
  }
},
{
  "model": "pp.image",
  "pk": "225ec639-1cf2-4574-8612-34253a43e286",
  "fields": {
    "label": "",
    "tif": "/force/task/skin/might.tif",
    "tif_md5": "e8415262-5b90-4c32-b575-009e3f1ed14b"
  }
},
{
  "model": "pp.image",
  "pk": "22aa263a-8858-4d27-800d-ff5edd6956f1",
  "fields": {
    "label": "",
    "tif": "/beyond/reason/television/model.tif",
    "tif_md5": "c44fcf5d-0cd1-411b-ba5b-b29a69c9f114"
  }
},
{
  "model": "pp.image",
  "pk": "24ec272a-aa93-432b-9f3f-3bf29940020c",
  "fields": {
    "label": "",
    "tif": "/operation/approach/party/training.tif",
    "tif_md5": "c64aad6a-84cf-4c3e-95aa-4f7aca9bba8e"
  }
},
{
  "model": "pp.image",
  "pk": "2ee123e2-0dc2-4387-9619-9b185ed7ebc5",
  "fields": {
    "label": "",
    "tif": "/worker/hear/open/story.tif",
    "tif_md5": "9a124e85-6b59-46b5-9143-676f0a53716c"
  }
},
{
  "model": "pp.image",
  "pk": "331b19f9-27a5-4245-a84f-012bc9a7dcbf",
  "fields": {
    "label": "",
    "tif": "/democratic/be/view/trial.tif",
    "tif_md5": "3cc86521-dd7d-4dae-acf1-33566196a5e9"
  }
},
{
  "model": "pp.image",
  "pk": "33875e30-9d8a-44d8-8939-819d25f212da",
  "fields": {
    "label": "",
    "tif": "/major/way/identify/television.tif",
    "tif_md5": "172c8e68-9cc4-4849-ba9f-a2e06b33ee5c"
  }
},
{
  "model": "pp.image",
  "pk": "355ed839-b82b-4822-82bf-00a627f4baef",
  "fields": {
    "label": "",
    "tif": "/conference/board/effort/data.tif",
    "tif_md5": "941e5631-debc-4381-85bb-48f76bd6fc4c"
  }
},
{
  "model": "pp.image",
  "pk": "35ad1530-ff70-4d87-bc69-9da3856b136d",
  "fields": {
    "label": "",
    "tif": "/table/magazine/community/accept.tif",
    "tif_md5": "4ffb37be-2c16-4a2a-aab9-7b4e5341abe6"
  }
},
{
  "model": "pp.image",
  "pk": "36b022a2-9cc4-4afb-9891-d95fc64bfbd2",
  "fields": {
    "label": "",
    "tif": "/onto/beyond/someone/bill.tif",
    "tif_md5": "a316f31f-6ff7-4d09-a96b-cb3a948ca33e"
  }
},
{
  "model": "pp.image",
  "pk": "400ac8e5-ea20-40a5-b25f-1e9cf8bb1e00",
  "fields": {
    "label": "",
    "tif": "/explain/east/beyond/thank.tif",
    "tif_md5": "3bfbbe78-288c-425c-aaa7-a3af920106d9"
  }
},
{
  "model": "pp.image",
  "pk": "41c8a5bf-942a-41ed-8ad3-5ac63d755957",
  "fields": {
    "label": "",
    "tif": "/be/fire/imagine/police.tif",
    "tif_md5": "4d2b3d22-6f7b-429a-9414-37cacf3a691c"
  }
},
{
  "model": "pp.image",
  "pk": "484f374f-37a4-4452-b8a7-bb3e1b0a407b",
  "fields": {
    "label": "",
    "tif": "/young/relate/believe/say.tif",
    "tif_md5": "566a91b8-40e0-46a7-a816-a6b1f963ac23"
  }
},
{
  "model": "pp.image",
  "pk": "4b814fd7-5515-41a2-bed9-8ca4dc8be4cf",
  "fields": {
    "label": "",
    "tif": "/size/shake/stage/call.tif",
    "tif_md5": "09a08284-088d-41b5-ba2c-e43832cdda05"
  }
},
{
  "model": "pp.image",
  "pk": "4db1d91d-3011-43cb-bf52-806927d4683e",
  "fields": {
    "label": "",
    "tif": "/serious/even/run/smile.tif",
    "tif_md5": "491a6727-6e59-43aa-9187-59e30ad11f72"
  }
},
{
  "model": "pp.image",
  "pk": "51e47785-97f4-4287-8789-290892cc7ea6",
  "fields": {
    "label": "",
    "tif": "/daughter/tonight/meet/improve.tif",
    "tif_md5": "49497190-8d85-4023-9601-9eeedf3a6d23"
  }
},
{
  "model": "pp.image",
  "pk": "5242a6dc-a80f-4f3c-be87-399ee6e49f14",
  "fields": {
    "label": "",
    "tif": "/pressure/entire/expect/leave.tif",
    "tif_md5": "15bfdd81-1448-47e3-a84f-aefa50bbb7ef"
  }
},
{
  "model": "pp.image",
  "pk": "54f67d60-0881-42ad-8da1-0d953cb93822",
  "fields": {
    "label": "",
    "tif": "/fish/house/box/effort.tif",
    "tif_md5": "42bc645c-8c75-4632-a302-830d2b2f7630"
  }
},
{
  "model": "pp.image",
  "pk": "56478bff-b172-4e80-83f6-ed3be416eb7a",
  "fields": {
    "label": "",
    "tif": "/method/into/science/husband.tif",
    "tif_md5": "485c2fb3-7383-4d9b-bb9d-7ae55aec8a35"
  }
},
{
  "model": "pp.image",
  "pk": "57837216-e90a-4a1c-9b4d-bd2cd55d7c91",
  "fields": {
    "label": "",
    "tif": "/everybody/travel/miss/job.tif",
    "tif_md5": "c3578c7d-f2dc-4d88-bfb2-07a57f6a6893"
  }
},
{
  "model": "pp.image",
  "pk": "5cac6918-6676-41f6-aebe-9359a29dd347",
  "fields": {
    "label": "",
    "tif": "/sort/final/technology/former.tif",
    "tif_md5": "45180d89-08dd-47cd-96e7-df83ce2ca7b2"
  }
},
{
  "model": "pp.image",
  "pk": "62a589ec-9a29-4c03-aa45-05414d90db2a",
  "fields": {
    "label": "",
    "tif": "/entire/put/plan/race.tif",
    "tif_md5": "1fb7e129-2261-43e7-a065-f8818aade85b"
  }
},
{
  "model": "pp.image",
  "pk": "6fdf87cc-24dc-446c-9945-ab1b284718ee",
  "fields": {
    "label": "",
    "tif": "/must/beautiful/experience/economic.tif",
    "tif_md5": "b42397b0-cfec-4d4f-ac53-a83efc3db282"
  }
},
{
  "model": "pp.image",
  "pk": "75412aa4-1e76-476a-b585-46c544fe6a38",
  "fields": {
    "label": "",
    "tif": "/stock/become/experience/top.tif",
    "tif_md5": "7a2a1782-7148-4e7b-800f-c03c7cef0cf6"
  }
},
{
  "model": "pp.image",
  "pk": "7c2e796c-5ee8-45e2-a9d2-983322e7c18b",
  "fields": {
    "label": "",
    "tif": "/six/true/herself/its.tif",
    "tif_md5": "8e12e1b5-083f-43ae-a5bd-afdf51004b7e"
  }
},
{
  "model": "pp.image",
  "pk": "82923003-b14d-4102-b861-91a9b26ea8c0",
  "fields": {
    "label": "",
    "tif": "/check/everyone/agreement/force.tif",
    "tif_md5": "087e6aa2-8728-4872-85db-cec538a68fd1"
  }
},
{
  "model": "pp.image",
  "pk": "83b8341e-3f21-4dc6-b1f9-98b92fd7deca",
  "fields": {
    "label": "",
    "tif": "/rather/blood/talk/main.tif",
    "tif_md5": "ece5893a-a4f0-459a-a802-ca2dc4aa650e"
  }
},
{
  "model": "pp.image",
  "pk": "889582b0-2e8c-430a-b24c-507422f9b19b",
  "fields": {
    "label": "",
    "tif": "/much/like/which/edge.tif",
    "tif_md5": "a1eb1a6a-5715-418d-a70e-7f24d6bfc3b7"
  }
},
{
  "model": "pp.image",
  "pk": "891e8758-2b10-42c8-bcec-e94e9b2857f5",
  "fields": {
    "label": "",
    "tif": "/summer/push/why/white.tif",
    "tif_md5": "bea0d9c0-6cfe-4de2-a8c9-1cd8c8f2b867"
  }
},
{
  "model": "pp.image",
  "pk": "898bff38-87b5-4140-8119-e42b20e40571",
  "fields": {
    "label": "",
    "tif": "/per/series/rate/whatever.tif",
    "tif_md5": "5c599186-4fb1-478b-8254-d67f0a0eb2c2"
  }
},
{
  "model": "pp.image",
  "pk": "8a59f2a2-d9bc-4a07-9270-a94414f62fdb",
  "fields": {
    "label": "",
    "tif": "/gas/situation/choose/try.tif",
    "tif_md5": "1abe4ee8-4378-4837-aac8-64c7e822b30a"
  }
},
{
  "model": "pp.image",
  "pk": "90a77432-bb7b-4f0b-8a82-12baff4d6cec",
  "fields": {
    "label": "",
    "tif": "/plan/simple/population/one.tif",
    "tif_md5": "336cc6f9-93d2-4182-a1d3-f1bc3904d169"
  }
},
{
  "model": "pp.image",
  "pk": "90b34588-e9a6-4963-94c1-16141994fef8",
  "fields": {
    "label": "",
    "tif": "/continue/expect/ten/the.tif",
    "tif_md5": "214d07ad-f1ec-44fc-97c3-2851d9f9a3e2"
  }
},
{
  "model": "pp.image",
  "pk": "92724af8-56e0-4d70-ab4e-f66df4af193c",
  "fields": {
    "label": "",
    "tif": "/floof/flaff/tif",
    "tif_md5": "45dc6bd6-d11f-4e04-9160-6f8c013b3e73"
  }
},
{
  "model": "pp.image",
  "pk": "92abc703-7c18-4734-ad3d-38ef4896ada1",
  "fields": {
    "label": "",
    "tif": "/tend/type/impact/beat.tif",
    "tif_md5": "de3b9fe0-c481-478d-8290-2694139dd3f1"
  }
},
{
  "model": "pp.image",
  "pk": "93df01a4-7e56-4472-94b5-0e47784a448d",
  "fields": {
    "label": "",
    "tif": "/common/event/customer/your.tif",
    "tif_md5": "53b53e1b-c6e6-49dc-8dc2-4c71b1a8da72"
  }
},
{
  "model": "pp.image",
  "pk": "94261923-c0c8-4cf6-9c66-b42d5b81d694",
  "fields": {
    "label": "",
    "tif": "/western/save/listen/try.tif",
    "tif_md5": "0ded5c3e-20cc-4bd6-85f8-b12149d1f306"
  }
},
{
  "model": "pp.image",
  "pk": "995086d1-3a8e-4ba1-809a-6c8a21bcde30",
  "fields": {
    "label": "",
    "tif": "/tough/purpose/country/doctor.tif",
    "tif_md5": "eee45fa2-7415-4db0-b2d4-70d8804430c7"
  }
},
{
  "model": "pp.image",
  "pk": "9c92c21f-20d8-4597-b556-f92ff63a191d",
  "fields": {
    "label": "",
    "tif": "/floor/present/year/front.tif",
    "tif_md5": "7b60d660-0141-401c-8b7e-095cddc7f3aa"
  }
},
{
  "model": "pp.image",
  "pk": "a0d906e2-79e0-4f24-960f-cd214c9c660f",
  "fields": {
    "label": "",
    "tif": "/anything/question/partner/school.tif",
    "tif_md5": "e1d4ad85-36dc-4f88-b83c-eeb7a1229af3"
  }
},
{
  "model": "pp.image",
  "pk": "a22de65f-37f2-41a7-ab59-618240a8023e",
  "fields": {
    "label": "",
    "tif": "/month/any/see/bed.tif",
    "tif_md5": "43d0ce7b-2916-42c8-acd1-354d2652ec17"
  }
},
{
  "model": "pp.image",
  "pk": "a9dc561f-47b1-4937-9734-1eb4a29772d0",
  "fields": {
    "label": "",
    "tif": "/either/example/rise/order.tif",
    "tif_md5": "561424c1-7144-47b2-8cf2-56c995514fe9"
  }
},
{
  "model": "pp.image",
  "pk": "ad99300d-eaa4-49bb-a1d7-947c6f5acd1f",
  "fields": {
    "label": "",
    "tif": "/list/red/without/military.tif",
    "tif_md5": "dc28779c-45f4-4837-bf1b-6b3726e64525"
  }
},
{
  "model": "pp.image",
  "pk": "add0efe5-f91a-4773-9a98-ed60ad6153e4",
  "fields": {
    "label": "",
    "tif": "/green/wall/floor/white.tif",
    "tif_md5": "87b6f37b-c678-4bbb-b735-b5419acd8777"
  }
},
{
  "model": "pp.image",
  "pk": "afa23149-6a2f-4440-82bc-d0a48ea6e800",
  "fields": {
    "label": "",
    "tif": "/although/place/agree/nothing.tif",
    "tif_md5": "9cc4f89b-56ed-442d-9c47-a85aedcc518c"
  }
},
{
  "model": "pp.image",
  "pk": "afba790b-f4ed-41a6-b3dd-1e514851f489",
  "fields": {
    "label": "",
    "tif": "/maintain/while/east/daughter.tif",
    "tif_md5": "8335e42d-7e77-4c83-bb7b-5c85e9eaf2fe"
  }
},
{
  "model": "pp.image",
  "pk": "b0a55192-810b-47cf-ad29-ef679a873951",
  "fields": {
    "label": "",
    "tif": "/hold/against/total/day.tif",
    "tif_md5": "389b3d5b-219d-4389-942f-c5ed70b78b6a"
  }
},
{
  "model": "pp.image",
  "pk": "b1bf8e69-7fbc-440b-ac9f-eb62eb42c0b7",
  "fields": {
    "label": "",
    "tif": "/goal/beyond/serve/behavior.tif",
    "tif_md5": "da446137-a63f-414b-8d74-3a2a9b6376ef"
  }
},
{
  "model": "pp.image",
  "pk": "b31969dc-fb73-422a-a6aa-1df75f77349a",
  "fields": {
    "label": "",
    "tif": "/upon/use/its/pretty.tif",
    "tif_md5": "62f3a7eb-03c6-4518-95c9-b49dfbc933f9"
  }
},
{
  "model": "pp.image",
  "pk": "b40239c0-457b-4416-bace-cbf937926d4a",
  "fields": {
    "label": "",
    "tif": "/threat/tend/animal/four.tif",
    "tif_md5": "15885907-670d-45cc-bf36-00b8ac697e82"
  }
},
{
  "model": "pp.image",
  "pk": "b8cce88f-481e-4679-a855-4111023a6098",
  "fields": {
    "label": "",
    "tif": "/Mr/how/yes/the.tif",
    "tif_md5": "da9a0c95-ac61-4bd1-89f2-ef475a038fad"
  }
},
{
  "model": "pp.image",
  "pk": "bb787024-7e6b-4dff-a861-0fb1a29b1bdd",
  "fields": {
    "label": "",
    "tif": "/manager/western/appear/would.tif",
    "tif_md5": "43ec2a74-a84b-4128-9cd0-731a0a3fedc9"
  }
},
{
  "model": "pp.image",
  "pk": "be3d4eea-157c-4c92-a136-451117171d8a",
  "fields": {
    "label": "",
    "tif": "/number/city/mother/probably.tif",
    "tif_md5": "78babf69-6d5c-4212-80ec-d6a8a5cbd58b"
  }
},
{
  "model": "pp.image",
  "pk": "c004e284-442e-4755-94d4-51d14a0b55c4",
  "fields": {
    "label": "",
    "tif": "/several/paper/similar/skill.tif",
    "tif_md5": "da438c3a-401c-4876-8594-4173a23db9de"
  }
},
{
  "model": "pp.image",
  "pk": "c688b650-96a2-4234-9784-d0b2e089bc52",
  "fields": {
    "label": "",
    "tif": "/great/brother/move/whole.tif",
    "tif_md5": "9a3eabc0-7de6-49d0-81c3-81feb64507b7"
  }
},
{
  "model": "pp.image",
  "pk": "c72cf390-ebcf-4a8d-ad43-5c61b6e40360",
  "fields": {
    "label": "",
    "tif": "/recognize/fast/start/church.tif",
    "tif_md5": "d73b3fd2-397e-43fe-9fcf-873c16417551"
  }
},
{
  "model": "pp.image",
  "pk": "c8727c52-495d-45b3-9064-1794a065113f",
  "fields": {
    "label": "",
    "tif": "/this/reality/across/reduce.tif",
    "tif_md5": "57e407cf-e06e-4906-8b7f-72ec2367640e"
  }
},
{
  "model": "pp.image",
  "pk": "c8af3b0b-e03c-499b-8756-3591c2b4b21d",
  "fields": {
    "label": "",
    "tif": "/ahead/building/important/affect.tif",
    "tif_md5": "bcbe9ead-cb9e-43b1-8f9c-72a42b31ca70"
  }
},
{
  "model": "pp.image",
  "pk": "caa4eb83-de35-498f-bbac-17cd6a213363",
  "fields": {
    "label": "",
    "tif": "/card/drop/century/usually.tif",
    "tif_md5": "efe64590-9552-41d0-bb5e-cd07d55e8220"
  }
},
{
  "model": "pp.image",
  "pk": "cbb71696-b2fe-49ef-bfce-3ae35b20e86a",
  "fields": {
    "label": "",
    "tif": "/day/lead/grow/green.tif",
    "tif_md5": "c6fd90d6-e5ac-4b8d-a0ab-af6166927dca"
  }
},
{
  "model": "pp.image",
  "pk": "cbd0246e-35d8-44c1-b200-18922982f1ed",
  "fields": {
    "label": "",
    "tif": "/after/believe/follow/card.tif",
    "tif_md5": "3bc37c8e-8d01-4967-94c8-38ab8d842a42"
  }
},
{
  "model": "pp.image",
  "pk": "d17c9621-b73a-4fe0-b0c1-b7f7ab8f00da",
  "fields": {
    "label": "",
    "tif": "/vote/line/forget/seven.tif",
    "tif_md5": "c4f8557f-c7ec-4747-9061-63736e3bcf95"
  }
},
{
  "model": "pp.image",
  "pk": "d3df95f1-39a1-405d-9d55-2b5d0aa5bbdd",
  "fields": {
    "label": "",
    "tif": "/grow/age/soldier/bank.tif",
    "tif_md5": "12cdecf1-c7b0-42b2-a412-968f1fb13672"
  }
},
{
  "model": "pp.image",
  "pk": "d3f70524-2724-4752-8811-f62c53a9daf5",
  "fields": {
    "label": "",
    "tif": "/recognize/day/end/environmental.tif",
    "tif_md5": "af35e51a-eb44-4f6a-bd39-bfbb43c737aa"
  }
},
{
  "model": "pp.image",
  "pk": "d5aa0731-fd27-4262-b627-2fd15553e509",
  "fields": {
    "label": "",
    "tif": "/ago/knowledge/grow/with.tif",
    "tif_md5": "b284eecd-e275-4d01-8abd-3ed79d482710"
  }
},
{
  "model": "pp.image",
  "pk": "d5fc97a9-a100-4212-8c4b-672dd2bb4241",
  "fields": {
    "label": "",
    "tif": "/necessary/interview/party/brother.tif",
    "tif_md5": "99a7cb0b-9ec4-47bf-a0a3-b6208ae0618d"
  }
},
{
  "model": "pp.image",
  "pk": "da3cabe6-7144-4289-8b0b-acc026cb5ce1",
  "fields": {
    "label": "",
    "tif": "/or/team/husband/worker.tif",
    "tif_md5": "17be050f-1f9a-4c5b-a3a2-927a7e14eb0d"
  }
},
{
  "model": "pp.image",
  "pk": "dbec8481-38ad-4614-882e-3f85b98e0d5f",
  "fields": {
    "label": "",
    "tif": "/account/term/live/new.tif",
    "tif_md5": "ff5d465c-3e7e-4af8-8845-b99716c7e9f5"
  }
},
{
  "model": "pp.image",
  "pk": "dd4f798d-3378-4790-96e9-9ae2332fb9f3",
  "fields": {
    "label": "",
    "tif": "/smile/evidence/style/I.tif",
    "tif_md5": "9543f6ea-bd05-4bfe-b6a5-343a5ef4d113"
  }
},
{
  "model": "pp.image",
  "pk": "ddafbe19-e123-4b15-88d1-92d6a0ee15f2",
  "fields": {
    "label": "",
    "tif": "/already/risk/also/who.tif",
    "tif_md5": "96dffc13-0a86-4442-b937-6e4a6b70f0ea"
  }
},
{
  "model": "pp.image",
  "pk": "e047bb7b-25e8-48e8-ba51-9aa1703abe01",
  "fields": {
    "label": "",
    "tif": "/great/guy/report/radio.tif",
    "tif_md5": "994f7cd6-81a7-474a-a43a-8cee220ddd47"
  }
},
{
  "model": "pp.image",
  "pk": "e1a0dbf8-d063-4eb4-a732-36c78130eae4",
  "fields": {
    "label": "",
    "tif": "/its/wish/similar/wide.tif",
    "tif_md5": "6913ed11-fa56-4b54-bb2e-7a9d53083273"
  }
},
{
  "model": "pp.image",
  "pk": "e1fd1244-faec-4a92-976a-b178d6c5b010",
  "fields": {
    "label": "",
    "tif": "/financial/indicate/fund/office.tif",
    "tif_md5": "19ca72ec-4263-42f4-b0ba-cc7c28be4980"
  }
},
{
  "model": "pp.image",
  "pk": "e2441f1f-4a43-4453-8ba0-68d961858f81",
  "fields": {
    "label": "",
    "tif": "/early/hot/wall/product.tif",
    "tif_md5": "41e6736b-ae10-47dc-a5f9-3f532bba7e16"
  }
},
{
  "model": "pp.image",
  "pk": "e2799e58-3d48-4936-85d2-6e5c89bbeca4",
  "fields": {
    "label": "",
    "tif": "/attention/American/son/many.tif",
    "tif_md5": "a1c1ba27-233e-4a9f-a15f-28061163d792"
  }
},
{
  "model": "pp.image",
  "pk": "e42d5c5a-ba72-4f0c-a1ef-32f557e429b6",
  "fields": {
    "label": "",
    "tif": "/life/new/point/huge.tif",
    "tif_md5": "03e790e3-2bd1-4b82-8e84-08d01686e6a8"
  }
},
{
  "model": "pp.image",
  "pk": "e448505a-22a6-4de5-a8a8-661ddcd616ba",
  "fields": {
    "label": "",
    "tif": "/executive/when/chance/customer.tif",
    "tif_md5": "ed19c41a-2600-4568-ab60-a3f94ed297e5"
  }
},
{
  "model": "pp.image",
  "pk": "e71252b5-3e4a-4337-8e4d-f3d35689096f",
  "fields": {
    "label": "",
    "tif": "/wall/recently/perform/least.tif",
    "tif_md5": "860beb50-55ac-4be9-9298-149350dba76d"
  }
},
{
  "model": "pp.image",
  "pk": "e88d8ed3-2335-4128-b7ba-df9022477f03",
  "fields": {
    "label": "",
    "tif": "/know/unit/minute/seat.tif",
    "tif_md5": "58db896b-3205-474d-bd6d-37414cfb686d"
  }
},
{
  "model": "pp.image",
  "pk": "ea1cd2cc-7cd2-46bb-944d-f3ba7aee258e",
  "fields": {
    "label": "",
    "tif": "/court/head/school/heart.tif",
    "tif_md5": "1dfd5c35-5ab9-4616-ba3f-257100cd5d37"
  }
},
{
  "model": "pp.image",
  "pk": "eb96dda0-bc61-40a4-bbf0-7a0e4ec5ff30",
  "fields": {
    "label": "",
    "tif": "/want/rest/example/size.tif",
    "tif_md5": "01ae9c0d-87ce-400b-8f80-928ff6b97a50"
  }
},
{
  "model": "pp.image",
  "pk": "eda8e52c-16ff-4fc6-be3f-cead97c8b443",
  "fields": {
    "label": "",
    "tif": "/give/television/thousand/bag.tif",
    "tif_md5": "6f770955-232a-46cb-a3f0-a2f05e0ea158"
  }
},
{
  "model": "pp.image",
  "pk": "ef010393-f566-41e7-9076-1ebb9ddae057",
  "fields": {
    "label": "",
    "tif": "/seem/rest/family/assume.tif",
    "tif_md5": "9f04251c-74a3-457d-8a4c-c361948b7219"
  }
},
{
  "model": "pp.image",
  "pk": "f009726a-64f9-44ed-a1f7-7b9a85ff9e6b",
  "fields": {
    "label": "",
    "tif": "/man/another/week/despite.tif",
    "tif_md5": "94929764-3ab7-4a56-bd7a-f36ddc4c21cf"
  }
},
{
  "model": "pp.image",
  "pk": "f3cf7bd2-09b5-4b17-9303-2d0209c55931",
  "fields": {
    "label": "",
    "tif": "/accept/know/television/skill.tif",
    "tif_md5": "878e3a58-ba28-44e0-a195-a0cb7523b4c2"
  }
},
{
  "model": "pp.image",
  "pk": "f87e8a15-fc3c-46aa-b747-86fa0514068a",
  "fields": {
    "label": "",
    "tif": "/pull/couple/bit/main.tif",
    "tif_md5": "caa23f66-c79d-46fc-a3a2-2b5de24b6acf"
  }
},
{
  "model": "pp.image",
  "pk": "fd07109f-e2f5-4ee2-aa7d-e789d413a29b",
  "fields": {
    "label": "",
    "tif": "/why/month/business/war.tif",
    "tif_md5": "72f685bf-eb5b-4953-863a-d1fa9cb8e833"
  }
},
{
  "model": "pp.spread",
  "pk": "545695fb-1638-4cd8-b54b-eca2a064b244",
  "fields": {
    "label": "",
    "image": "add0efe5-f91a-4773-9a98-ed60ad6153e4",
    "book": "7f011d30-a07e-48a2-bf86-5d90d5eeef50",
    "sequence": 1
  }
},
{
  "model": "pp.spread",
  "pk": "66ed32a8-67c3-4153-8245-38847012b083",
  "fields": {
    "label": "",
    "image": "8a59f2a2-d9bc-4a07-9270-a94414f62fdb",
    "book": "632ac978-1097-4492-8006-44d8ab3ba5ac",
    "sequence": 1
  }
},
{
  "model": "pp.spread",
  "pk": "d5ba3024-67e8-4c55-9d11-07b0974bf040",
  "fields": {
    "label": "",
    "image": "afba790b-f4ed-41a6-b3dd-1e514851f489",
    "book": "632ac978-1097-4492-8006-44d8ab3ba5ac",
    "sequence": 0
  }
},
{
  "model": "pp.spread",
  "pk": "d8d28a21-bb26-4ed7-b89d-368f7e32b142",
  "fields": {
    "label": "",
    "image": "c688b650-96a2-4234-9784-d0b2e089bc52",
    "book": "7f011d30-a07e-48a2-bf86-5d90d5eeef50",
    "sequence": 0
  }
},
{
  "model": "pp.page",
  "pk": "2123a623-fd14-4b54-bada-060d117e5a68",
  "fields": {
    "label": "",
    "image": "f009726a-64f9-44ed-a1f7-7b9a85ff9e6b",
    "spread": "d5ba3024-67e8-4c55-9d11-07b0974bf040",
    "side": "l",
    "x_min": 421,
    "x_max": 250,
    "created_by_run": "3deb2d61-0997-4a0c-861a-e7df8b27e49e"
  }
},
{
  "model": "pp.page",
  "pk": "6847c668-4561-49d1-83d8-ec6a1eae6ceb",
  "fields": {
    "label": "",
    "image": "20d7c0e4-ac6e-466c-9978-336149fcc433",
    "spread": "545695fb-1638-4cd8-b54b-eca2a064b244",
    "side": "l",
    "x_min": 330,
    "x_max": 494,
    "created_by_run": "41ddeb86-e83d-4768-96dd-f2ecfc2f80c5"
  }
},
{
  "model": "pp.page",
  "pk": "79ef1609-6366-4bbc-87df-a11b4edbcb14",
  "fields": {
    "label": "",
    "image": "caa4eb83-de35-498f-bbac-17cd6a213363",
    "spread": "66ed32a8-67c3-4153-8245-38847012b083",
    "side": "r",
    "x_min": 155,
    "x_max": 127,
    "created_by_run": "3deb2d61-0997-4a0c-861a-e7df8b27e49e"
  }
},
{
  "model": "pp.page",
  "pk": "901923b1-103c-4dc6-867d-885cf3e77fa9",
  "fields": {
    "label": "",
    "image": "54f67d60-0881-42ad-8da1-0d953cb93822",
    "spread": "545695fb-1638-4cd8-b54b-eca2a064b244",
    "side": "r",
    "x_min": 160,
    "x_max": 71,
    "created_by_run": "41ddeb86-e83d-4768-96dd-f2ecfc2f80c5"
  }
},
{
  "model": "pp.page",
  "pk": "a1dd2408-b0f0-4f92-9848-47c01ee75842",
  "fields": {
    "label": "",
    "image": "41c8a5bf-942a-41ed-8ad3-5ac63d755957",
    "spread": "66ed32a8-67c3-4153-8245-38847012b083",
    "side": "l",
    "x_min": 379,
    "x_max": 239,
    "created_by_run": "3deb2d61-0997-4a0c-861a-e7df8b27e49e"
  }
},
{
  "model": "pp.page",
  "pk": "c7b58f65-30b6-40cb-bf3c-55d5c90f76cd",
  "fields": {
    "label": "",
    "image": "57837216-e90a-4a1c-9b4d-bd2cd55d7c91",
    "spread": "d5ba3024-67e8-4c55-9d11-07b0974bf040",
    "side": "r",
    "x_min": 484,
    "x_max": 49,
    "created_by_run": "3deb2d61-0997-4a0c-861a-e7df8b27e49e"
  }
},
{
  "model": "pp.page",
  "pk": "c7b5e43e-2789-439d-bf3c-58784a23f896",
  "fields": {
    "label": "",
    "image": "2ee123e2-0dc2-4387-9619-9b185ed7ebc5",
    "spread": "d8d28a21-bb26-4ed7-b89d-368f7e32b142",
    "side": "l",
    "x_min": 127,
    "x_max": 289,
    "created_by_run": "41ddeb86-e83d-4768-96dd-f2ecfc2f80c5"
  }
},
{
  "model": "pp.page",
  "pk": "dc502d10-4324-4f7f-92de-193c6d3eead9",
  "fields": {
    "label": "",
    "image": "181231dc-f7ac-44df-8dd4-87fa0abfeada",
    "spread": "d8d28a21-bb26-4ed7-b89d-368f7e32b142",
    "side": "r",
    "x_min": 161,
    "x_max": 368,
    "created_by_run": "41ddeb86-e83d-4768-96dd-f2ecfc2f80c5"
  }
},
{
  "model": "pp.line",
  "pk": "05a7b16e-f7a4-41aa-bca5-72de25f35c47",
  "fields": {
    "label": "",
    "image": "eda8e52c-16ff-4fc6-be3f-cead97c8b443",
    "page": "2123a623-fd14-4b54-bada-060d117e5a68",
    "sequence": 1,
    "y_min": 267,
    "y_max": 452,
    "created_by_run": "1fad0375-7b4f-4cb8-ba36-ea6db62a8991"
  }
},
{
  "model": "pp.line",
  "pk": "117b7b41-06df-4181-b159-d5ee6de9a426",
  "fields": {
    "label": "",
    "image": "a9dc561f-47b1-4937-9734-1eb4a29772d0",
    "page": "2123a623-fd14-4b54-bada-060d117e5a68",
    "sequence": 2,
    "y_min": 473,
    "y_max": 496,
    "created_by_run": "1fad0375-7b4f-4cb8-ba36-ea6db62a8991"
  }
},
{
  "model": "pp.line",
  "pk": "35bfb914-b605-4edc-bf9c-73be710879ee",
  "fields": {
    "label": "",
    "image": "90a77432-bb7b-4f0b-8a82-12baff4d6cec",
    "page": "79ef1609-6366-4bbc-87df-a11b4edbcb14",
    "sequence": 1,
    "y_min": 278,
    "y_max": 476,
    "created_by_run": "1fad0375-7b4f-4cb8-ba36-ea6db62a8991"
  }
},
{
  "model": "pp.line",
  "pk": "3f55ec25-fc0f-4446-b945-7da7ac5fc61f",
  "fields": {
    "label": "",
    "image": "b40239c0-457b-4416-bace-cbf937926d4a",
    "page": "dc502d10-4324-4f7f-92de-193c6d3eead9",
    "sequence": 1,
    "y_min": 359,
    "y_max": 391,
    "created_by_run": "744a4c52-2335-4711-8d78-306d3d629d84"
  }
},
{
  "model": "pp.line",
  "pk": "4b69af30-3cbe-415f-9224-f12996cfcad2",
  "fields": {
    "label": "",
    "image": "e047bb7b-25e8-48e8-ba51-9aa1703abe01",
    "page": "dc502d10-4324-4f7f-92de-193c6d3eead9",
    "sequence": 0,
    "y_min": 45,
    "y_max": 499,
    "created_by_run": "744a4c52-2335-4711-8d78-306d3d629d84"
  }
},
{
  "model": "pp.line",
  "pk": "5196ebbb-f1df-4b17-97bf-1a0d96ba3151",
  "fields": {
    "label": "",
    "image": "1b484f4f-aaca-4f50-abee-b1f10586276d",
    "page": "a1dd2408-b0f0-4f92-9848-47c01ee75842",
    "sequence": 1,
    "y_min": 342,
    "y_max": 430,
    "created_by_run": "1fad0375-7b4f-4cb8-ba36-ea6db62a8991"
  }
},
{
  "model": "pp.line",
  "pk": "5af7debd-fa2b-4e92-948c-31feaecdbcdc",
  "fields": {
    "label": "",
    "image": "11462a01-0745-4d4c-8edf-ff280f9cdcad",
    "page": "c7b5e43e-2789-439d-bf3c-58784a23f896",
    "sequence": 0,
    "y_min": 338,
    "y_max": 35,
    "created_by_run": "744a4c52-2335-4711-8d78-306d3d629d84"
  }
},
{
  "model": "pp.line",
  "pk": "5d1709ba-a669-4b9e-a377-1ac6f1f5b79d",
  "fields": {
    "label": "",
    "image": "07bb8659-f1c9-4ad7-a4ea-cd5a6b513867",
    "page": "c7b58f65-30b6-40cb-bf3c-55d5c90f76cd",
    "sequence": 2,
    "y_min": 121,
    "y_max": 145,
    "created_by_run": "1fad0375-7b4f-4cb8-ba36-ea6db62a8991"
  }
},
{
  "model": "pp.line",
  "pk": "6b44971b-bcbd-4711-8698-6dfe597b4950",
  "fields": {
    "label": "",
    "image": "ddafbe19-e123-4b15-88d1-92d6a0ee15f2",
    "page": "79ef1609-6366-4bbc-87df-a11b4edbcb14",
    "sequence": 0,
    "y_min": 360,
    "y_max": 176,
    "created_by_run": "1fad0375-7b4f-4cb8-ba36-ea6db62a8991"
  }
},
{
  "model": "pp.line",
  "pk": "741a1003-a1dd-45b6-a26b-a5d8ce3536a9",
  "fields": {
    "label": "",
    "image": "be3d4eea-157c-4c92-a136-451117171d8a",
    "page": "a1dd2408-b0f0-4f92-9848-47c01ee75842",
    "sequence": 0,
    "y_min": 329,
    "y_max": 295,
    "created_by_run": "1fad0375-7b4f-4cb8-ba36-ea6db62a8991"
  }
},
{
  "model": "pp.line",
  "pk": "7bdf05ce-3e83-44a8-b917-a7c889719dbd",
  "fields": {
    "label": "",
    "image": "56478bff-b172-4e80-83f6-ed3be416eb7a",
    "page": "c7b5e43e-2789-439d-bf3c-58784a23f896",
    "sequence": 1,
    "y_min": 320,
    "y_max": 137,
    "created_by_run": "744a4c52-2335-4711-8d78-306d3d629d84"
  }
},
{
  "model": "pp.line",
  "pk": "7d36a825-fe8c-4e57-9efc-e320a198eec5",
  "fields": {
    "label": "",
    "image": "35ad1530-ff70-4d87-bc69-9da3856b136d",
    "page": "c7b58f65-30b6-40cb-bf3c-55d5c90f76cd",
    "sequence": 0,
    "y_min": 446,
    "y_max": 446,
    "created_by_run": "1fad0375-7b4f-4cb8-ba36-ea6db62a8991"
  }
},
{
  "model": "pp.line",
  "pk": "7e3b99e9-8a3d-4865-9176-8bb8b3e006a8",
  "fields": {
    "label": "",
    "image": "225ec639-1cf2-4574-8612-34253a43e286",
    "page": "c7b58f65-30b6-40cb-bf3c-55d5c90f76cd",
    "sequence": 1,
    "y_min": 342,
    "y_max": 152,
    "created_by_run": "1fad0375-7b4f-4cb8-ba36-ea6db62a8991"
  }
},
{
  "model": "pp.line",
  "pk": "8159b7ff-6f61-4be0-8b49-cb57fd774ef8",
  "fields": {
    "label": "",
    "image": "cbd0246e-35d8-44c1-b200-18922982f1ed",
    "page": "a1dd2408-b0f0-4f92-9848-47c01ee75842",
    "sequence": 2,
    "y_min": 181,
    "y_max": 317,
    "created_by_run": "1fad0375-7b4f-4cb8-ba36-ea6db62a8991"
  }
},
{
  "model": "pp.line",
  "pk": "8809aac8-0ac3-4d2c-b0c0-07b583a8e97c",
  "fields": {
    "label": "",
    "image": "eb96dda0-bc61-40a4-bbf0-7a0e4ec5ff30",
    "page": "c7b5e43e-2789-439d-bf3c-58784a23f896",
    "sequence": 2,
    "y_min": 349,
    "y_max": 13,
    "created_by_run": "744a4c52-2335-4711-8d78-306d3d629d84"
  }
},
{
  "model": "pp.line",
  "pk": "8a9c2b46-f22f-4d21-8327-1078fb02dd4f",
  "fields": {
    "label": "",
    "image": "b1bf8e69-7fbc-440b-ac9f-eb62eb42c0b7",
    "page": "2123a623-fd14-4b54-bada-060d117e5a68",
    "sequence": 0,
    "y_min": 258,
    "y_max": 177,
    "created_by_run": "1fad0375-7b4f-4cb8-ba36-ea6db62a8991"
  }
},
{
  "model": "pp.line",
  "pk": "94e81ad3-a79e-43f4-bcc0-1688eb8c44bf",
  "fields": {
    "label": "",
    "image": "c8727c52-495d-45b3-9064-1794a065113f",
    "page": "6847c668-4561-49d1-83d8-ec6a1eae6ceb",
    "sequence": 2,
    "y_min": 11,
    "y_max": 206,
    "created_by_run": "744a4c52-2335-4711-8d78-306d3d629d84"
  }
},
{
  "model": "pp.line",
  "pk": "9cf30b76-1828-4587-a86f-bbf7515657a7",
  "fields": {
    "label": "",
    "image": "bb787024-7e6b-4dff-a861-0fb1a29b1bdd",
    "page": "901923b1-103c-4dc6-867d-885cf3e77fa9",
    "sequence": 2,
    "y_min": 48,
    "y_max": 394,
    "created_by_run": "744a4c52-2335-4711-8d78-306d3d629d84"
  }
},
{
  "model": "pp.line",
  "pk": "d823d4f7-41d3-4e5e-8805-cbe302d01f17",
  "fields": {
    "label": "",
    "image": "7c2e796c-5ee8-45e2-a9d2-983322e7c18b",
    "page": "79ef1609-6366-4bbc-87df-a11b4edbcb14",
    "sequence": 2,
    "y_min": 83,
    "y_max": 116,
    "created_by_run": "1fad0375-7b4f-4cb8-ba36-ea6db62a8991"
  }
},
{
  "model": "pp.line",
  "pk": "e077e5cb-461d-4471-ae31-ca6f9c5ffc92",
  "fields": {
    "label": "",
    "image": "0514846a-78c4-406f-b383-1016f0f36468",
    "page": "901923b1-103c-4dc6-867d-885cf3e77fa9",
    "sequence": 1,
    "y_min": 102,
    "y_max": 433,
    "created_by_run": "744a4c52-2335-4711-8d78-306d3d629d84"
  }
},
{
  "model": "pp.line",
  "pk": "f2970c36-1746-4b1a-8cfe-17d0e52ea92d",
  "fields": {
    "label": "",
    "image": "189c521e-651c-4537-b5db-6599fa59ba27",
    "page": "6847c668-4561-49d1-83d8-ec6a1eae6ceb",
    "sequence": 1,
    "y_min": 438,
    "y_max": 467,
    "created_by_run": "744a4c52-2335-4711-8d78-306d3d629d84"
  }
},
{
  "model": "pp.line",
  "pk": "fa944ef4-a252-4245-9f65-8d6ccf862d94",
  "fields": {
    "label": "",
    "image": "22aa263a-8858-4d27-800d-ff5edd6956f1",
    "page": "901923b1-103c-4dc6-867d-885cf3e77fa9",
    "sequence": 0,
    "y_min": 345,
    "y_max": 280,
    "created_by_run": "744a4c52-2335-4711-8d78-306d3d629d84"
  }
},
{
  "model": "pp.line",
  "pk": "fcc6c6a3-23d0-42f8-9b96-4c2d012360c6",
  "fields": {
    "label": "",
    "image": "dbec8481-38ad-4614-882e-3f85b98e0d5f",
    "page": "dc502d10-4324-4f7f-92de-193c6d3eead9",
    "sequence": 2,
    "y_min": 268,
    "y_max": 243,
    "created_by_run": "744a4c52-2335-4711-8d78-306d3d629d84"
  }
},
{
  "model": "pp.line",
  "pk": "fd0f4ab9-2a53-470c-aa79-b7d790b6f9ee",
  "fields": {
    "label": "",
    "image": "dd4f798d-3378-4790-96e9-9ae2332fb9f3",
    "page": "6847c668-4561-49d1-83d8-ec6a1eae6ceb",
    "sequence": 0,
    "y_min": 311,
    "y_max": 11,
    "created_by_run": "744a4c52-2335-4711-8d78-306d3d629d84"
  }
},
{
  "model": "pp.linegroup",
  "pk": "0f7c4848-82e3-4243-9ed3-52d78eae384e",
  "fields": {
    "label": "",
    "page": "c7b58f65-30b6-40cb-bf3c-55d5c90f76cd",
    "created_by_run": "388054c9-154e-464c-bcc7-ccdeb8aeb026",
    "lines": [
      "5d1709ba-a669-4b9e-a377-1ac6f1f5b79d"
    ]
  }
},
{
  "model": "pp.linegroup",
  "pk": "2464225c-ae3a-4f1e-96bd-411e2a6c220b",
  "fields": {
    "label": "",
    "page": "a1dd2408-b0f0-4f92-9848-47c01ee75842",
    "created_by_run": "388054c9-154e-464c-bcc7-ccdeb8aeb026",
    "lines": [
      "741a1003-a1dd-45b6-a26b-a5d8ce3536a9"
    ]
  }
},
{
  "model": "pp.linegroup",
  "pk": "47f46d69-a144-4144-b37e-0df3ddf263a2",
  "fields": {
    "label": "",
    "page": "901923b1-103c-4dc6-867d-885cf3e77fa9",
    "created_by_run": "db27c40d-2e1a-48ff-a157-d3adfb5640d0",
    "lines": [
      "fa944ef4-a252-4245-9f65-8d6ccf862d94"
    ]
  }
},
{
  "model": "pp.linegroup",
  "pk": "4999db6f-82c4-444d-b807-eff2303fc249",
  "fields": {
    "label": "",
    "page": "2123a623-fd14-4b54-bada-060d117e5a68",
    "created_by_run": "388054c9-154e-464c-bcc7-ccdeb8aeb026",
    "lines": [
      "05a7b16e-f7a4-41aa-bca5-72de25f35c47"
    ]
  }
},
{
  "model": "pp.linegroup",
  "pk": "4f61b1c6-f724-43dd-94ea-0aafdf744efb",
  "fields": {
    "label": "",
    "page": "c7b5e43e-2789-439d-bf3c-58784a23f896",
    "created_by_run": "db27c40d-2e1a-48ff-a157-d3adfb5640d0",
    "lines": [
      "7bdf05ce-3e83-44a8-b917-a7c889719dbd"
    ]
  }
},
{
  "model": "pp.linegroup",
  "pk": "55e5a4c1-e3f1-4fbf-bad6-d2b5e1523879",
  "fields": {
    "label": "",
    "page": "901923b1-103c-4dc6-867d-885cf3e77fa9",
    "created_by_run": "db27c40d-2e1a-48ff-a157-d3adfb5640d0",
    "lines": [
      "9cf30b76-1828-4587-a86f-bbf7515657a7"
    ]
  }
},
{
  "model": "pp.linegroup",
  "pk": "66a224d5-061e-4bf0-a2ad-a84fce588f94",
  "fields": {
    "label": "",
    "page": "a1dd2408-b0f0-4f92-9848-47c01ee75842",
    "created_by_run": "388054c9-154e-464c-bcc7-ccdeb8aeb026",
    "lines": [
      "5196ebbb-f1df-4b17-97bf-1a0d96ba3151"
    ]
  }
},
{
  "model": "pp.linegroup",
  "pk": "8f846125-c57f-4f93-8635-8e9c45b9528f",
  "fields": {
    "label": "",
    "page": "79ef1609-6366-4bbc-87df-a11b4edbcb14",
    "created_by_run": "388054c9-154e-464c-bcc7-ccdeb8aeb026",
    "lines": [
      "6b44971b-bcbd-4711-8698-6dfe597b4950"
    ]
  }
},
{
  "model": "pp.linegroup",
  "pk": "9051f185-cb3d-4343-ac39-146840aca251",
  "fields": {
    "label": "",
    "page": "c7b58f65-30b6-40cb-bf3c-55d5c90f76cd",
    "created_by_run": "388054c9-154e-464c-bcc7-ccdeb8aeb026",
    "lines": [
      "7e3b99e9-8a3d-4865-9176-8bb8b3e006a8"
    ]
  }
},
{
  "model": "pp.linegroup",
  "pk": "9d94f224-999a-4a74-8e16-9bd6c8661b1c",
  "fields": {
    "label": "",
    "page": "2123a623-fd14-4b54-bada-060d117e5a68",
    "created_by_run": "388054c9-154e-464c-bcc7-ccdeb8aeb026",
    "lines": [
      "117b7b41-06df-4181-b159-d5ee6de9a426"
    ]
  }
},
{
  "model": "pp.linegroup",
  "pk": "a69f6f7c-841c-416b-8edd-2c1805612dfa",
  "fields": {
    "label": "",
    "page": "79ef1609-6366-4bbc-87df-a11b4edbcb14",
    "created_by_run": "388054c9-154e-464c-bcc7-ccdeb8aeb026",
    "lines": [
      "d823d4f7-41d3-4e5e-8805-cbe302d01f17"
    ]
  }
},
{
  "model": "pp.linegroup",
  "pk": "ca498eac-4026-405f-a585-7208b18cac00",
  "fields": {
    "label": "",
    "page": "dc502d10-4324-4f7f-92de-193c6d3eead9",
    "created_by_run": "db27c40d-2e1a-48ff-a157-d3adfb5640d0",
    "lines": [
      "4b69af30-3cbe-415f-9224-f12996cfcad2"
    ]
  }
},
{
  "model": "pp.linegroup",
  "pk": "d7b7bf12-36c8-44b4-9e94-6d42fe2f16f6",
  "fields": {
    "label": "",
    "page": "c7b5e43e-2789-439d-bf3c-58784a23f896",
    "created_by_run": "db27c40d-2e1a-48ff-a157-d3adfb5640d0",
    "lines": [
      "7bdf05ce-3e83-44a8-b917-a7c889719dbd"
    ]
  }
},
{
  "model": "pp.linegroup",
  "pk": "ed33c904-505f-41e8-85a1-2bcb20c5c2f2",
  "fields": {
    "label": "",
    "page": "6847c668-4561-49d1-83d8-ec6a1eae6ceb",
    "created_by_run": "db27c40d-2e1a-48ff-a157-d3adfb5640d0",
    "lines": [
      "94e81ad3-a79e-43f4-bcc0-1688eb8c44bf"
    ]
  }
},
{
  "model": "pp.linegroup",
  "pk": "f89bd2fe-6a25-464d-83d4-02fc7e08c7e8",
  "fields": {
    "label": "",
    "page": "dc502d10-4324-4f7f-92de-193c6d3eead9",
    "created_by_run": "db27c40d-2e1a-48ff-a157-d3adfb5640d0",
    "lines": [
      "4b69af30-3cbe-415f-9224-f12996cfcad2"
    ]
  }
},
{
  "model": "pp.linegroup",
  "pk": "fff7246d-a9ad-47c7-9534-cd3e13301517",
  "fields": {
    "label": "",
    "page": "6847c668-4561-49d1-83d8-ec6a1eae6ceb",
    "created_by_run": "db27c40d-2e1a-48ff-a157-d3adfb5640d0",
    "lines": [
      "94e81ad3-a79e-43f4-bcc0-1688eb8c44bf"
    ]
  }
},
{
  "model": "pp.characterclass",
  "pk": "a",
  "fields": {}
},
{
  "model": "pp.characterclass",
  "pk": "b",
  "fields": {}
},
{
  "model": "pp.characterclass",
  "pk": "c",
  "fields": {}
},
{
  "model": "pp.character",
  "pk": "053fbea7-fc7e-49ac-85e9-ea7077e528c2",
  "fields": {
    "label": "",
    "data": "08b254ba87b445a18e12419962ede239",
    "line": "5af7debd-fa2b-4e92-948c-31feaecdbcdc",
    "sequence": 0,
    "x_min": 404,
    "x_max": 77,
    "character_class": "b",
    "human_character_class": null,
    "class_probability": 0.666340737438025,
    "created_by_run": "1fb3823b-0dda-413b-b1ea-c8eb9b4950c8",
    "exposure": 0,
    "offset": 0
  }
},
{
  "model": "pp.character",
  "pk": "0d3c6678-89df-4e0e-bfe3-ef5ff607a84b",
  "fields": {
    "label": "",
    "data": "c72cf390ebcf4a8dad435c61b6e40360",
    "line": "7bdf05ce-3e83-44a8-b917-a7c889719dbd",
    "sequence": 0,
    "x_min": 485,
    "x_max": 493,
    "character_class": "b",
    "human_character_class": null,
    "class_probability": 0.111789429323803,
    "created_by_run": "1fb3823b-0dda-413b-b1ea-c8eb9b4950c8",
    "exposure": 0,
    "offset": 0
  }
},
{
  "model": "pp.character",
  "pk": "1017dc2c-f239-4575-835d-81fc0a297160",
  "fields": {
    "label": "",
    "data": "93df01a47e56447294b50e47784a448d",
    "line": "94e81ad3-a79e-43f4-bcc0-1688eb8c44bf",
    "sequence": 0,
    "x_min": 344,
    "x_max": 480,
    "character_class": "b",
    "human_character_class": null,
    "class_probability": 0.546007623331756,
    "created_by_run": "1fb3823b-0dda-413b-b1ea-c8eb9b4950c8",
    "exposure": 0,
    "offset": 0
  }
},
{
  "model": "pp.character",
  "pk": "16093440-82bd-44a7-89f6-67282fe421d7",
  "fields": {
    "label": "",
    "data": "400ac8e5ea2040a5b25f1e9cf8bb1e00",
    "line": "f2970c36-1746-4b1a-8cfe-17d0e52ea92d",
    "sequence": 0,
    "x_min": 384,
    "x_max": 130,
    "character_class": "b",
    "human_character_class": null,
    "class_probability": 0.802866646560338,
    "created_by_run": "36baaed7-d29b-4271-a4bc-d12e26d0289c",
    "exposure": 0,
    "offset": 0
  }
},
{
  "model": "pp.character",
  "pk": "178e22fb-1dcd-4833-a2a0-e875179ee2a4",
  "fields": {
    "label": "",
    "data": "6fdf87cc24dc446c9945ab1b284718ee",
    "line": "741a1003-a1dd-45b6-a26b-a5d8ce3536a9",
    "sequence": 0,
    "x_min": 216,
    "x_max": 18,
    "character_class": "b",
    "human_character_class": null,
    "class_probability": 0.145871761735573,
    "created_by_run": "1fb3823b-0dda-413b-b1ea-c8eb9b4950c8",
    "exposure": 0,
    "offset": 0
  }
},
{
  "model": "pp.character",
  "pk": "1f40de82-9d0c-4247-abd1-d49709a5faf0",
  "fields": {
    "label": "",
    "data": "ad99300deaa449bba1d7947c6f5acd1f",
    "line": "7e3b99e9-8a3d-4865-9176-8bb8b3e006a8",
    "sequence": 0,
    "x_min": 332,
    "x_max": 232,
    "character_class": "b",
    "human_character_class": null,
    "class_probability": 0.173917160222498,
    "created_by_run": "1fb3823b-0dda-413b-b1ea-c8eb9b4950c8",
    "exposure": 0,
    "offset": 0
  }
},
{
  "model": "pp.character",
  "pk": "212a795b-3591-4341-9444-26983c9d844a",
  "fields": {
    "label": "",
    "data": "1cd2fc972fce4839b054af79978926d3",
    "line": "5196ebbb-f1df-4b17-97bf-1a0d96ba3151",
    "sequence": 1,
    "x_min": 131,
    "x_max": 166,
    "character_class": "c",
    "human_character_class": null,
    "class_probability": 0.842633104967838,
    "created_by_run": "1fb3823b-0dda-413b-b1ea-c8eb9b4950c8",
    "exposure": 0,
    "offset": 0
  }
},
{
  "model": "pp.character",
  "pk": "271fc5c8-5883-4066-938d-cc01ab22565d",
  "fields": {
    "label": "",
    "data": "b8cce88f481e4679a8554111023a6098",
    "line": "7bdf05ce-3e83-44a8-b917-a7c889719dbd",
    "sequence": 1,
    "x_min": 68,
    "x_max": 283,
    "character_class": "c",
    "human_character_class": null,
    "class_probability": 0.216804598919336,
    "created_by_run": "1fb3823b-0dda-413b-b1ea-c8eb9b4950c8",
    "exposure": 0,
    "offset": 0
  }
},
{
  "model": "pp.character",
  "pk": "2795c285-3179-4b15-8817-8c9416f9972d",
  "fields": {
    "label": " c. 1",
    "data": "d5aa0731fd274262b6272fd15553e509",
    "line": "8a9c2b46-f22f-4d21-8327-1078fb02dd4f",
    "sequence": 1,
    "x_min": 115,
    "x_max": 301,
    "character_class": "a",
    "human_character_class": "a",
    "class_probability": 0.0295541786733625,
    "created_by_run": "1fb3823b-0dda-413b-b1ea-c8eb9b4950c8",
    "exposure": 0,
    "offset": 0
  }
},
{
  "model": "pp.character",
  "pk": "3696ce0b-bfdd-45a5-b67d-a912616d8b8f",
  "fields": {
    "label": "",
    "data": "5242a6dca80f4f3cbe87399ee6e49f14",
    "line": "6b44971b-bcbd-4711-8698-6dfe597b4950",
    "sequence": 1,
    "x_min": 17,
    "x_max": 142,
    "character_class": "a",
    "human_character_class": "b",
    "class_probability": 0.550627138396195,
    "created_by_run": "1fb3823b-0dda-413b-b1ea-c8eb9b4950c8",
    "exposure": 0,
    "offset": 0
  }
},
{
  "model": "pp.character",
  "pk": "3b8947cd-c2ab-4095-9810-4b023342995c",
  "fields": {
    "label": "",
    "data": "b0a55192810b47cfad29ef679a873951",
    "line": "4b69af30-3cbe-415f-9224-f12996cfcad2",
    "sequence": 1,
    "x_min": 50,
    "x_max": 429,
    "character_class": "b",
    "human_character_class": null,
    "class_probability": 0.157461681141933,
    "created_by_run": "1fb3823b-0dda-413b-b1ea-c8eb9b4950c8",
    "exposure": 0,
    "offset": 0
  }
},
{
  "model": "pp.character",
  "pk": "3ecfbfce-8c53-45bb-a5c2-f076e6720773",
  "fields": {
    "label": "",
    "data": "891e87582b1042c8bcece94e9b2857f5",
    "line": "6b44971b-bcbd-4711-8698-6dfe597b4950",
    "sequence": 0,
    "x_min": 296,
    "x_max": 282,
    "character_class": "c",
    "human_character_class": null,
    "class_probability": 0.615421365769905,
    "created_by_run": "1fb3823b-0dda-413b-b1ea-c8eb9b4950c8",
    "exposure": 0,
    "offset": 0
  }
},
{
  "model": "pp.character",
  "pk": "3f59382d-f22f-4932-b237-1464ab40a29a",
  "fields": {
    "label": "",
    "data": "33875e309d8a44d88939819d25f212da",
    "line": "7bdf05ce-3e83-44a8-b917-a7c889719dbd",
    "sequence": 1,
    "x_min": 68,
    "x_max": 467,
    "character_class": "b",
    "human_character_class": null,
    "class_probability": 0.686354520128766,
    "created_by_run": "36baaed7-d29b-4271-a4bc-d12e26d0289c",
    "exposure": 0,
    "offset": 0
  }
},
{
  "model": "pp.character",
  "pk": "4196c905-4236-41d5-a8be-ec1ac500b6b5",
  "fields": {
    "label": "",
    "data": "cbb71696b2fe49efbfce3ae35b20e86a",
    "line": "9cf30b76-1828-4587-a86f-bbf7515657a7",
    "sequence": 0,
    "x_min": 467,
    "x_max": 186,
    "character_class": "c",
    "human_character_class": null,
    "class_probability": 0.870492189504647,
    "created_by_run": "36baaed7-d29b-4271-a4bc-d12e26d0289c",
    "exposure": 0,
    "offset": 0
  }
},
{
  "model": "pp.character",
  "pk": "464a4756-f3bb-4952-9879-bf7c83554844",
  "fields": {
    "label": "",
    "data": "e2799e583d48493685d26e5c89bbeca4",
    "line": "7bdf05ce-3e83-44a8-b917-a7c889719dbd",
    "sequence": 0,
    "x_min": 259,
    "x_max": 40,
    "character_class": "a",
    "human_character_class": null,
    "class_probability": 0.987681884975753,
    "created_by_run": "36baaed7-d29b-4271-a4bc-d12e26d0289c",
    "exposure": 0,
    "offset": 0
  }
},
{
  "model": "pp.character",
  "pk": "49d9d5e5-e91e-40b0-bc76-ebc57e7f0d5f",
  "fields": {
    "label": "",
    "data": "83b8341e3f214dc6b1f998b92fd7deca",
    "line": "7d36a825-fe8c-4e57-9efc-e320a198eec5",
    "sequence": 0,
    "x_min": 269,
    "x_max": 300,
    "character_class": "a",
    "human_character_class": null,
    "class_probability": 0.577222371839628,
    "created_by_run": "1fb3823b-0dda-413b-b1ea-c8eb9b4950c8",
    "exposure": 0,
    "offset": 0
  }
},
{
  "model": "pp.character",
  "pk": "4cd0a368-d120-4d32-b7f4-4b7dddbaef8f",
  "fields": {
    "label": "",
    "data": "afa231496a2f444082bcd0a48ea6e800",
    "line": "f2970c36-1746-4b1a-8cfe-17d0e52ea92d",
    "sequence": 1,
    "x_min": 196,
    "x_max": 417,
    "character_class": "a",
    "human_character_class": null,
    "class_probability": 0.0890081740400398,
    "created_by_run": "1fb3823b-0dda-413b-b1ea-c8eb9b4950c8",
    "exposure": 0,
    "offset": 0
  }
},
{
  "model": "pp.character",
  "pk": "4f1492e4-c57b-405f-a06c-a5aaf31510d8",
  "fields": {
    "label": "",
    "data": "331b19f927a54245a84f012bc9a7dcbf",
    "line": "5af7debd-fa2b-4e92-948c-31feaecdbcdc",
    "sequence": 1,
    "x_min": 8,
    "x_max": 395,
    "character_class": "a",
    "human_character_class": null,
    "class_probability": 0.38656168066942,
    "created_by_run": "36baaed7-d29b-4271-a4bc-d12e26d0289c",
    "exposure": 0,
    "offset": 0
  }
},
{
  "model": "pp.character",
  "pk": "531e1999-f3c6-48ef-9088-6a355a7ae81a",
  "fields": {
    "label": "",
    "data": "c004e284442e475594d451d14a0b55c4",
    "line": "fcc6c6a3-23d0-42f8-9b96-4c2d012360c6",
    "sequence": 0,
    "x_min": 101,
    "x_max": 126,
    "character_class": "c",
    "human_character_class": null,
    "class_probability": 0.435655676072382,
    "created_by_run": "36baaed7-d29b-4271-a4bc-d12e26d0289c",
    "exposure": 0,
    "offset": 0
  }
},
{
  "model": "pp.character",
  "pk": "60631827-b606-475e-8544-e17293d1b594",
  "fields": {
    "label": "",
    "data": "17071b62e72e488ba88d6539ca0dcf35",
    "line": "fcc6c6a3-23d0-42f8-9b96-4c2d012360c6",
    "sequence": 1,
    "x_min": 116,
    "x_max": 455,
    "character_class": "b",
    "human_character_class": null,
    "class_probability": 0.528313938002359,
    "created_by_run": "36baaed7-d29b-4271-a4bc-d12e26d0289c",
    "exposure": 0,
    "offset": 0
  }
},
{
  "model": "pp.character",
  "pk": "6224fc6d-3f32-49b4-b2d6-69fc47d2db45",
  "fields": {
    "label": "",
    "data": "d3df95f139a1405d9d552b5d0aa5bbdd",
    "line": "8159b7ff-6f61-4be0-8b49-cb57fd774ef8",
    "sequence": 1,
    "x_min": 271,
    "x_max": 77,
    "character_class": "a",
    "human_character_class": null,
    "class_probability": 0.218390693751738,
    "created_by_run": "1fb3823b-0dda-413b-b1ea-c8eb9b4950c8",
    "exposure": 0,
    "offset": 0
  }
},
{
  "model": "pp.character",
  "pk": "6519d749-1541-4b40-87ea-501d09e3aaf5",
  "fields": {
    "label": "",
    "data": "4db1d91d301143cbbf52806927d4683e",
    "line": "8809aac8-0ac3-4d2c-b0c0-07b583a8e97c",
    "sequence": 0,
    "x_min": 246,
    "x_max": 392,
    "character_class": "a",
    "human_character_class": null,
    "class_probability": 0.499156768682294,
    "created_by_run": "36baaed7-d29b-4271-a4bc-d12e26d0289c",
    "exposure": 0,
    "offset": 0
  }
},
{
  "model": "pp.character",
  "pk": "6b519bd7-2f8d-4d5e-b7e2-79ee5c85d2d6",
  "fields": {
    "label": "",
    "data": "a0d906e279e04f24960fcd214c9c660f",
    "line": "05a7b16e-f7a4-41aa-bca5-72de25f35c47",
    "sequence": 1,
    "x_min": 112,
    "x_max": 437,
    "character_class": "c",
    "human_character_class": null,
    "class_probability": 0.776905838169471,
    "created_by_run": "1fb3823b-0dda-413b-b1ea-c8eb9b4950c8",
    "exposure": 0,
    "offset": 0
  }
},
{
  "model": "pp.character",
  "pk": "6c931287-7104-4fa5-977b-019931960f7c",
  "fields": {
    "label": "",
    "data": "36b022a29cc44afb9891d95fc64bfbd2",
    "line": "d823d4f7-41d3-4e5e-8805-cbe302d01f17",
    "sequence": 1,
    "x_min": 180,
    "x_max": 404,
    "character_class": "b",
    "human_character_class": null,
    "class_probability": 0.861902707449341,
    "created_by_run": "1fb3823b-0dda-413b-b1ea-c8eb9b4950c8",
    "exposure": 0,
    "offset": 0
  }
},
{
  "model": "pp.character",
  "pk": "70622f4d-c957-49f1-a44f-799b8eed2443",
  "fields": {
    "label": "",
    "data": "9c92c21f20d84597b556f92ff63a191d",
    "line": "fa944ef4-a252-4245-9f65-8d6ccf862d94",
    "sequence": 1,
    "x_min": 297,
    "x_max": 192,
    "character_class": "b",
    "human_character_class": null,
    "class_probability": 0.00997842298469709,
    "created_by_run": "36baaed7-d29b-4271-a4bc-d12e26d0289c",
    "exposure": 0,
    "offset": 0
  }
},
{
  "model": "pp.character",
  "pk": "70b81295-7ddd-4877-aeb1-fc9ed4140df2",
  "fields": {
    "label": "",
    "data": "1e5dd9b82e8846a3b3f932bc6e8ec6fd",
    "line": "8809aac8-0ac3-4d2c-b0c0-07b583a8e97c",
    "sequence": 1,
    "x_min": 457,
    "x_max": 202,
    "character_class": "c",
    "human_character_class": null,
    "class_probability": 0.533996396164125,
    "created_by_run": "1fb3823b-0dda-413b-b1ea-c8eb9b4950c8",
    "exposure": 0,
    "offset": 0
  }
},
{
  "model": "pp.character",
  "pk": "721742fb-085c-417e-a9b4-cb460de79728",
  "fields": {
    "label": "",
    "data": "0a2df8a858974c3095ba2999d1b302fe",
    "line": "e077e5cb-461d-4471-ae31-ca6f9c5ffc92",
    "sequence": 1,
    "x_min": 261,
    "x_max": 167,
    "character_class": "a",
    "human_character_class": null,
    "class_probability": 0.0248303449052402,
    "created_by_run": "1fb3823b-0dda-413b-b1ea-c8eb9b4950c8",
    "exposure": 0,
    "offset": 0
  }
},
{
  "model": "pp.character",
  "pk": "72b11b11-1aa8-4059-bbc9-715f36b7d9bd",
  "fields": {
    "label": "",
    "data": "da3cabe6714442898b0bacc026cb5ce1",
    "line": "f2970c36-1746-4b1a-8cfe-17d0e52ea92d",
    "sequence": 1,
    "x_min": 337,
    "x_max": 49,
    "character_class": "b",
    "human_character_class": null,
    "class_probability": 0.957197530326643,
    "created_by_run": "36baaed7-d29b-4271-a4bc-d12e26d0289c",
    "exposure": 0,
    "offset": 0
  }
},
{
  "model": "pp.character",
  "pk": "733aedcf-4e5c-4867-bfa2-cc1f0d2db74f",
  "fields": {
    "label": "",
    "data": "82923003b14d4102b86191a9b26ea8c0",
    "line": "8809aac8-0ac3-4d2c-b0c0-07b583a8e97c",
    "sequence": 0,
    "x_min": 292,
    "x_max": 305,
    "character_class": "a",
    "human_character_class": null,
    "class_probability": 0.789411677849571,
    "created_by_run": "1fb3823b-0dda-413b-b1ea-c8eb9b4950c8",
    "exposure": 0,
    "offset": 0
  }
},
{
  "model": "pp.character",
  "pk": "75d29705-ef80-40e0-b275-0f3a0819508a",
  "fields": {
    "label": "",
    "data": "044b10ec61fc438f80c9678e79c31169",
    "line": "5d1709ba-a669-4b9e-a377-1ac6f1f5b79d",
    "sequence": 0,
    "x_min": 38,
    "x_max": 482,
    "character_class": "c",
    "human_character_class": null,
    "class_probability": 0.932038068865182,
    "created_by_run": "1fb3823b-0dda-413b-b1ea-c8eb9b4950c8",
    "exposure": 0,
    "offset": 0
  }
},
{
  "model": "pp.character",
  "pk": "7c18eafd-7573-48ce-94db-1353f4e888e9",
  "fields": {
    "label": "",
    "data": "e2441f1f4a4344538ba068d961858f81",
    "line": "f2970c36-1746-4b1a-8cfe-17d0e52ea92d",
    "sequence": 0,
    "x_min": 440,
    "x_max": 341,
    "character_class": "c",
    "human_character_class": null,
    "class_probability": 0.79121812566658,
    "created_by_run": "1fb3823b-0dda-413b-b1ea-c8eb9b4950c8",
    "exposure": 0,
    "offset": 0
  }
},
{
  "model": "pp.character",
  "pk": "7ec22b26-c272-4e53-8ea6-95e9d6fbf2c1",
  "fields": {
    "label": "",
    "data": "92abc7037c184734ad3d38ef4896ada1",
    "line": "d823d4f7-41d3-4e5e-8805-cbe302d01f17",
    "sequence": 0,
    "x_min": 264,
    "x_max": 6,
    "character_class": "a",
    "human_character_class": null,
    "class_probability": 0.454953853072034,
    "created_by_run": "1fb3823b-0dda-413b-b1ea-c8eb9b4950c8",
    "exposure": 0,
    "offset": 0
  }
},
{
  "model": "pp.character",
  "pk": "86383177-79d6-4f64-ba3b-c271b9c27599",
  "fields": {
    "label": "",
    "data": "4b814fd7551541a2bed98ca4dc8be4cf",
    "line": "fd0f4ab9-2a53-470c-aa79-b7d790b6f9ee",
    "sequence": 1,
    "x_min": 176,
    "x_max": 0,
    "character_class": "a",
    "human_character_class": null,
    "class_probability": 0.632083641200516,
    "created_by_run": "1fb3823b-0dda-413b-b1ea-c8eb9b4950c8",
    "exposure": 0,
    "offset": 0
  }
},
{
  "model": "pp.character",
  "pk": "86f6a4aa-3d0c-4278-a471-fcaa0db6d44d",
  "fields": {
    "label": "",
    "data": "e1a0dbf8d0634eb4a73236c78130eae4",
    "line": "94e81ad3-a79e-43f4-bcc0-1688eb8c44bf",
    "sequence": 0,
    "x_min": 215,
    "x_max": 168,
    "character_class": "b",
    "human_character_class": null,
    "class_probability": 0.69708310229317,
    "created_by_run": "36baaed7-d29b-4271-a4bc-d12e26d0289c",
    "exposure": 0,
    "offset": 0
  }
},
{
  "model": "pp.character",
  "pk": "8769db01-f8e3-4e0b-a16c-afdc919cdb66",
  "fields": {
    "label": "",
    "data": "62a589ec9a294c03aa4505414d90db2a",
    "line": "9cf30b76-1828-4587-a86f-bbf7515657a7",
    "sequence": 1,
    "x_min": 173,
    "x_max": 486,
    "character_class": "c",
    "human_character_class": null,
    "class_probability": 0.839019017505558,
    "created_by_run": "1fb3823b-0dda-413b-b1ea-c8eb9b4950c8",
    "exposure": 0,
    "offset": 0
  }
},
{
  "model": "pp.character",
  "pk": "8ca40f6d-cf0c-4aff-b681-fbeb486f205b",
  "fields": {
    "label": "",
    "data": "355ed839b82b482282bf00a627f4baef",
    "line": "5196ebbb-f1df-4b17-97bf-1a0d96ba3151",
    "sequence": 0,
    "x_min": 384,
    "x_max": 390,
    "character_class": "c",
    "human_character_class": null,
    "class_probability": 0.155543142415575,
    "created_by_run": "1fb3823b-0dda-413b-b1ea-c8eb9b4950c8",
    "exposure": 0,
    "offset": 0
  }
},
{
  "model": "pp.character",
  "pk": "8fc016dc-0961-4fd9-a46a-42a2f6987f47",
  "fields": {
    "label": "",
    "data": "e88d8ed323354128b7badf9022477f03",
    "line": "7d36a825-fe8c-4e57-9efc-e320a198eec5",
    "sequence": 1,
    "x_min": 5,
    "x_max": 473,
    "character_class": "a",
    "human_character_class": null,
    "class_probability": 0.106274609112646,
    "created_by_run": "1fb3823b-0dda-413b-b1ea-c8eb9b4950c8",
    "exposure": 0,
    "offset": 0
  }
},
{
  "model": "pp.character",
  "pk": "92ce19db-8d04-4ddd-b224-03a6f3abc1ee",
  "fields": {
    "label": "",
    "data": "94261923c0c84cf69c66b42d5b81d694",
    "line": "9cf30b76-1828-4587-a86f-bbf7515657a7",
    "sequence": 0,
    "x_min": 141,
    "x_max": 223,
    "character_class": "c",
    "human_character_class": null,
    "class_probability": 0.0284665754120901,
    "created_by_run": "1fb3823b-0dda-413b-b1ea-c8eb9b4950c8",
    "exposure": 0,
    "offset": 0
  }
},
{
  "model": "pp.character",
  "pk": "92efeaf9-e7b7-4d49-9756-316be9239736",
  "fields": {
    "label": "",
    "data": "995086d13a8e4ba1809a6c8a21bcde30",
    "line": "741a1003-a1dd-45b6-a26b-a5d8ce3536a9",
    "sequence": 1,
    "x_min": 306,
    "x_max": 159,
    "character_class": "b",
    "human_character_class": null,
    "class_probability": 0.338124702741421,
    "created_by_run": "1fb3823b-0dda-413b-b1ea-c8eb9b4950c8",
    "exposure": 0,
    "offset": 0
  }
},
{
  "model": "pp.character",
  "pk": "930ee63a-0d14-4bf4-af31-793f03e5baa4",
  "fields": {
    "label": "",
    "data": "e42d5c5aba724f0ca1ef32f557e429b6",
    "line": "fd0f4ab9-2a53-470c-aa79-b7d790b6f9ee",
    "sequence": 0,
    "x_min": 78,
    "x_max": 463,
    "character_class": "b",
    "human_character_class": null,
    "class_probability": 0.819803510036406,
    "created_by_run": "36baaed7-d29b-4271-a4bc-d12e26d0289c",
    "exposure": 0,
    "offset": 0
  }
},
{
  "model": "pp.character",
  "pk": "935e3eb7-42c9-4a86-a89b-ee0a169912be",
  "fields": {
    "label": "",
    "data": "ef010393f56641e790761ebb9ddae057",
    "line": "fa944ef4-a252-4245-9f65-8d6ccf862d94",
    "sequence": 0,
    "x_min": 143,
    "x_max": 100,
    "character_class": "a",
    "human_character_class": null,
    "class_probability": 0.813504634722546,
    "created_by_run": "1fb3823b-0dda-413b-b1ea-c8eb9b4950c8",
    "exposure": 0,
    "offset": 0
  }
},
{
  "model": "pp.character",
  "pk": "942ef5d2-e562-424c-b94d-65850e3bf225",
  "fields": {
    "label": "",
    "data": "fd07109fe2f54ee2aa7de789d413a29b",
    "line": "5af7debd-fa2b-4e92-948c-31feaecdbcdc",
    "sequence": 1,
    "x_min": 281,
    "x_max": 483,
    "character_class": "b",
    "human_character_class": null,
    "class_probability": 0.2934566077266,
    "created_by_run": "1fb3823b-0dda-413b-b1ea-c8eb9b4950c8",
    "exposure": 0,
    "offset": 0
  }
},
{
  "model": "pp.character",
  "pk": "949b1fbc-0b56-441c-aadd-0db18f0f1f1d",
  "fields": {
    "label": "",
    "data": "d3f70524272447528811f62c53a9daf5",
    "line": "5af7debd-fa2b-4e92-948c-31feaecdbcdc",
    "sequence": 0,
    "x_min": 110,
    "x_max": 234,
    "character_class": "b",
    "human_character_class": null,
    "class_probability": 0.232237068531142,
    "created_by_run": "36baaed7-d29b-4271-a4bc-d12e26d0289c",
    "exposure": 0,
    "offset": 0
  }
},
{
  "model": "pp.character",
  "pk": "a5bf0a11-96c9-456c-863d-06a7f7a314f1",
  "fields": {
    "label": "",
    "data": "e448505a22a64de5a8a8661ddcd616ba",
    "line": "94e81ad3-a79e-43f4-bcc0-1688eb8c44bf",
    "sequence": 1,
    "x_min": 277,
    "x_max": 50,
    "character_class": "c",
    "human_character_class": null,
    "class_probability": 0.217360289978795,
    "created_by_run": "36baaed7-d29b-4271-a4bc-d12e26d0289c",
    "exposure": 0,
    "offset": 0
  }
},
{
  "model": "pp.character",
  "pk": "a73369d0-5f37-48f7-86e9-c89751122765",
  "fields": {
    "label": " c. 0",
    "data": "d5fc97a9a10042128c4b672dd2bb4241",
    "line": "117b7b41-06df-4181-b159-d5ee6de9a426",
    "sequence": 0,
    "x_min": 424,
    "x_max": 270,
    "character_class": "a",
    "human_character_class": "a",
    "class_probability": 0.411377810197505,
    "created_by_run": "1fb3823b-0dda-413b-b1ea-c8eb9b4950c8",
    "exposure": 0,
    "offset": 0
  }
},
{
  "model": "pp.character",
  "pk": "ab4414b8-8121-4b92-9526-351bc0e962d7",
  "fields": {
    "label": "",
    "data": "889582b02e8c430ab24c507422f9b19b",
    "line": "3f55ec25-fc0f-4446-b945-7da7ac5fc61f",
    "sequence": 1,
    "x_min": 111,
    "x_max": 103,
    "character_class": "b",
    "human_character_class": null,
    "class_probability": 0.738769403975775,
    "created_by_run": "36baaed7-d29b-4271-a4bc-d12e26d0289c",
    "exposure": 0,
    "offset": 0
  }
},
{
  "model": "pp.character",
  "pk": "ac1420aa-e04c-40d1-b0b4-797c1f1b1acf",
  "fields": {
    "label": "",
    "data": "f87e8a15fc3c46aab74786fa0514068a",
    "line": "3f55ec25-fc0f-4446-b945-7da7ac5fc61f",
    "sequence": 0,
    "x_min": 442,
    "x_max": 487,
    "character_class": "c",
    "human_character_class": null,
    "class_probability": 0.597072046797569,
    "created_by_run": "1fb3823b-0dda-413b-b1ea-c8eb9b4950c8",
    "exposure": 0,
    "offset": 0
  }
},
{
  "model": "pp.character",
  "pk": "ade051fe-de9e-4902-a99e-8b13b4665351",
  "fields": {
    "label": "",
    "data": "1ddf64a9909b4531aca34f8bf39c2bef",
    "line": "e077e5cb-461d-4471-ae31-ca6f9c5ffc92",
    "sequence": 1,
    "x_min": 367,
    "x_max": 50,
    "character_class": "c",
    "human_character_class": null,
    "class_probability": 0.0477515007432312,
    "created_by_run": "36baaed7-d29b-4271-a4bc-d12e26d0289c",
    "exposure": 0,
    "offset": 0
  }
},
{
  "model": "pp.character",
  "pk": "aeba3f0b-165d-4d87-991a-928783989213",
  "fields": {
    "label": "",
    "data": "d17c9621b73a4fe0b0c1b7f7ab8f00da",
    "line": "3f55ec25-fc0f-4446-b945-7da7ac5fc61f",
    "sequence": 1,
    "x_min": 400,
    "x_max": 326,
    "character_class": "a",
    "human_character_class": null,
    "class_probability": 0.621842506822973,
    "created_by_run": "1fb3823b-0dda-413b-b1ea-c8eb9b4950c8",
    "exposure": 0,
    "offset": 0
  }
},
{
  "model": "pp.character",
  "pk": "af62f5d9-8861-438a-8cff-b572d83c298e",
  "fields": {
    "label": "",
    "data": "e1fd1244faec4a92976ab178d6c5b010",
    "line": "117b7b41-06df-4181-b159-d5ee6de9a426",
    "sequence": 1,
    "x_min": 475,
    "x_max": 201,
    "character_class": "b",
    "human_character_class": null,
    "class_probability": 0.27893473882205,
    "created_by_run": "1fb3823b-0dda-413b-b1ea-c8eb9b4950c8",
    "exposure": 0,
    "offset": 0
  }
},
{
  "model": "pp.character",
  "pk": "b3640ea0-5a3d-4c7b-afb1-a479370705f6",
  "fields": {
    "label": "",
    "data": "0ebd5bdb37eb43c2a95749028bd76a56",
    "line": "3f55ec25-fc0f-4446-b945-7da7ac5fc61f",
    "sequence": 0,
    "x_min": 280,
    "x_max": 230,
    "character_class": "a",
    "human_character_class": "b",
    "class_probability": 0.931340657321947,
    "created_by_run": "36baaed7-d29b-4271-a4bc-d12e26d0289c",
    "exposure": 0,
    "offset": 0
  }
},
{
  "model": "pp.character",
  "pk": "b8f17c65-4fc3-4916-8456-d869fe0da290",
  "fields": {
    "label": "",
    "data": "0b5ddac2d8ee47c8aadd8e5fb59fe3b3",
    "line": "4b69af30-3cbe-415f-9224-f12996cfcad2",
    "sequence": 0,
    "x_min": 63,
    "x_max": 79,
    "character_class": "c",
    "human_character_class": null,
    "class_probability": 0.4386943565249,
    "created_by_run": "36baaed7-d29b-4271-a4bc-d12e26d0289c",
    "exposure": 0,
    "offset": 0
  }
},
{
  "model": "pp.character",
  "pk": "bc7b4001-676c-4fc8-9c4a-eb6c2eb213f9",
  "fields": {
    "label": "",
    "data": "077d28dbbe474769be2b470efaa3a846",
    "line": "05a7b16e-f7a4-41aa-bca5-72de25f35c47",
    "sequence": 0,
    "x_min": 493,
    "x_max": 445,
    "character_class": "b",
    "human_character_class": null,
    "class_probability": 0.624898563032993,
    "created_by_run": "1fb3823b-0dda-413b-b1ea-c8eb9b4950c8",
    "exposure": 0,
    "offset": 0
  }
},
{
  "model": "pp.character",
  "pk": "bdfee8e6-d8ec-4e0e-adb5-7ea670976ec5",
  "fields": {
    "label": "",
    "data": "a22de65f37f241a7ab59618240a8023e",
    "line": "4b69af30-3cbe-415f-9224-f12996cfcad2",
    "sequence": 1,
    "x_min": 1,
    "x_max": 12,
    "character_class": "c",
    "human_character_class": null,
    "class_probability": 0.531395599735713,
    "created_by_run": "36baaed7-d29b-4271-a4bc-d12e26d0289c",
    "exposure": 0,
    "offset": 0
  }
},
{
  "model": "pp.character",
  "pk": "c1a04bf0-a23b-4f24-8acd-a33b390b99bc",
  "fields": {
    "label": "",
    "data": "484f374f37a44452b8a7bb3e1b0a407b",
    "line": "35bfb914-b605-4edc-bf9c-73be710879ee",
    "sequence": 1,
    "x_min": 148,
    "x_max": 315,
    "character_class": "b",
    "human_character_class": null,
    "class_probability": 0.392376735876075,
    "created_by_run": "1fb3823b-0dda-413b-b1ea-c8eb9b4950c8",
    "exposure": 0,
    "offset": 0
  }
},
{
  "model": "pp.character",
  "pk": "c3cbf790-8e78-4131-a242-43d9e0c5e55c",
  "fields": {
    "label": "",
    "data": "178328a016044d6b861f4964fbe406b2",
    "line": "fcc6c6a3-23d0-42f8-9b96-4c2d012360c6",
    "sequence": 0,
    "x_min": 309,
    "x_max": 268,
    "character_class": "c",
    "human_character_class": null,
    "class_probability": 0.603387328495866,
    "created_by_run": "1fb3823b-0dda-413b-b1ea-c8eb9b4950c8",
    "exposure": 0,
    "offset": 0
  }
},
{
  "model": "pp.character",
  "pk": "c4de5717-c86a-4545-9161-e73ca59b9424",
  "fields": {
    "label": "",
    "data": "24ec272aaa93432b9f3f3bf29940020c",
    "line": "5d1709ba-a669-4b9e-a377-1ac6f1f5b79d",
    "sequence": 1,
    "x_min": 462,
    "x_max": 321,
    "character_class": "a",
    "human_character_class": "b",
    "class_probability": 0.949670332044616,
    "created_by_run": "1fb3823b-0dda-413b-b1ea-c8eb9b4950c8",
    "exposure": 0,
    "offset": 0
  }
},
{
  "model": "pp.character",
  "pk": "ca3c8f7f-b2dc-4e6c-8103-5e3d73e8d2b9",
  "fields": {
    "label": "",
    "data": "f3cf7bd209b54b1793032d0209c55931",
    "line": "35bfb914-b605-4edc-bf9c-73be710879ee",
    "sequence": 0,
    "x_min": 212,
    "x_max": 124,
    "character_class": "b",
    "human_character_class": null,
    "class_probability": 0.0265611210557287,
    "created_by_run": "1fb3823b-0dda-413b-b1ea-c8eb9b4950c8",
    "exposure": 0,
    "offset": 0
  }
},
{
  "model": "pp.character",
  "pk": "ce423a6b-9157-4db7-949e-b17b1fe3c8b3",
  "fields": {
    "label": "",
    "data": "1a21cd09d0da48ef95ed2e7ac58fe9cc",
    "line": "e077e5cb-461d-4471-ae31-ca6f9c5ffc92",
    "sequence": 0,
    "x_min": 490,
    "x_max": 280,
    "character_class": "c",
    "human_character_class": null,
    "class_probability": 0.596740745471761,
    "created_by_run": "36baaed7-d29b-4271-a4bc-d12e26d0289c",
    "exposure": 0,
    "offset": 0
  }
},
{
  "model": "pp.character",
  "pk": "d3173fd1-ea0a-4e9d-9d37-884f5c2460cf",
  "fields": {
    "label": "",
    "data": "5cac6918667641f6aebe9359a29dd347",
    "line": "fcc6c6a3-23d0-42f8-9b96-4c2d012360c6",
    "sequence": 1,
    "x_min": 12,
    "x_max": 7,
    "character_class": "c",
    "human_character_class": null,
    "class_probability": 0.945205576585324,
    "created_by_run": "1fb3823b-0dda-413b-b1ea-c8eb9b4950c8",
    "exposure": 0,
    "offset": 0
  }
},
{
  "model": "pp.character",
  "pk": "d69fef4c-0cff-40d9-a923-737d8f7723b4",
  "fields": {
    "label": "",
    "data": "b31969dcfb73422aa6aa1df75f77349a",
    "line": "9cf30b76-1828-4587-a86f-bbf7515657a7",
    "sequence": 1,
    "x_min": 413,
    "x_max": 146,
    "character_class": "a",
    "human_character_class": null,
    "class_probability": 0.908105324792693,
    "created_by_run": "36baaed7-d29b-4271-a4bc-d12e26d0289c",
    "exposure": 0,
    "offset": 0
  }
},
{
  "model": "pp.character",
  "pk": "d92c8f63-2416-4475-ac7b-69a7b0398a90",
  "fields": {
    "label": "",
    "data": "1bc31c8116a34f878278bfdc730ce8dc",
    "line": "fa944ef4-a252-4245-9f65-8d6ccf862d94",
    "sequence": 0,
    "x_min": 454,
    "x_max": 151,
    "character_class": "a",
    "human_character_class": null,
    "class_probability": 0.372429134155313,
    "created_by_run": "36baaed7-d29b-4271-a4bc-d12e26d0289c",
    "exposure": 0,
    "offset": 0
  }
},
{
  "model": "pp.character",
  "pk": "da5cf978-6066-46f3-a51e-0105843d0275",
  "fields": {
    "label": "",
    "data": "51e4778597f442878789290892cc7ea6",
    "line": "4b69af30-3cbe-415f-9224-f12996cfcad2",
    "sequence": 0,
    "x_min": 88,
    "x_max": 455,
    "character_class": "b",
    "human_character_class": null,
    "class_probability": 0.363093711556708,
    "created_by_run": "1fb3823b-0dda-413b-b1ea-c8eb9b4950c8",
    "exposure": 0,
    "offset": 0
  }
},
{
  "model": "pp.character",
  "pk": "dad92c1b-4dea-4c52-97fd-2d76e958a5f8",
  "fields": {
    "label": "",
    "data": "898bff3887b541408119e42b20e40571",
    "line": "e077e5cb-461d-4471-ae31-ca6f9c5ffc92",
    "sequence": 0,
    "x_min": 6,
    "x_max": 162,
    "character_class": "a",
    "human_character_class": null,
    "class_probability": 0.538170160745912,
    "created_by_run": "1fb3823b-0dda-413b-b1ea-c8eb9b4950c8",
    "exposure": 0,
    "offset": 0
  }
},
{
  "model": "pp.character",
  "pk": "daeaedac-4a4b-4f83-902f-29a7a4c68c4f",
  "fields": {
    "label": "",
    "data": "202d341dc9764019b9f3abb697382ecb",
    "line": "8809aac8-0ac3-4d2c-b0c0-07b583a8e97c",
    "sequence": 1,
    "x_min": 305,
    "x_max": 386,
    "character_class": "c",
    "human_character_class": null,
    "class_probability": 0.583931512630249,
    "created_by_run": "36baaed7-d29b-4271-a4bc-d12e26d0289c",
    "exposure": 0,
    "offset": 0
  }
},
{
  "model": "pp.character",
  "pk": "db62ac51-7af4-418e-b6ab-8a3a002f61da",
  "fields": {
    "label": "",
    "data": "152bd9848c224a039c1ee4ff3a519efb",
    "line": "fd0f4ab9-2a53-470c-aa79-b7d790b6f9ee",
    "sequence": 0,
    "x_min": 499,
    "x_max": 358,
    "character_class": "a",
    "human_character_class": null,
    "class_probability": 0.97352494405057,
    "created_by_run": "1fb3823b-0dda-413b-b1ea-c8eb9b4950c8",
    "exposure": 0,
    "offset": 0
  }
},
{
  "model": "pp.character",
  "pk": "dc722c25-e1ee-42c8-8e16-c04550b9ada4",
  "fields": {
    "label": " c. 0",
    "data": "1210eb5753a54c28b7caf2753f2dcd41",
    "line": "8a9c2b46-f22f-4d21-8327-1078fb02dd4f",
    "sequence": 0,
    "x_min": 135,
    "x_max": 35,
    "character_class": "a",
    "human_character_class": "a",
    "class_probability": 0.679628094517593,
    "created_by_run": "1fb3823b-0dda-413b-b1ea-c8eb9b4950c8",
    "exposure": 0,
    "offset": 0
  }
},
{
  "model": "pp.character",
  "pk": "ec083497-0f26-4dc6-be87-6c0a6ff70fc2",
  "fields": {
    "label": "",
    "data": "90b34588e9a6496394c116141994fef8",
    "line": "7e3b99e9-8a3d-4865-9176-8bb8b3e006a8",
    "sequence": 1,
    "x_min": 247,
    "x_max": 271,
    "character_class": "c",
    "human_character_class": null,
    "class_probability": 0.870025606339973,
    "created_by_run": "1fb3823b-0dda-413b-b1ea-c8eb9b4950c8",
    "exposure": 0,
    "offset": 0
  }
},
{
  "model": "pp.character",
  "pk": "f217198a-a5ee-4ae1-a021-64119b57f787",
  "fields": {
    "label": "",
    "data": "c8af3b0be03c499b87563591c2b4b21d",
    "line": "fa944ef4-a252-4245-9f65-8d6ccf862d94",
    "sequence": 1,
    "x_min": 258,
    "x_max": 187,
    "character_class": "b",
    "human_character_class": null,
    "class_probability": 0.508935920870708,
    "created_by_run": "1fb3823b-0dda-413b-b1ea-c8eb9b4950c8",
    "exposure": 0,
    "offset": 0
  }
},
{
  "model": "pp.character",
  "pk": "f551b4ec-3982-484b-9df4-bdaf903f6710",
  "fields": {
    "label": "",
    "data": "75412aa41e76476ab58546c544fe6a38",
    "line": "8159b7ff-6f61-4be0-8b49-cb57fd774ef8",
    "sequence": 0,
    "x_min": 56,
    "x_max": 84,
    "character_class": "a",
    "human_character_class": null,
    "class_probability": 0.243841519427833,
    "created_by_run": "1fb3823b-0dda-413b-b1ea-c8eb9b4950c8",
    "exposure": 0,
    "offset": 0
  }
},
{
  "model": "pp.character",
  "pk": "f595266c-c1a2-418e-b4b2-3256b7d047ec",
  "fields": {
    "label": "",
    "data": "ea1cd2cc7cd246bb944df3ba7aee258e",
    "line": "94e81ad3-a79e-43f4-bcc0-1688eb8c44bf",
    "sequence": 1,
    "x_min": 348,
    "x_max": 467,
    "character_class": "c",
    "human_character_class": null,
    "class_probability": 0.370589412645931,
    "created_by_run": "1fb3823b-0dda-413b-b1ea-c8eb9b4950c8",
    "exposure": 0,
    "offset": 0
  }
},
{
  "model": "pp.character",
  "pk": "f71e99e1-50a2-4610-af1a-07f464689ebf",
  "fields": {
    "label": "",
    "data": "e71252b53e4a43378e4df3d35689096f",
    "line": "fd0f4ab9-2a53-470c-aa79-b7d790b6f9ee",
    "sequence": 1,
    "x_min": 314,
    "x_max": 16,
    "character_class": "c",
    "human_character_class": null,
    "class_probability": 0.40843702619577,
    "created_by_run": "36baaed7-d29b-4271-a4bc-d12e26d0289c",
    "exposure": 0,
    "offset": 0
  }
},
{
  "model": "auth.user",
  "pk": 1,
  "fields": {
    "password": "pbkdf2_sha256$150000$yyFJp1N6KVsz$n23f97mc22Bbty8bjoM4q4TL18+crKg3JuC99EoYDxk=",
    "last_login": "2019-09-29T19:15:55.743Z",
    "is_superuser": true,
    "username": "root",
    "first_name": "",
    "last_name": "",
    "email": "mlincoln@andrew.cmu.edu",
    "is_staff": true,
    "is_active": true,
    "date_joined": "2019-07-19T01:44:55.129Z",
    "groups": [],
    "user_permissions": []
  }
},
{
  "model": "auth.user",
  "pk": 2,
  "fields": {
    "password": "pbkdf2_sha256$150000$5QujQK0FnkFv$mCm1OSkOwA5WW4uKNYtnY9XTiUNaal11aGPaSK90iNs=",
    "last_login": null,
    "is_superuser": false,
    "username": "susan",
    "first_name": "",
    "last_name": "",
    "email": "susan@pp.org",
    "is_staff": false,
    "is_active": true,
    "date_joined": "2019-08-24T20:35:24.364Z",
    "groups": [],
    "user_permissions": []
  }
},
{
  "model": "authtoken.token",
  "pk": "7ea89599a81a3fb68d667fc799b4bd0b6c5919b5",
  "fields": {
    "user": 2,
    "created": "2019-08-24T20:36:04.867Z"
  }
},
{
  "model": "authtoken.token",
  "pk": "e48806a81d59ef7495d25731d74486388d9be2f6",
  "fields": {
    "user": 1,
    "created": "2019-07-19T11:59:47.623Z"
  }
},
{
  "model": "pp.charactergrouping",
  "pk": "75e7dbca-5f25-49fb-bddd-f35fdb65a65b",
  "fields": {
    "created_by": 1,
    "date_created": "2019-08-24T20:44:12.798Z",
    "label": "More Bs",
    "notes": "Some thoughts on the letter B",
    "characters": [
      "ca3c8f7f-b2dc-4e6c-8103-5e3d73e8d2b9",
      "c1a04bf0-a23b-4f24-8acd-a33b390b99bc",
      "6c931287-7104-4fa5-977b-019931960f7c",
      "053fbea7-fc7e-49ac-85e9-ea7077e528c2",
      "942ef5d2-e562-424c-b94d-65850e3bf225"
    ]
  }
},
{
  "model": "pp.charactergrouping",
  "pk": "899ccb30-a909-4fe7-a374-031a6d9b86f3",
  "fields": {
    "created_by": 1,
    "date_created": "2019-08-24T20:42:37.775Z",
    "label": "Some As",
    "notes": "",
    "characters": [
      "c4de5717-c86a-4545-9161-e73ca59b9424",
      "f551b4ec-3982-484b-9df4-bdaf903f6710",
      "6224fc6d-3f32-49b4-b2d6-69fc47d2db45",
      "3696ce0b-bfdd-45a5-b67d-a912616d8b8f",
      "7ec22b26-c272-4e53-8ea6-95e9d6fbf2c1"
    ]
  }
},
{
  "model": "pp.charactergrouping",
  "pk": "dbe627b9-813b-4853-b79b-dca0ed3b6c9b",
  "fields": {
    "created_by": 2,
    "date_created": "2019-08-24T20:45:13.245Z",
    "label": "Some Cs that I like",
    "notes": "lots more notes",
    "characters": [
      "ec083497-0f26-4dc6-be87-6c0a6ff70fc2",
      "75d29705-ef80-40e0-b275-0f3a0819508a"
    ]
  }
}
]
