[
  {
    "model": "pp.pagerun",
    "pk": "3deb2d61-0997-4a0c-861a-e7df8b27e49e",
    "fields": {
      "label": "",
      "book": "632ac978-1097-4492-8006-44d8ab3ba5ac",
      "script_path": "/window/key/throughout/consumer.py",
      "script_md5": "24e67c24-2e52-4dd5-9827-a765ae2e89ef",
      "date_started": "2019-07-19T12:56:12.703Z",
      "params": "4KC 855"
    }
  },
  {
    "model": "pp.pagerun",
    "pk": "41ddeb86-e83d-4768-96dd-f2ecfc2f80c5",
    "fields": {
      "label": "",
      "book": "7f011d30-a07e-48a2-bf86-5d90d5eeef50",
      "script_path": "/perhaps/election/offer/authority.py",
      "script_md5": "c08fa2dc-6ebc-4c0e-a48e-efdcea56ba45",
      "date_started": "2019-07-19T12:56:12.619Z",
      "params": "NW6 I1L"
    }
  },
  {
    "model": "pp.linerun",
    "pk": "1fad0375-7b4f-4cb8-ba36-ea6db62a8991",
    "fields": {
      "label": "",
      "book": "632ac978-1097-4492-8006-44d8ab3ba5ac",
      "script_path": "/way/nation/avoid/create.py",
      "script_md5": "7a1c0cb0-ebb7-46c3-a87e-21d00fbe62fb",
      "date_started": "2019-07-19T12:56:12.996Z",
      "params": "ENO 976"
    }
  },
  {
    "model": "pp.linerun",
    "pk": "744a4c52-2335-4711-8d78-306d3d629d84",
    "fields": {
      "label": "",
      "book": "7f011d30-a07e-48a2-bf86-5d90d5eeef50",
      "script_path": "/reduce/majority/now/quality.py",
      "script_md5": "a3bf1dc4-35f9-4b73-8b67-474e8051a0cb",
      "date_started": "2019-07-19T12:56:12.794Z",
      "params": "9W 5K7ARN"
    }
  },
  {
    "model": "pp.linegrouprun",
    "pk": "388054c9-154e-464c-bcc7-ccdeb8aeb026",
    "fields": {
      "label": "",
      "book": "632ac978-1097-4492-8006-44d8ab3ba5ac",
      "script_path": "/read/agency/explain/single.py",
      "script_md5": "24de1e9c-cb62-413d-b03b-72051fb43b99",
      "date_started": "2019-07-19T12:56:13.534Z",
      "params": "388-KGO"
    }
  },
  {
    "model": "pp.linegrouprun",
    "pk": "db27c40d-2e1a-48ff-a157-d3adfb5640d0",
    "fields": {
      "label": "",
      "book": "7f011d30-a07e-48a2-bf86-5d90d5eeef50",
      "script_path": "/education/subject/knowledge/quickly.py",
      "script_md5": "18b101d4-6bf9-4c06-9438-8dbe33a55058",
      "date_started": "2019-07-19T12:56:13.308Z",
      "params": "430 FHB"
    }
  },
  {
    "model": "pp.characterrun",
    "pk": "1fb3823b-0dda-413b-b1ea-c8eb9b4950c8",
    "fields": {
      "label": "",
      "book": "632ac978-1097-4492-8006-44d8ab3ba5ac",
      "script_path": "/capital/science/painting/girl.py",
      "script_md5": "3495d90a-5f2c-4a04-80e1-417739888965",
      "date_started": "2019-07-19T12:56:14.380Z",
      "params": "747SNT"
    }
  },
  {
    "model": "pp.characterrun",
    "pk": "36baaed7-d29b-4271-a4bc-d12e26d0289c",
    "fields": {
      "label": "",
      "book": "7f011d30-a07e-48a2-bf86-5d90d5eeef50",
      "script_path": "/wrong/within/produce/west.py",
      "script_md5": "ed57cd0a-849a-4a06-8581-0c753f9ec248",
      "date_started": "2019-07-19T12:56:13.768Z",
      "params": "4M 6580R"
    }
  },
  {
    "model": "pp.characterrun",
    "pk": "b878db65-e8ad-4a85-89c4-883a9904b85e",
    "fields": {
      "label": "",
      "book": "7f011d30-a07e-48a2-bf86-5d90d5eeef50",
      "script_path": "/ask/common/white/also.py",
      "script_md5": "7cf3b80c-77e9-4ace-b455-57670e273981",
      "date_started": "2019-07-19T12:56:15.015Z",
      "params": "8-1219N"
    }
  },
  {
    "model": "pp.book",
    "pk": "632ac978-1097-4492-8006-44d8ab3ba5ac",
    "fields": {
      "label": "Economy dog thus us national term.",
      "eebo": 5678,
      "vid": 987,
      "pq_title": "Economy dog thus us national term.",
      "pq_publisher": "",
      "pq_author": "susan",
      "pq_url": "www.example.com",
      "pp_publisher": "",
      "pdf": "/food/central/other/son.pdf",
      "date_early": "1618-07-19",
      "date_late": "1630-07-01"
    }
  },
  {
    "model": "pp.book",
    "pk": "7f011d30-a07e-48a2-bf86-5d90d5eeef50",
    "fields": {
      "label": "Space bad analysis blue.",
      "eebo": 1234,
      "vid": 231,
      "pq_title": "Space bad analysis blue.",
      "pq_publisher": "",
      "pq_author": "paul",
      "pq_url": "www.example.com",
      "pp_publisher": "",
      "pdf": "/can/run/identify/different.pdf",
      "date_early": "1618-07-19",
      "date_late": "1630-07-01"
    }
  },
  {
    "model": "pp.image",
    "pk": "044b10ec-61fc-438f-80c9-678e79c31169",
    "fields": {
      "label": "",
      "jpg": "/population/off/during/behavior.jpg",
      "tif": "/along/onto/apply/possible.tif",
      "jpg_md5": "48125534-47c1-4a95-a463-e385bb0527f6",
      "tif_md5": "3f09a2ab-6c6e-460e-813c-dc6647c6f8d8"
    }
  },
  {
    "model": "pp.image",
    "pk": "0514846a-78c4-406f-b383-1016f0f36468",
    "fields": {
      "label": "",
      "jpg": "/before/task/television/bring.jpg",
      "tif": "/him/eight/often/lay.tif",
      "jpg_md5": "2a6145bf-14ff-4f1b-820f-f2e2f3e64112",
      "tif_md5": "c7d88f40-3a09-4ae8-9204-b4e33b998bc2"
    }
  },
  {
    "model": "pp.image",
    "pk": "077d28db-be47-4769-be2b-470efaa3a846",
    "fields": {
      "label": "",
      "jpg": "/human/car/hand/happy.jpg",
      "tif": "/occur/service/environment/degree.tif",
      "jpg_md5": "e96a6d8c-d3ab-460d-bc96-df6fce197e90",
      "tif_md5": "9453a239-d2ca-471c-ad23-01f2e2a0c558"
    }
  },
  {
    "model": "pp.image",
    "pk": "07bb8659-f1c9-4ad7-a4ea-cd5a6b513867",
    "fields": {
      "label": "",
      "jpg": "/story/first/themselves/main.jpg",
      "tif": "/player/receive/finally/management.tif",
      "jpg_md5": "59a874c4-08f2-4ee8-997c-7f8cbaee9022",
      "tif_md5": "38a0bde6-aa39-47d2-b0d9-f38d023ec5de"
    }
  },
  {
    "model": "pp.image",
    "pk": "08b254ba-87b4-45a1-8e12-419962ede239",
    "fields": {
      "label": "",
      "jpg": "/common/side/where/size.jpg",
      "tif": "/school/day/myself/rate.tif",
      "jpg_md5": "c48873fb-54e3-41f0-adad-2c47014c260c",
      "tif_md5": "cc3625b6-b7f3-4565-8fef-2e504d30f6bc"
    }
  },
  {
    "model": "pp.image",
    "pk": "0a2df8a8-5897-4c30-95ba-2999d1b302fe",
    "fields": {
      "label": "",
      "jpg": "/dark/between/smile/include.jpg",
      "tif": "/paper/win/quickly/various.tif",
      "jpg_md5": "8b6d29d5-8216-4e19-a927-754ceaa5908d",
      "tif_md5": "161e30b2-c07b-4409-ad9b-c08a50d21aad"
    }
  },
  {
    "model": "pp.image",
    "pk": "0b5ddac2-d8ee-47c8-aadd-8e5fb59fe3b3",
    "fields": {
      "label": "",
      "jpg": "/full/daughter/campaign/impact.jpg",
      "tif": "/machine/her/budget/during.tif",
      "jpg_md5": "23a89fc2-2de7-4684-86ea-bd4862179cdf",
      "tif_md5": "6c8b9fe8-89fa-4d01-b717-2ca76997a539"
    }
  },
  {
    "model": "pp.image",
    "pk": "0ebd5bdb-37eb-43c2-a957-49028bd76a56",
    "fields": {
      "label": "",
      "jpg": "/point/two/set/chance.jpg",
      "tif": "/improve/purpose/evening/kid.tif",
      "jpg_md5": "e58b6e47-6694-4add-ae63-fdd73d412ff0",
      "tif_md5": "77be7f23-5ba1-4293-ba1a-ca5d7142ddde"
    }
  },
  {
    "model": "pp.image",
    "pk": "11462a01-0745-4d4c-8edf-ff280f9cdcad",
    "fields": {
      "label": "",
      "jpg": "/fire/wind/fear/also.jpg",
      "tif": "/garden/suffer/help/another.tif",
      "jpg_md5": "e55b85ab-b3ed-4887-b14b-8567ba3cd4af",
      "tif_md5": "8c30db55-8b99-4ea5-88dc-29befa8437ad"
    }
  },
  {
    "model": "pp.image",
    "pk": "1210eb57-53a5-4c28-b7ca-f2753f2dcd41",
    "fields": {
      "label": "",
      "jpg": "/mouth/every/bag/study.jpg",
      "tif": "/along/determine/race/side.tif",
      "jpg_md5": "262a1a21-2021-49a7-8a21-c10fca35cda6",
      "tif_md5": "56888c06-5319-4f53-ae48-b5ef82873f25"
    }
  },
  {
    "model": "pp.image",
    "pk": "152bd984-8c22-4a03-9c1e-e4ff3a519efb",
    "fields": {
      "label": "",
      "jpg": "/common/too/to/just.jpg",
      "tif": "/city/director/effort/power.tif",
      "jpg_md5": "ba9c60b2-3b91-496b-932b-429910457a3d",
      "tif_md5": "80db5537-bb9c-4758-baa4-5a6ec6ed46c8"
    }
  },
  {
    "model": "pp.image",
    "pk": "17071b62-e72e-488b-a88d-6539ca0dcf35",
    "fields": {
      "label": "",
      "jpg": "/type/growth/set/beyond.jpg",
      "tif": "/magazine/increase/two/method.tif",
      "jpg_md5": "efa9ccc8-bd2a-44e4-a297-62a33bc9a4eb",
      "tif_md5": "0d69ed71-7c7a-4744-821d-59baa7d994f4"
    }
  },
  {
    "model": "pp.image",
    "pk": "178328a0-1604-4d6b-861f-4964fbe406b2",
    "fields": {
      "label": "",
      "jpg": "/he/above/hair/new.jpg",
      "tif": "/people/quite/also/two.tif",
      "jpg_md5": "3619333f-620e-4515-bbb4-6af880267c5a",
      "tif_md5": "650da51e-d820-46b8-8d46-6601aa273c6e"
    }
  },
  {
    "model": "pp.image",
    "pk": "181231dc-f7ac-44df-8dd4-87fa0abfeada",
    "fields": {
      "label": "",
      "jpg": "/avoid/save/model/anything.jpg",
      "tif": "/history/day/culture/store.tif",
      "jpg_md5": "de0f32a6-4dd9-44ed-b077-30498da95e3f",
      "tif_md5": "7c727c53-ef79-4205-b58c-337e6fbfcba2"
    }
  },
  {
    "model": "pp.image",
    "pk": "189c521e-651c-4537-b5db-6599fa59ba27",
    "fields": {
      "label": "",
      "jpg": "/help/lot/expert/responsibility.jpg",
      "tif": "/image/do/figure/year.tif",
      "jpg_md5": "5a40d67d-a8e4-44dd-af83-4841b2061a65",
      "tif_md5": "3049b4df-f7dd-4d69-8ee5-4563c1b32385"
    }
  },
  {
    "model": "pp.image",
    "pk": "1a21cd09-d0da-48ef-95ed-2e7ac58fe9cc",
    "fields": {
      "label": "",
      "jpg": "/writer/answer/set/project.jpg",
      "tif": "/bed/like/quickly/feel.tif",
      "jpg_md5": "7c3474cb-02f8-4346-8e0d-190e012667e4",
      "tif_md5": "9044438d-d8a9-482f-953c-6eaeb49d6139"
    }
  },
  {
    "model": "pp.image",
    "pk": "1b484f4f-aaca-4f50-abee-b1f10586276d",
    "fields": {
      "label": "",
      "jpg": "/past/son/race/lawyer.jpg",
      "tif": "/always/easy/face/age.tif",
      "jpg_md5": "cf8abbc2-4789-4a27-be27-1c8b1dbb0ea5",
      "tif_md5": "26c5844f-0a59-4883-853a-a0067a40ceae"
    }
  },
  {
    "model": "pp.image",
    "pk": "1bc31c81-16a3-4f87-8278-bfdc730ce8dc",
    "fields": {
      "label": "",
      "jpg": "/skin/hope/card/inside.jpg",
      "tif": "/factor/dream/increase/fire.tif",
      "jpg_md5": "baa35a74-4586-4c7d-94c0-6dda5a568a39",
      "tif_md5": "70f4ad6a-2662-4acd-863d-011ca1a08094"
    }
  },
  {
    "model": "pp.image",
    "pk": "1cd2fc97-2fce-4839-b054-af79978926d3",
    "fields": {
      "label": "",
      "jpg": "/white/hand/today/win.jpg",
      "tif": "/daughter/half/hundred/idea.tif",
      "jpg_md5": "37dc02c6-00ba-446e-9ec5-c889634fed00",
      "tif_md5": "b6b00ede-d6ed-4d8b-8ca0-01bd71c7b558"
    }
  },
  {
    "model": "pp.image",
    "pk": "1ddf64a9-909b-4531-aca3-4f8bf39c2bef",
    "fields": {
      "label": "",
      "jpg": "/threat/natural/describe/Mrs.jpg",
      "tif": "/minute/outside/yes/back.tif",
      "jpg_md5": "e83afeea-91c1-48e1-9c0a-8372e8986e1d",
      "tif_md5": "5fc13b6f-15e1-4ee7-9e17-c8043c4074fe"
    }
  },
  {
    "model": "pp.image",
    "pk": "1e5dd9b8-2e88-46a3-b3f9-32bc6e8ec6fd",
    "fields": {
      "label": "",
      "jpg": "/gun/our/push/few.jpg",
      "tif": "/area/throw/about/ability.tif",
      "jpg_md5": "5670c644-ea3f-44d1-8612-462548dc46f4",
      "tif_md5": "c5988f35-cc21-4763-a80d-2717f1c68b18"
    }
  },
  {
    "model": "pp.image",
    "pk": "202d341d-c976-4019-b9f3-abb697382ecb",
    "fields": {
      "label": "",
      "jpg": "/back/wrong/apply/wide.jpg",
      "tif": "/various/smile/treatment/environment.tif",
      "jpg_md5": "66f5074f-de27-4908-9864-cc99194b6abc",
      "tif_md5": "6c0cb93b-9ea5-4cd6-87b1-6b814ce1b8c6"
    }
  },
  {
    "model": "pp.image",
    "pk": "20d7c0e4-ac6e-466c-9978-336149fcc433",
    "fields": {
      "label": "",
      "jpg": "/parent/get/avoid/myself.jpg",
      "tif": "/themselves/later/eye/add.tif",
      "jpg_md5": "d1a2603d-2ecc-48e2-b601-14dc62978e4a",
      "tif_md5": "be1d1a00-8007-4c51-96bf-a7a987460f09"
    }
  },
  {
    "model": "pp.image",
    "pk": "225ec639-1cf2-4574-8612-34253a43e286",
    "fields": {
      "label": "",
      "jpg": "/entire/read/thought/speech.jpg",
      "tif": "/force/task/skin/might.tif",
      "jpg_md5": "fa048790-60b1-4ff4-90e7-1fc2d63f6200",
      "tif_md5": "e8415262-5b90-4c32-b575-009e3f1ed14b"
    }
  },
  {
    "model": "pp.image",
    "pk": "22aa263a-8858-4d27-800d-ff5edd6956f1",
    "fields": {
      "label": "",
      "jpg": "/alone/though/all/ground.jpg",
      "tif": "/beyond/reason/television/model.tif",
      "jpg_md5": "117929eb-32c7-47d8-b54f-0dfafb6fb824",
      "tif_md5": "c44fcf5d-0cd1-411b-ba5b-b29a69c9f114"
    }
  },
  {
    "model": "pp.image",
    "pk": "24ec272a-aa93-432b-9f3f-3bf29940020c",
    "fields": {
      "label": "",
      "jpg": "/material/time/room/deal.jpg",
      "tif": "/operation/approach/party/training.tif",
      "jpg_md5": "cfcf4710-311b-4a0b-9a89-b390a7ddbb18",
      "tif_md5": "c64aad6a-84cf-4c3e-95aa-4f7aca9bba8e"
    }
  },
  {
    "model": "pp.image",
    "pk": "2ee123e2-0dc2-4387-9619-9b185ed7ebc5",
    "fields": {
      "label": "",
      "jpg": "/key/citizen/happen/can.jpg",
      "tif": "/worker/hear/open/story.tif",
      "jpg_md5": "a5f2133b-1c2a-4c89-96eb-2e1801f3a001",
      "tif_md5": "9a124e85-6b59-46b5-9143-676f0a53716c"
    }
  },
  {
    "model": "pp.image",
    "pk": "331b19f9-27a5-4245-a84f-012bc9a7dcbf",
    "fields": {
      "label": "",
      "jpg": "/or/much/child/simply.jpg",
      "tif": "/democratic/be/view/trial.tif",
      "jpg_md5": "2d6b9f37-e4a1-4221-b271-9da501a07c29",
      "tif_md5": "3cc86521-dd7d-4dae-acf1-33566196a5e9"
    }
  },
  {
    "model": "pp.image",
    "pk": "33875e30-9d8a-44d8-8939-819d25f212da",
    "fields": {
      "label": "",
      "jpg": "/score/word/establish/student.jpg",
      "tif": "/major/way/identify/television.tif",
      "jpg_md5": "8d79399e-0d19-4269-96a5-73d92b2e79fd",
      "tif_md5": "172c8e68-9cc4-4849-ba9f-a2e06b33ee5c"
    }
  },
  {
    "model": "pp.image",
    "pk": "355ed839-b82b-4822-82bf-00a627f4baef",
    "fields": {
      "label": "",
      "jpg": "/occur/save/skin/different.jpg",
      "tif": "/conference/board/effort/data.tif",
      "jpg_md5": "1173215f-9ede-46c0-a054-9595391ff5ef",
      "tif_md5": "941e5631-debc-4381-85bb-48f76bd6fc4c"
    }
  },
  {
    "model": "pp.image",
    "pk": "35ad1530-ff70-4d87-bc69-9da3856b136d",
    "fields": {
      "label": "",
      "jpg": "/on/situation/example/nearly.jpg",
      "tif": "/table/magazine/community/accept.tif",
      "jpg_md5": "bd2aac2f-3e87-4940-a02d-18dd66cf9f75",
      "tif_md5": "4ffb37be-2c16-4a2a-aab9-7b4e5341abe6"
    }
  },
  {
    "model": "pp.image",
    "pk": "36b022a2-9cc4-4afb-9891-d95fc64bfbd2",
    "fields": {
      "label": "",
      "jpg": "/rich/result/still/enough.jpg",
      "tif": "/onto/beyond/someone/bill.tif",
      "jpg_md5": "a8abd6b6-8a38-4788-83aa-cee876c67c44",
      "tif_md5": "a316f31f-6ff7-4d09-a96b-cb3a948ca33e"
    }
  },
  {
    "model": "pp.image",
    "pk": "400ac8e5-ea20-40a5-b25f-1e9cf8bb1e00",
    "fields": {
      "label": "",
      "jpg": "/vote/race/resource/nor.jpg",
      "tif": "/explain/east/beyond/thank.tif",
      "jpg_md5": "d622f042-5b18-411d-b5dd-a107f042c485",
      "tif_md5": "3bfbbe78-288c-425c-aaa7-a3af920106d9"
    }
  },
  {
    "model": "pp.image",
    "pk": "41c8a5bf-942a-41ed-8ad3-5ac63d755957",
    "fields": {
      "label": "",
      "jpg": "/music/security/billion/between.jpg",
      "tif": "/be/fire/imagine/police.tif",
      "jpg_md5": "bab0d369-7201-45c4-a7a7-8ff44b1f2ec2",
      "tif_md5": "4d2b3d22-6f7b-429a-9414-37cacf3a691c"
    }
  },
  {
    "model": "pp.image",
    "pk": "484f374f-37a4-4452-b8a7-bb3e1b0a407b",
    "fields": {
      "label": "",
      "jpg": "/suffer/put/maybe/those.jpg",
      "tif": "/young/relate/believe/say.tif",
      "jpg_md5": "406dd56a-08cf-47e8-b831-8c7a77b08508",
      "tif_md5": "566a91b8-40e0-46a7-a816-a6b1f963ac23"
    }
  },
  {
    "model": "pp.image",
    "pk": "4b814fd7-5515-41a2-bed9-8ca4dc8be4cf",
    "fields": {
      "label": "",
      "jpg": "/Congress/bag/partner/significant.jpg",
      "tif": "/size/shake/stage/call.tif",
      "jpg_md5": "a48fdb99-6d92-49ff-9528-72053fd63dec",
      "tif_md5": "09a08284-088d-41b5-ba2c-e43832cdda05"
    }
  },
  {
    "model": "pp.image",
    "pk": "4db1d91d-3011-43cb-bf52-806927d4683e",
    "fields": {
      "label": "",
      "jpg": "/during/answer/majority/newspaper.jpg",
      "tif": "/serious/even/run/smile.tif",
      "jpg_md5": "a76bf8ab-7613-43b7-b337-37125c99972e",
      "tif_md5": "491a6727-6e59-43aa-9187-59e30ad11f72"
    }
  },
  {
    "model": "pp.image",
    "pk": "51e47785-97f4-4287-8789-290892cc7ea6",
    "fields": {
      "label": "",
      "jpg": "/loss/none/majority/when.jpg",
      "tif": "/daughter/tonight/meet/improve.tif",
      "jpg_md5": "ab0b71ad-a2ec-4654-ab4d-7e3959ab868e",
      "tif_md5": "49497190-8d85-4023-9601-9eeedf3a6d23"
    }
  },
  {
    "model": "pp.image",
    "pk": "5242a6dc-a80f-4f3c-be87-399ee6e49f14",
    "fields": {
      "label": "",
      "jpg": "/article/various/state/official.jpg",
      "tif": "/pressure/entire/expect/leave.tif",
      "jpg_md5": "1cc413db-7ede-433d-830d-6c58bdb6d744",
      "tif_md5": "15bfdd81-1448-47e3-a84f-aefa50bbb7ef"
    }
  },
  {
    "model": "pp.image",
    "pk": "54f67d60-0881-42ad-8da1-0d953cb93822",
    "fields": {
      "label": "",
      "jpg": "/stage/such/something/tend.jpg",
      "tif": "/fish/house/box/effort.tif",
      "jpg_md5": "c559f6b6-ce7b-488d-a6ce-260fa58b0788",
      "tif_md5": "42bc645c-8c75-4632-a302-830d2b2f7630"
    }
  },
  {
    "model": "pp.image",
    "pk": "56478bff-b172-4e80-83f6-ed3be416eb7a",
    "fields": {
      "label": "",
      "jpg": "/although/edge/then/economy.jpg",
      "tif": "/method/into/science/husband.tif",
      "jpg_md5": "0d92f72b-bb52-42e5-bf86-ede44e46be5b",
      "tif_md5": "485c2fb3-7383-4d9b-bb9d-7ae55aec8a35"
    }
  },
  {
    "model": "pp.image",
    "pk": "57837216-e90a-4a1c-9b4d-bd2cd55d7c91",
    "fields": {
      "label": "",
      "jpg": "/pull/nature/effect/staff.jpg",
      "tif": "/everybody/travel/miss/job.tif",
      "jpg_md5": "fb5b5afb-2c1f-48e8-9c5e-014c89200a41",
      "tif_md5": "c3578c7d-f2dc-4d88-bfb2-07a57f6a6893"
    }
  },
  {
    "model": "pp.image",
    "pk": "5cac6918-6676-41f6-aebe-9359a29dd347",
    "fields": {
      "label": "",
      "jpg": "/paper/year/deep/cover.jpg",
      "tif": "/sort/final/technology/former.tif",
      "jpg_md5": "af092a94-5a28-4db4-a34c-cb6b02cae9c9",
      "tif_md5": "45180d89-08dd-47cd-96e7-df83ce2ca7b2"
    }
  },
  {
    "model": "pp.image",
    "pk": "62a589ec-9a29-4c03-aa45-05414d90db2a",
    "fields": {
      "label": "",
      "jpg": "/another/similar/that/car.jpg",
      "tif": "/entire/put/plan/race.tif",
      "jpg_md5": "064ed3c8-af24-42b6-b7d5-3d0b75667aeb",
      "tif_md5": "1fb7e129-2261-43e7-a065-f8818aade85b"
    }
  },
  {
    "model": "pp.image",
    "pk": "6fdf87cc-24dc-446c-9945-ab1b284718ee",
    "fields": {
      "label": "",
      "jpg": "/face/enough/continue/finally.jpg",
      "tif": "/must/beautiful/experience/economic.tif",
      "jpg_md5": "7f48ee42-fe05-4b48-b7eb-efcaa2a49c0d",
      "tif_md5": "b42397b0-cfec-4d4f-ac53-a83efc3db282"
    }
  },
  {
    "model": "pp.image",
    "pk": "75412aa4-1e76-476a-b585-46c544fe6a38",
    "fields": {
      "label": "",
      "jpg": "/its/investment/pressure/no.jpg",
      "tif": "/stock/become/experience/top.tif",
      "jpg_md5": "6861d3da-e20b-4ed5-812a-303bc5c7f8c5",
      "tif_md5": "7a2a1782-7148-4e7b-800f-c03c7cef0cf6"
    }
  },
  {
    "model": "pp.image",
    "pk": "7c2e796c-5ee8-45e2-a9d2-983322e7c18b",
    "fields": {
      "label": "",
      "jpg": "/tree/him/affect/word.jpg",
      "tif": "/six/true/herself/its.tif",
      "jpg_md5": "53671055-2d6e-413f-8523-b7e6ad1c570a",
      "tif_md5": "8e12e1b5-083f-43ae-a5bd-afdf51004b7e"
    }
  },
  {
    "model": "pp.image",
    "pk": "82923003-b14d-4102-b861-91a9b26ea8c0",
    "fields": {
      "label": "",
      "jpg": "/there/wife/recently/voice.jpg",
      "tif": "/check/everyone/agreement/force.tif",
      "jpg_md5": "59f8a391-7f57-45fa-a01e-a9b655757dd6",
      "tif_md5": "087e6aa2-8728-4872-85db-cec538a68fd1"
    }
  },
  {
    "model": "pp.image",
    "pk": "83b8341e-3f21-4dc6-b1f9-98b92fd7deca",
    "fields": {
      "label": "",
      "jpg": "/different/entire/trip/life.jpg",
      "tif": "/rather/blood/talk/main.tif",
      "jpg_md5": "5fa4a705-b51a-4e97-b389-9be97756fab8",
      "tif_md5": "ece5893a-a4f0-459a-a802-ca2dc4aa650e"
    }
  },
  {
    "model": "pp.image",
    "pk": "889582b0-2e8c-430a-b24c-507422f9b19b",
    "fields": {
      "label": "",
      "jpg": "/wish/investment/course/decide.jpg",
      "tif": "/much/like/which/edge.tif",
      "jpg_md5": "7ad3fa81-a59d-4cfb-acce-9f67398148c9",
      "tif_md5": "a1eb1a6a-5715-418d-a70e-7f24d6bfc3b7"
    }
  },
  {
    "model": "pp.image",
    "pk": "891e8758-2b10-42c8-bcec-e94e9b2857f5",
    "fields": {
      "label": "",
      "jpg": "/site/mother/travel/various.jpg",
      "tif": "/summer/push/why/white.tif",
      "jpg_md5": "66f32b31-0782-4d8e-805e-801ca9f9cbc5",
      "tif_md5": "bea0d9c0-6cfe-4de2-a8c9-1cd8c8f2b867"
    }
  },
  {
    "model": "pp.image",
    "pk": "898bff38-87b5-4140-8119-e42b20e40571",
    "fields": {
      "label": "",
      "jpg": "/sea/sea/know/our.jpg",
      "tif": "/per/series/rate/whatever.tif",
      "jpg_md5": "f131fe1e-a595-46c3-874b-1c3445582ab9",
      "tif_md5": "5c599186-4fb1-478b-8254-d67f0a0eb2c2"
    }
  },
  {
    "model": "pp.image",
    "pk": "8a59f2a2-d9bc-4a07-9270-a94414f62fdb",
    "fields": {
      "label": "",
      "jpg": "/read/list/along/we.jpg",
      "tif": "/gas/situation/choose/try.tif",
      "jpg_md5": "db194626-f1ac-4861-afd0-0e9bf3cbdb50",
      "tif_md5": "1abe4ee8-4378-4837-aac8-64c7e822b30a"
    }
  },
  {
    "model": "pp.image",
    "pk": "90a77432-bb7b-4f0b-8a82-12baff4d6cec",
    "fields": {
      "label": "",
      "jpg": "/guy/while/season/important.jpg",
      "tif": "/plan/simple/population/one.tif",
      "jpg_md5": "09a6d156-f892-4fd6-81b3-d23085ff3e38",
      "tif_md5": "336cc6f9-93d2-4182-a1d3-f1bc3904d169"
    }
  },
  {
    "model": "pp.image",
    "pk": "90b34588-e9a6-4963-94c1-16141994fef8",
    "fields": {
      "label": "",
      "jpg": "/house/year/movement/marriage.jpg",
      "tif": "/continue/expect/ten/the.tif",
      "jpg_md5": "e4b8053b-9c6b-4b71-ba6b-b12f32f553b0",
      "tif_md5": "214d07ad-f1ec-44fc-97c3-2851d9f9a3e2"
    }
  },
  {
    "model": "pp.image",
    "pk": "92724af8-56e0-4d70-ab4e-f66df4af193c",
    "fields": {
      "label": "",
      "jpg": "/baz/baff.jpg",
      "tif": "/floof/flaff/tif",
      "jpg_md5": "aea9c20f-0716-44e7-93e0-6268811f3006",
      "tif_md5": "45dc6bd6-d11f-4e04-9160-6f8c013b3e73"
    }
  },
  {
    "model": "pp.image",
    "pk": "92abc703-7c18-4734-ad3d-38ef4896ada1",
    "fields": {
      "label": "",
      "jpg": "/school/decision/during/feeling.jpg",
      "tif": "/tend/type/impact/beat.tif",
      "jpg_md5": "9b8b6b28-1249-4320-8efb-51c707b03146",
      "tif_md5": "de3b9fe0-c481-478d-8290-2694139dd3f1"
    }
  },
  {
    "model": "pp.image",
    "pk": "93df01a4-7e56-4472-94b5-0e47784a448d",
    "fields": {
      "label": "",
      "jpg": "/director/whom/political/win.jpg",
      "tif": "/common/event/customer/your.tif",
      "jpg_md5": "ee9409b1-1b55-4ced-adfc-6b486b556388",
      "tif_md5": "53b53e1b-c6e6-49dc-8dc2-4c71b1a8da72"
    }
  },
  {
    "model": "pp.image",
    "pk": "94261923-c0c8-4cf6-9c66-b42d5b81d694",
    "fields": {
      "label": "",
      "jpg": "/those/each/feel/sit.jpg",
      "tif": "/western/save/listen/try.tif",
      "jpg_md5": "6a4c94a7-371e-43e7-92c4-d709215e2ab0",
      "tif_md5": "0ded5c3e-20cc-4bd6-85f8-b12149d1f306"
    }
  },
  {
    "model": "pp.image",
    "pk": "995086d1-3a8e-4ba1-809a-6c8a21bcde30",
    "fields": {
      "label": "",
      "jpg": "/modern/benefit/discuss/group.jpg",
      "tif": "/tough/purpose/country/doctor.tif",
      "jpg_md5": "283d9dfb-92a3-4e14-bae6-9b6139f69863",
      "tif_md5": "eee45fa2-7415-4db0-b2d4-70d8804430c7"
    }
  },
  {
    "model": "pp.image",
    "pk": "9c92c21f-20d8-4597-b556-f92ff63a191d",
    "fields": {
      "label": "",
      "jpg": "/floor/class/six/cost.jpg",
      "tif": "/floor/present/year/front.tif",
      "jpg_md5": "5ebb1a5f-31e9-44b8-bd0d-eed9c2041183",
      "tif_md5": "7b60d660-0141-401c-8b7e-095cddc7f3aa"
    }
  },
  {
    "model": "pp.image",
    "pk": "a0d906e2-79e0-4f24-960f-cd214c9c660f",
    "fields": {
      "label": "",
      "jpg": "/both/option/student/collection.jpg",
      "tif": "/anything/question/partner/school.tif",
      "jpg_md5": "1fe9512c-b66f-40dc-b139-147df8d90753",
      "tif_md5": "e1d4ad85-36dc-4f88-b83c-eeb7a1229af3"
    }
  },
  {
    "model": "pp.image",
    "pk": "a22de65f-37f2-41a7-ab59-618240a8023e",
    "fields": {
      "label": "",
      "jpg": "/road/important/time/believe.jpg",
      "tif": "/month/any/see/bed.tif",
      "jpg_md5": "a26ae5ba-441a-458c-b794-37673ac2156b",
      "tif_md5": "43d0ce7b-2916-42c8-acd1-354d2652ec17"
    }
  },
  {
    "model": "pp.image",
    "pk": "a9dc561f-47b1-4937-9734-1eb4a29772d0",
    "fields": {
      "label": "",
      "jpg": "/everything/ball/travel/special.jpg",
      "tif": "/either/example/rise/order.tif",
      "jpg_md5": "7b62ddea-0f7c-46f4-8c1f-27d6088b928b",
      "tif_md5": "561424c1-7144-47b2-8cf2-56c995514fe9"
    }
  },
  {
    "model": "pp.image",
    "pk": "ad99300d-eaa4-49bb-a1d7-947c6f5acd1f",
    "fields": {
      "label": "",
      "jpg": "/understand/can/big/forward.jpg",
      "tif": "/list/red/without/military.tif",
      "jpg_md5": "b026c2d5-2cd9-4804-b922-6b0aeea0a209",
      "tif_md5": "dc28779c-45f4-4837-bf1b-6b3726e64525"
    }
  },
  {
    "model": "pp.image",
    "pk": "add0efe5-f91a-4773-9a98-ed60ad6153e4",
    "fields": {
      "label": "",
      "jpg": "/bit/health/employee/when.jpg",
      "tif": "/green/wall/floor/white.tif",
      "jpg_md5": "3379ce22-2308-4aae-a083-0e8962914abc",
      "tif_md5": "87b6f37b-c678-4bbb-b735-b5419acd8777"
    }
  },
  {
    "model": "pp.image",
    "pk": "afa23149-6a2f-4440-82bc-d0a48ea6e800",
    "fields": {
      "label": "",
      "jpg": "/drop/age/type/build.jpg",
      "tif": "/although/place/agree/nothing.tif",
      "jpg_md5": "ef999e53-44ad-4881-bc88-8937d9c2ce74",
      "tif_md5": "9cc4f89b-56ed-442d-9c47-a85aedcc518c"
    }
  },
  {
    "model": "pp.image",
    "pk": "afba790b-f4ed-41a6-b3dd-1e514851f489",
    "fields": {
      "label": "",
      "jpg": "/them/arm/ever/industry.jpg",
      "tif": "/maintain/while/east/daughter.tif",
      "jpg_md5": "d5851c2e-b5d9-456c-bf0e-edc57f9f9056",
      "tif_md5": "8335e42d-7e77-4c83-bb7b-5c85e9eaf2fe"
    }
  },
  {
    "model": "pp.image",
    "pk": "b0a55192-810b-47cf-ad29-ef679a873951",
    "fields": {
      "label": "",
      "jpg": "/single/range/single/whole.jpg",
      "tif": "/hold/against/total/day.tif",
      "jpg_md5": "1951b032-408f-47e9-8d99-9fc09052bd08",
      "tif_md5": "389b3d5b-219d-4389-942f-c5ed70b78b6a"
    }
  },
  {
    "model": "pp.image",
    "pk": "b1bf8e69-7fbc-440b-ac9f-eb62eb42c0b7",
    "fields": {
      "label": "",
      "jpg": "/four/example/through/throughout.jpg",
      "tif": "/goal/beyond/serve/behavior.tif",
      "jpg_md5": "3909fa25-5d61-4214-a68b-aa92f0683bd1",
      "tif_md5": "da446137-a63f-414b-8d74-3a2a9b6376ef"
    }
  },
  {
    "model": "pp.image",
    "pk": "b31969dc-fb73-422a-a6aa-1df75f77349a",
    "fields": {
      "label": "",
      "jpg": "/fight/rich/leader/international.jpg",
      "tif": "/upon/use/its/pretty.tif",
      "jpg_md5": "1d51d074-3bd3-4024-8219-8f94eaf11077",
      "tif_md5": "62f3a7eb-03c6-4518-95c9-b49dfbc933f9"
    }
  },
  {
    "model": "pp.image",
    "pk": "b40239c0-457b-4416-bace-cbf937926d4a",
    "fields": {
      "label": "",
      "jpg": "/man/large/plan/boy.jpg",
      "tif": "/threat/tend/animal/four.tif",
      "jpg_md5": "c26f2c76-fbc9-4670-9ca3-6d9dafe1ab5c",
      "tif_md5": "15885907-670d-45cc-bf36-00b8ac697e82"
    }
  },
  {
    "model": "pp.image",
    "pk": "b8cce88f-481e-4679-a855-4111023a6098",
    "fields": {
      "label": "",
      "jpg": "/establish/fish/fish/economic.jpg",
      "tif": "/Mr/how/yes/the.tif",
      "jpg_md5": "e27d7b25-795b-4971-b424-a596c64ae5a1",
      "tif_md5": "da9a0c95-ac61-4bd1-89f2-ef475a038fad"
    }
  },
  {
    "model": "pp.image",
    "pk": "bb787024-7e6b-4dff-a861-0fb1a29b1bdd",
    "fields": {
      "label": "",
      "jpg": "/machine/east/will/purpose.jpg",
      "tif": "/manager/western/appear/would.tif",
      "jpg_md5": "e5748f93-3f0d-4dd5-bed6-8baf8be28cb5",
      "tif_md5": "43ec2a74-a84b-4128-9cd0-731a0a3fedc9"
    }
  },
  {
    "model": "pp.image",
    "pk": "be3d4eea-157c-4c92-a136-451117171d8a",
    "fields": {
      "label": "",
      "jpg": "/pull/like/win/another.jpg",
      "tif": "/number/city/mother/probably.tif",
      "jpg_md5": "9a25a93f-4b40-4b84-bf85-0c171ce88f2f",
      "tif_md5": "78babf69-6d5c-4212-80ec-d6a8a5cbd58b"
    }
  },
  {
    "model": "pp.image",
    "pk": "c004e284-442e-4755-94d4-51d14a0b55c4",
    "fields": {
      "label": "",
      "jpg": "/all/especially/as/month.jpg",
      "tif": "/several/paper/similar/skill.tif",
      "jpg_md5": "bf92cacf-79d4-46d4-b72b-8ddcffab932f",
      "tif_md5": "da438c3a-401c-4876-8594-4173a23db9de"
    }
  },
  {
    "model": "pp.image",
    "pk": "c688b650-96a2-4234-9784-d0b2e089bc52",
    "fields": {
      "label": "",
      "jpg": "/morning/get/public/worker.jpg",
      "tif": "/great/brother/move/whole.tif",
      "jpg_md5": "fe7d4296-81c6-4b8a-8ab5-fb72e26fa880",
      "tif_md5": "9a3eabc0-7de6-49d0-81c3-81feb64507b7"
    }
  },
  {
    "model": "pp.image",
    "pk": "c72cf390-ebcf-4a8d-ad43-5c61b6e40360",
    "fields": {
      "label": "",
      "jpg": "/quality/month/camera/I.jpg",
      "tif": "/recognize/fast/start/church.tif",
      "jpg_md5": "0abccc0b-9e17-4c94-9e4b-eada18a735cb",
      "tif_md5": "d73b3fd2-397e-43fe-9fcf-873c16417551"
    }
  },
  {
    "model": "pp.image",
    "pk": "c8727c52-495d-45b3-9064-1794a065113f",
    "fields": {
      "label": "",
      "jpg": "/American/defense/now/about.jpg",
      "tif": "/this/reality/across/reduce.tif",
      "jpg_md5": "305438f9-b513-486f-a7bf-ec5882e74ceb",
      "tif_md5": "57e407cf-e06e-4906-8b7f-72ec2367640e"
    }
  },
  {
    "model": "pp.image",
    "pk": "c8af3b0b-e03c-499b-8756-3591c2b4b21d",
    "fields": {
      "label": "",
      "jpg": "/war/month/practice/traditional.jpg",
      "tif": "/ahead/building/important/affect.tif",
      "jpg_md5": "5a37fd57-dede-4596-9c76-eda0c7dccf74",
      "tif_md5": "bcbe9ead-cb9e-43b1-8f9c-72a42b31ca70"
    }
  },
  {
    "model": "pp.image",
    "pk": "caa4eb83-de35-498f-bbac-17cd6a213363",
    "fields": {
      "label": "",
      "jpg": "/around/water/data/key.jpg",
      "tif": "/card/drop/century/usually.tif",
      "jpg_md5": "d2114b67-620a-4197-84e0-892d5ab4e3ff",
      "tif_md5": "efe64590-9552-41d0-bb5e-cd07d55e8220"
    }
  },
  {
    "model": "pp.image",
    "pk": "cbb71696-b2fe-49ef-bfce-3ae35b20e86a",
    "fields": {
      "label": "",
      "jpg": "/husband/even/appear/rise.jpg",
      "tif": "/day/lead/grow/green.tif",
      "jpg_md5": "21d74469-110b-4867-b911-fefd004c3348",
      "tif_md5": "c6fd90d6-e5ac-4b8d-a0ab-af6166927dca"
    }
  },
  {
    "model": "pp.image",
    "pk": "cbd0246e-35d8-44c1-b200-18922982f1ed",
    "fields": {
      "label": "",
      "jpg": "/you/race/themselves/clear.jpg",
      "tif": "/after/believe/follow/card.tif",
      "jpg_md5": "00378b1f-a082-437f-9f63-862887292bb1",
      "tif_md5": "3bc37c8e-8d01-4967-94c8-38ab8d842a42"
    }
  },
  {
    "model": "pp.image",
    "pk": "d17c9621-b73a-4fe0-b0c1-b7f7ab8f00da",
    "fields": {
      "label": "",
      "jpg": "/hospital/later/black/sell.jpg",
      "tif": "/vote/line/forget/seven.tif",
      "jpg_md5": "87593db8-0979-4439-be94-22b7241d72fa",
      "tif_md5": "c4f8557f-c7ec-4747-9061-63736e3bcf95"
    }
  },
  {
    "model": "pp.image",
    "pk": "d3df95f1-39a1-405d-9d55-2b5d0aa5bbdd",
    "fields": {
      "label": "",
      "jpg": "/beyond/pick/big/rock.jpg",
      "tif": "/grow/age/soldier/bank.tif",
      "jpg_md5": "83c7742f-eb60-48d9-bcec-5e535a43cf37",
      "tif_md5": "12cdecf1-c7b0-42b2-a412-968f1fb13672"
    }
  },
  {
    "model": "pp.image",
    "pk": "d3f70524-2724-4752-8811-f62c53a9daf5",
    "fields": {
      "label": "",
      "jpg": "/throughout/run/world/finally.jpg",
      "tif": "/recognize/day/end/environmental.tif",
      "jpg_md5": "25467862-94f0-4142-8445-b0060fc38221",
      "tif_md5": "af35e51a-eb44-4f6a-bd39-bfbb43c737aa"
    }
  },
  {
    "model": "pp.image",
    "pk": "d5aa0731-fd27-4262-b627-2fd15553e509",
    "fields": {
      "label": "",
      "jpg": "/current/them/right/institution.jpg",
      "tif": "/ago/knowledge/grow/with.tif",
      "jpg_md5": "500d513f-ee1c-4292-9d2a-1eefcd9c9b01",
      "tif_md5": "b284eecd-e275-4d01-8abd-3ed79d482710"
    }
  },
  {
    "model": "pp.image",
    "pk": "d5fc97a9-a100-4212-8c4b-672dd2bb4241",
    "fields": {
      "label": "",
      "jpg": "/lawyer/paper/often/the.jpg",
      "tif": "/necessary/interview/party/brother.tif",
      "jpg_md5": "839b7720-f6f2-4230-932e-1a7c7bf9f33e",
      "tif_md5": "99a7cb0b-9ec4-47bf-a0a3-b6208ae0618d"
    }
  },
  {
    "model": "pp.image",
    "pk": "da3cabe6-7144-4289-8b0b-acc026cb5ce1",
    "fields": {
      "label": "",
      "jpg": "/choice/money/traditional/small.jpg",
      "tif": "/or/team/husband/worker.tif",
      "jpg_md5": "9e870312-8bed-4b53-8746-99c5e0b41b12",
      "tif_md5": "17be050f-1f9a-4c5b-a3a2-927a7e14eb0d"
    }
  },
  {
    "model": "pp.image",
    "pk": "dbec8481-38ad-4614-882e-3f85b98e0d5f",
    "fields": {
      "label": "",
      "jpg": "/article/guy/garden/language.jpg",
      "tif": "/account/term/live/new.tif",
      "jpg_md5": "579167c1-7b76-4633-967a-3abddf9c0101",
      "tif_md5": "ff5d465c-3e7e-4af8-8845-b99716c7e9f5"
    }
  },
  {
    "model": "pp.image",
    "pk": "dd4f798d-3378-4790-96e9-9ae2332fb9f3",
    "fields": {
      "label": "",
      "jpg": "/system/city/account/fund.jpg",
      "tif": "/smile/evidence/style/I.tif",
      "jpg_md5": "ea63af98-418d-45ff-b0bf-a638f840eed7",
      "tif_md5": "9543f6ea-bd05-4bfe-b6a5-343a5ef4d113"
    }
  },
  {
    "model": "pp.image",
    "pk": "ddafbe19-e123-4b15-88d1-92d6a0ee15f2",
    "fields": {
      "label": "",
      "jpg": "/result/goal/quickly/picture.jpg",
      "tif": "/already/risk/also/who.tif",
      "jpg_md5": "ffedb5db-db92-4e02-b48d-d91dc20c8af6",
      "tif_md5": "96dffc13-0a86-4442-b937-6e4a6b70f0ea"
    }
  },
  {
    "model": "pp.image",
    "pk": "e047bb7b-25e8-48e8-ba51-9aa1703abe01",
    "fields": {
      "label": "",
      "jpg": "/maintain/friend/item/see.jpg",
      "tif": "/great/guy/report/radio.tif",
      "jpg_md5": "2944b26d-6850-4261-bc1e-aea74c87185f",
      "tif_md5": "994f7cd6-81a7-474a-a43a-8cee220ddd47"
    }
  },
  {
    "model": "pp.image",
    "pk": "e1a0dbf8-d063-4eb4-a732-36c78130eae4",
    "fields": {
      "label": "",
      "jpg": "/fine/fall/economy/amount.jpg",
      "tif": "/its/wish/similar/wide.tif",
      "jpg_md5": "48a22285-0f28-4b60-8350-86edeb692e91",
      "tif_md5": "6913ed11-fa56-4b54-bb2e-7a9d53083273"
    }
  },
  {
    "model": "pp.image",
    "pk": "e1fd1244-faec-4a92-976a-b178d6c5b010",
    "fields": {
      "label": "",
      "jpg": "/case/themselves/cover/under.jpg",
      "tif": "/financial/indicate/fund/office.tif",
      "jpg_md5": "6f600f4c-64b9-48c7-b620-5a82e0e15375",
      "tif_md5": "19ca72ec-4263-42f4-b0ba-cc7c28be4980"
    }
  },
  {
    "model": "pp.image",
    "pk": "e2441f1f-4a43-4453-8ba0-68d961858f81",
    "fields": {
      "label": "",
      "jpg": "/health/question/necessary/cause.jpg",
      "tif": "/early/hot/wall/product.tif",
      "jpg_md5": "311a4848-41e2-4e57-927a-7413e3da94b2",
      "tif_md5": "41e6736b-ae10-47dc-a5f9-3f532bba7e16"
    }
  },
  {
    "model": "pp.image",
    "pk": "e2799e58-3d48-4936-85d2-6e5c89bbeca4",
    "fields": {
      "label": "",
      "jpg": "/moment/free/car/appear.jpg",
      "tif": "/attention/American/son/many.tif",
      "jpg_md5": "efc2f664-c8e0-4114-bf10-6b3514715a1f",
      "tif_md5": "a1c1ba27-233e-4a9f-a15f-28061163d792"
    }
  },
  {
    "model": "pp.image",
    "pk": "e42d5c5a-ba72-4f0c-a1ef-32f557e429b6",
    "fields": {
      "label": "",
      "jpg": "/reach/air/none/amount.jpg",
      "tif": "/life/new/point/huge.tif",
      "jpg_md5": "00f11e52-b57e-43fa-919d-f977e7935680",
      "tif_md5": "03e790e3-2bd1-4b82-8e84-08d01686e6a8"
    }
  },
  {
    "model": "pp.image",
    "pk": "e448505a-22a6-4de5-a8a8-661ddcd616ba",
    "fields": {
      "label": "",
      "jpg": "/than/minute/study/address.jpg",
      "tif": "/executive/when/chance/customer.tif",
      "jpg_md5": "3e8ad2a1-d811-4363-bccf-f151777c7e57",
      "tif_md5": "ed19c41a-2600-4568-ab60-a3f94ed297e5"
    }
  },
  {
    "model": "pp.image",
    "pk": "e71252b5-3e4a-4337-8e4d-f3d35689096f",
    "fields": {
      "label": "",
      "jpg": "/gun/practice/blood/age.jpg",
      "tif": "/wall/recently/perform/least.tif",
      "jpg_md5": "82c2b4a5-cfd3-4e4c-b94a-8c779c61a942",
      "tif_md5": "860beb50-55ac-4be9-9298-149350dba76d"
    }
  },
  {
    "model": "pp.image",
    "pk": "e88d8ed3-2335-4128-b7ba-df9022477f03",
    "fields": {
      "label": "",
      "jpg": "/window/enough/bed/year.jpg",
      "tif": "/know/unit/minute/seat.tif",
      "jpg_md5": "6e4c03f5-0123-4842-8e24-3a56366065b1",
      "tif_md5": "58db896b-3205-474d-bd6d-37414cfb686d"
    }
  },
  {
    "model": "pp.image",
    "pk": "ea1cd2cc-7cd2-46bb-944d-f3ba7aee258e",
    "fields": {
      "label": "",
      "jpg": "/discussion/thus/be/admit.jpg",
      "tif": "/court/head/school/heart.tif",
      "jpg_md5": "41157084-91b4-4242-b7b5-709fac541ae9",
      "tif_md5": "1dfd5c35-5ab9-4616-ba3f-257100cd5d37"
    }
  },
  {
    "model": "pp.image",
    "pk": "eb96dda0-bc61-40a4-bbf0-7a0e4ec5ff30",
    "fields": {
      "label": "",
      "jpg": "/case/window/you/fall.jpg",
      "tif": "/want/rest/example/size.tif",
      "jpg_md5": "b7ab5508-865b-4d3c-b0cd-520abc913440",
      "tif_md5": "01ae9c0d-87ce-400b-8f80-928ff6b97a50"
    }
  },
  {
    "model": "pp.image",
    "pk": "eda8e52c-16ff-4fc6-be3f-cead97c8b443",
    "fields": {
      "label": "",
      "jpg": "/past/concern/fact/national.jpg",
      "tif": "/give/television/thousand/bag.tif",
      "jpg_md5": "276d7449-a35a-45fc-8b09-5c85c8621dc7",
      "tif_md5": "6f770955-232a-46cb-a3f0-a2f05e0ea158"
    }
  },
  {
    "model": "pp.image",
    "pk": "ef010393-f566-41e7-9076-1ebb9ddae057",
    "fields": {
      "label": "",
      "jpg": "/young/but/last/hot.jpg",
      "tif": "/seem/rest/family/assume.tif",
      "jpg_md5": "3610b565-1e47-4318-9176-0eb1f4954111",
      "tif_md5": "9f04251c-74a3-457d-8a4c-c361948b7219"
    }
  },
  {
    "model": "pp.image",
    "pk": "f009726a-64f9-44ed-a1f7-7b9a85ff9e6b",
    "fields": {
      "label": "",
      "jpg": "/visit/without/matter/wish.jpg",
      "tif": "/man/another/week/despite.tif",
      "jpg_md5": "b94324f9-0620-4a86-add2-dfb9bf764ed7",
      "tif_md5": "94929764-3ab7-4a56-bd7a-f36ddc4c21cf"
    }
  },
  {
    "model": "pp.image",
    "pk": "f3cf7bd2-09b5-4b17-9303-2d0209c55931",
    "fields": {
      "label": "",
      "jpg": "/believe/onto/position/ok.jpg",
      "tif": "/accept/know/television/skill.tif",
      "jpg_md5": "1f131a29-7621-46a1-9724-ccd6783f9f23",
      "tif_md5": "878e3a58-ba28-44e0-a195-a0cb7523b4c2"
    }
  },
  {
    "model": "pp.image",
    "pk": "f87e8a15-fc3c-46aa-b747-86fa0514068a",
    "fields": {
      "label": "",
      "jpg": "/seek/bring/focus/air.jpg",
      "tif": "/pull/couple/bit/main.tif",
      "jpg_md5": "faed4919-6862-493d-a50d-747be89fc1c3",
      "tif_md5": "caa23f66-c79d-46fc-a3a2-2b5de24b6acf"
    }
  },
  {
    "model": "pp.image",
    "pk": "fd07109f-e2f5-4ee2-aa7d-e789d413a29b",
    "fields": {
      "label": "",
      "jpg": "/move/trouble/can/manage.jpg",
      "tif": "/why/month/business/war.tif",
      "jpg_md5": "2e27f9b3-a73f-4985-9abd-04769f6a71b6",
      "tif_md5": "72f685bf-eb5b-4953-863a-d1fa9cb8e833"
    }
  },
  {
    "model": "pp.spread",
    "pk": "545695fb-1638-4cd8-b54b-eca2a064b244",
    "fields": {
      "label": "",
      "image": "add0efe5-f91a-4773-9a98-ed60ad6153e4",
      "book": "7f011d30-a07e-48a2-bf86-5d90d5eeef50",
      "sequence": 1
    }
  },
  {
    "model": "pp.spread",
    "pk": "66ed32a8-67c3-4153-8245-38847012b083",
    "fields": {
      "label": "",
      "image": "8a59f2a2-d9bc-4a07-9270-a94414f62fdb",
      "book": "632ac978-1097-4492-8006-44d8ab3ba5ac",
      "sequence": 1
    }
  },
  {
    "model": "pp.spread",
    "pk": "d5ba3024-67e8-4c55-9d11-07b0974bf040",
    "fields": {
      "label": "",
      "image": "afba790b-f4ed-41a6-b3dd-1e514851f489",
      "book": "632ac978-1097-4492-8006-44d8ab3ba5ac",
      "sequence": 0
    }
  },
  {
    "model": "pp.spread",
    "pk": "d8d28a21-bb26-4ed7-b89d-368f7e32b142",
    "fields": {
      "label": "",
      "image": "c688b650-96a2-4234-9784-d0b2e089bc52",
      "book": "7f011d30-a07e-48a2-bf86-5d90d5eeef50",
      "sequence": 0
    }
  },
  {
    "model": "pp.page",
    "pk": "2123a623-fd14-4b54-bada-060d117e5a68",
    "fields": {
      "label": "",
      "image": "f009726a-64f9-44ed-a1f7-7b9a85ff9e6b",
      "spread": "d5ba3024-67e8-4c55-9d11-07b0974bf040",
      "side": "l",
      "x_min": 421,
      "x_max": 250,
      "created_by_run": "3deb2d61-0997-4a0c-861a-e7df8b27e49e"
    }
  },
  {
    "model": "pp.page",
    "pk": "6847c668-4561-49d1-83d8-ec6a1eae6ceb",
    "fields": {
      "label": "",
      "image": "20d7c0e4-ac6e-466c-9978-336149fcc433",
      "spread": "545695fb-1638-4cd8-b54b-eca2a064b244",
      "side": "l",
      "x_min": 330,
      "x_max": 494,
      "created_by_run": "41ddeb86-e83d-4768-96dd-f2ecfc2f80c5"
    }
  },
  {
    "model": "pp.page",
    "pk": "79ef1609-6366-4bbc-87df-a11b4edbcb14",
    "fields": {
      "label": "",
      "image": "caa4eb83-de35-498f-bbac-17cd6a213363",
      "spread": "66ed32a8-67c3-4153-8245-38847012b083",
      "side": "r",
      "x_min": 155,
      "x_max": 127,
      "created_by_run": "3deb2d61-0997-4a0c-861a-e7df8b27e49e"
    }
  },
  {
    "model": "pp.page",
    "pk": "901923b1-103c-4dc6-867d-885cf3e77fa9",
    "fields": {
      "label": "",
      "image": "54f67d60-0881-42ad-8da1-0d953cb93822",
      "spread": "545695fb-1638-4cd8-b54b-eca2a064b244",
      "side": "r",
      "x_min": 160,
      "x_max": 71,
      "created_by_run": "41ddeb86-e83d-4768-96dd-f2ecfc2f80c5"
    }
  },
  {
    "model": "pp.page",
    "pk": "a1dd2408-b0f0-4f92-9848-47c01ee75842",
    "fields": {
      "label": "",
      "image": "41c8a5bf-942a-41ed-8ad3-5ac63d755957",
      "spread": "66ed32a8-67c3-4153-8245-38847012b083",
      "side": "l",
      "x_min": 379,
      "x_max": 239,
      "created_by_run": "3deb2d61-0997-4a0c-861a-e7df8b27e49e"
    }
  },
  {
    "model": "pp.page",
    "pk": "c7b58f65-30b6-40cb-bf3c-55d5c90f76cd",
    "fields": {
      "label": "",
      "image": "57837216-e90a-4a1c-9b4d-bd2cd55d7c91",
      "spread": "d5ba3024-67e8-4c55-9d11-07b0974bf040",
      "side": "r",
      "x_min": 484,
      "x_max": 49,
      "created_by_run": "3deb2d61-0997-4a0c-861a-e7df8b27e49e"
    }
  },
  {
    "model": "pp.page",
    "pk": "c7b5e43e-2789-439d-bf3c-58784a23f896",
    "fields": {
      "label": "",
      "image": "2ee123e2-0dc2-4387-9619-9b185ed7ebc5",
      "spread": "d8d28a21-bb26-4ed7-b89d-368f7e32b142",
      "side": "l",
      "x_min": 127,
      "x_max": 289,
      "created_by_run": "41ddeb86-e83d-4768-96dd-f2ecfc2f80c5"
    }
  },
  {
    "model": "pp.page",
    "pk": "dc502d10-4324-4f7f-92de-193c6d3eead9",
    "fields": {
      "label": "",
      "image": "181231dc-f7ac-44df-8dd4-87fa0abfeada",
      "spread": "d8d28a21-bb26-4ed7-b89d-368f7e32b142",
      "side": "r",
      "x_min": 161,
      "x_max": 368,
      "created_by_run": "41ddeb86-e83d-4768-96dd-f2ecfc2f80c5"
    }
  },
  {
    "model": "pp.line",
    "pk": "05a7b16e-f7a4-41aa-bca5-72de25f35c47",
    "fields": {
      "label": "",
      "image": "eda8e52c-16ff-4fc6-be3f-cead97c8b443",
      "page": "2123a623-fd14-4b54-bada-060d117e5a68",
      "sequence": 1,
      "y_min": 267,
      "y_max": 452,
      "created_by_run": "1fad0375-7b4f-4cb8-ba36-ea6db62a8991"
    }
  },
  {
    "model": "pp.line",
    "pk": "117b7b41-06df-4181-b159-d5ee6de9a426",
    "fields": {
      "label": "",
      "image": "a9dc561f-47b1-4937-9734-1eb4a29772d0",
      "page": "2123a623-fd14-4b54-bada-060d117e5a68",
      "sequence": 2,
      "y_min": 473,
      "y_max": 496,
      "created_by_run": "1fad0375-7b4f-4cb8-ba36-ea6db62a8991"
    }
  },
  {
    "model": "pp.line",
    "pk": "35bfb914-b605-4edc-bf9c-73be710879ee",
    "fields": {
      "label": "",
      "image": "90a77432-bb7b-4f0b-8a82-12baff4d6cec",
      "page": "79ef1609-6366-4bbc-87df-a11b4edbcb14",
      "sequence": 1,
      "y_min": 278,
      "y_max": 476,
      "created_by_run": "1fad0375-7b4f-4cb8-ba36-ea6db62a8991"
    }
  },
  {
    "model": "pp.line",
    "pk": "3f55ec25-fc0f-4446-b945-7da7ac5fc61f",
    "fields": {
      "label": "",
      "image": "b40239c0-457b-4416-bace-cbf937926d4a",
      "page": "dc502d10-4324-4f7f-92de-193c6d3eead9",
      "sequence": 1,
      "y_min": 359,
      "y_max": 391,
      "created_by_run": "744a4c52-2335-4711-8d78-306d3d629d84"
    }
  },
  {
    "model": "pp.line",
    "pk": "4b69af30-3cbe-415f-9224-f12996cfcad2",
    "fields": {
      "label": "",
      "image": "e047bb7b-25e8-48e8-ba51-9aa1703abe01",
      "page": "dc502d10-4324-4f7f-92de-193c6d3eead9",
      "sequence": 0,
      "y_min": 45,
      "y_max": 499,
      "created_by_run": "744a4c52-2335-4711-8d78-306d3d629d84"
    }
  },
  {
    "model": "pp.line",
    "pk": "5196ebbb-f1df-4b17-97bf-1a0d96ba3151",
    "fields": {
      "label": "",
      "image": "1b484f4f-aaca-4f50-abee-b1f10586276d",
      "page": "a1dd2408-b0f0-4f92-9848-47c01ee75842",
      "sequence": 1,
      "y_min": 342,
      "y_max": 430,
      "created_by_run": "1fad0375-7b4f-4cb8-ba36-ea6db62a8991"
    }
  },
  {
    "model": "pp.line",
    "pk": "5af7debd-fa2b-4e92-948c-31feaecdbcdc",
    "fields": {
      "label": "",
      "image": "11462a01-0745-4d4c-8edf-ff280f9cdcad",
      "page": "c7b5e43e-2789-439d-bf3c-58784a23f896",
      "sequence": 0,
      "y_min": 338,
      "y_max": 35,
      "created_by_run": "744a4c52-2335-4711-8d78-306d3d629d84"
    }
  },
  {
    "model": "pp.line",
    "pk": "5d1709ba-a669-4b9e-a377-1ac6f1f5b79d",
    "fields": {
      "label": "",
      "image": "07bb8659-f1c9-4ad7-a4ea-cd5a6b513867",
      "page": "c7b58f65-30b6-40cb-bf3c-55d5c90f76cd",
      "sequence": 2,
      "y_min": 121,
      "y_max": 145,
      "created_by_run": "1fad0375-7b4f-4cb8-ba36-ea6db62a8991"
    }
  },
  {
    "model": "pp.line",
    "pk": "6b44971b-bcbd-4711-8698-6dfe597b4950",
    "fields": {
      "label": "",
      "image": "ddafbe19-e123-4b15-88d1-92d6a0ee15f2",
      "page": "79ef1609-6366-4bbc-87df-a11b4edbcb14",
      "sequence": 0,
      "y_min": 360,
      "y_max": 176,
      "created_by_run": "1fad0375-7b4f-4cb8-ba36-ea6db62a8991"
    }
  },
  {
    "model": "pp.line",
    "pk": "741a1003-a1dd-45b6-a26b-a5d8ce3536a9",
    "fields": {
      "label": "",
      "image": "be3d4eea-157c-4c92-a136-451117171d8a",
      "page": "a1dd2408-b0f0-4f92-9848-47c01ee75842",
      "sequence": 0,
      "y_min": 329,
      "y_max": 295,
      "created_by_run": "1fad0375-7b4f-4cb8-ba36-ea6db62a8991"
    }
  },
  {
    "model": "pp.line",
    "pk": "7bdf05ce-3e83-44a8-b917-a7c889719dbd",
    "fields": {
      "label": "",
      "image": "56478bff-b172-4e80-83f6-ed3be416eb7a",
      "page": "c7b5e43e-2789-439d-bf3c-58784a23f896",
      "sequence": 1,
      "y_min": 320,
      "y_max": 137,
      "created_by_run": "744a4c52-2335-4711-8d78-306d3d629d84"
    }
  },
  {
    "model": "pp.line",
    "pk": "7d36a825-fe8c-4e57-9efc-e320a198eec5",
    "fields": {
      "label": "",
      "image": "35ad1530-ff70-4d87-bc69-9da3856b136d",
      "page": "c7b58f65-30b6-40cb-bf3c-55d5c90f76cd",
      "sequence": 0,
      "y_min": 446,
      "y_max": 446,
      "created_by_run": "1fad0375-7b4f-4cb8-ba36-ea6db62a8991"
    }
  },
  {
    "model": "pp.line",
    "pk": "7e3b99e9-8a3d-4865-9176-8bb8b3e006a8",
    "fields": {
      "label": "",
      "image": "225ec639-1cf2-4574-8612-34253a43e286",
      "page": "c7b58f65-30b6-40cb-bf3c-55d5c90f76cd",
      "sequence": 1,
      "y_min": 342,
      "y_max": 152,
      "created_by_run": "1fad0375-7b4f-4cb8-ba36-ea6db62a8991"
    }
  },
  {
    "model": "pp.line",
    "pk": "8159b7ff-6f61-4be0-8b49-cb57fd774ef8",
    "fields": {
      "label": "",
      "image": "cbd0246e-35d8-44c1-b200-18922982f1ed",
      "page": "a1dd2408-b0f0-4f92-9848-47c01ee75842",
      "sequence": 2,
      "y_min": 181,
      "y_max": 317,
      "created_by_run": "1fad0375-7b4f-4cb8-ba36-ea6db62a8991"
    }
  },
  {
    "model": "pp.line",
    "pk": "8809aac8-0ac3-4d2c-b0c0-07b583a8e97c",
    "fields": {
      "label": "",
      "image": "eb96dda0-bc61-40a4-bbf0-7a0e4ec5ff30",
      "page": "c7b5e43e-2789-439d-bf3c-58784a23f896",
      "sequence": 2,
      "y_min": 349,
      "y_max": 13,
      "created_by_run": "744a4c52-2335-4711-8d78-306d3d629d84"
    }
  },
  {
    "model": "pp.line",
    "pk": "8a9c2b46-f22f-4d21-8327-1078fb02dd4f",
    "fields": {
      "label": "",
      "image": "b1bf8e69-7fbc-440b-ac9f-eb62eb42c0b7",
      "page": "2123a623-fd14-4b54-bada-060d117e5a68",
      "sequence": 0,
      "y_min": 258,
      "y_max": 177,
      "created_by_run": "1fad0375-7b4f-4cb8-ba36-ea6db62a8991"
    }
  },
  {
    "model": "pp.line",
    "pk": "94e81ad3-a79e-43f4-bcc0-1688eb8c44bf",
    "fields": {
      "label": "",
      "image": "c8727c52-495d-45b3-9064-1794a065113f",
      "page": "6847c668-4561-49d1-83d8-ec6a1eae6ceb",
      "sequence": 2,
      "y_min": 11,
      "y_max": 206,
      "created_by_run": "744a4c52-2335-4711-8d78-306d3d629d84"
    }
  },
  {
    "model": "pp.line",
    "pk": "9cf30b76-1828-4587-a86f-bbf7515657a7",
    "fields": {
      "label": "",
      "image": "bb787024-7e6b-4dff-a861-0fb1a29b1bdd",
      "page": "901923b1-103c-4dc6-867d-885cf3e77fa9",
      "sequence": 2,
      "y_min": 48,
      "y_max": 394,
      "created_by_run": "744a4c52-2335-4711-8d78-306d3d629d84"
    }
  },
  {
    "model": "pp.line",
    "pk": "d823d4f7-41d3-4e5e-8805-cbe302d01f17",
    "fields": {
      "label": "",
      "image": "7c2e796c-5ee8-45e2-a9d2-983322e7c18b",
      "page": "79ef1609-6366-4bbc-87df-a11b4edbcb14",
      "sequence": 2,
      "y_min": 83,
      "y_max": 116,
      "created_by_run": "1fad0375-7b4f-4cb8-ba36-ea6db62a8991"
    }
  },
  {
    "model": "pp.line",
    "pk": "e077e5cb-461d-4471-ae31-ca6f9c5ffc92",
    "fields": {
      "label": "",
      "image": "0514846a-78c4-406f-b383-1016f0f36468",
      "page": "901923b1-103c-4dc6-867d-885cf3e77fa9",
      "sequence": 1,
      "y_min": 102,
      "y_max": 433,
      "created_by_run": "744a4c52-2335-4711-8d78-306d3d629d84"
    }
  },
  {
    "model": "pp.line",
    "pk": "f2970c36-1746-4b1a-8cfe-17d0e52ea92d",
    "fields": {
      "label": "",
      "image": "189c521e-651c-4537-b5db-6599fa59ba27",
      "page": "6847c668-4561-49d1-83d8-ec6a1eae6ceb",
      "sequence": 1,
      "y_min": 438,
      "y_max": 467,
      "created_by_run": "744a4c52-2335-4711-8d78-306d3d629d84"
    }
  },
  {
    "model": "pp.line",
    "pk": "fa944ef4-a252-4245-9f65-8d6ccf862d94",
    "fields": {
      "label": "",
      "image": "22aa263a-8858-4d27-800d-ff5edd6956f1",
      "page": "901923b1-103c-4dc6-867d-885cf3e77fa9",
      "sequence": 0,
      "y_min": 345,
      "y_max": 280,
      "created_by_run": "744a4c52-2335-4711-8d78-306d3d629d84"
    }
  },
  {
    "model": "pp.line",
    "pk": "fcc6c6a3-23d0-42f8-9b96-4c2d012360c6",
    "fields": {
      "label": "",
      "image": "dbec8481-38ad-4614-882e-3f85b98e0d5f",
      "page": "dc502d10-4324-4f7f-92de-193c6d3eead9",
      "sequence": 2,
      "y_min": 268,
      "y_max": 243,
      "created_by_run": "744a4c52-2335-4711-8d78-306d3d629d84"
    }
  },
  {
    "model": "pp.line",
    "pk": "fd0f4ab9-2a53-470c-aa79-b7d790b6f9ee",
    "fields": {
      "label": "",
      "image": "dd4f798d-3378-4790-96e9-9ae2332fb9f3",
      "page": "6847c668-4561-49d1-83d8-ec6a1eae6ceb",
      "sequence": 0,
      "y_min": 311,
      "y_max": 11,
      "created_by_run": "744a4c52-2335-4711-8d78-306d3d629d84"
    }
  },
  {
    "model": "pp.linegroup",
    "pk": "0f7c4848-82e3-4243-9ed3-52d78eae384e",
    "fields": {
      "label": "",
      "page": "c7b58f65-30b6-40cb-bf3c-55d5c90f76cd",
      "created_by_run": "388054c9-154e-464c-bcc7-ccdeb8aeb026",
      "lines": [
        "5d1709ba-a669-4b9e-a377-1ac6f1f5b79d"
      ]
    }
  },
  {
    "model": "pp.linegroup",
    "pk": "2464225c-ae3a-4f1e-96bd-411e2a6c220b",
    "fields": {
      "label": "",
      "page": "a1dd2408-b0f0-4f92-9848-47c01ee75842",
      "created_by_run": "388054c9-154e-464c-bcc7-ccdeb8aeb026",
      "lines": [
        "741a1003-a1dd-45b6-a26b-a5d8ce3536a9"
      ]
    }
  },
  {
    "model": "pp.linegroup",
    "pk": "47f46d69-a144-4144-b37e-0df3ddf263a2",
    "fields": {
      "label": "",
      "page": "901923b1-103c-4dc6-867d-885cf3e77fa9",
      "created_by_run": "db27c40d-2e1a-48ff-a157-d3adfb5640d0",
      "lines": [
        "fa944ef4-a252-4245-9f65-8d6ccf862d94"
      ]
    }
  },
  {
    "model": "pp.linegroup",
    "pk": "4999db6f-82c4-444d-b807-eff2303fc249",
    "fields": {
      "label": "",
      "page": "2123a623-fd14-4b54-bada-060d117e5a68",
      "created_by_run": "388054c9-154e-464c-bcc7-ccdeb8aeb026",
      "lines": [
        "05a7b16e-f7a4-41aa-bca5-72de25f35c47"
      ]
    }
  },
  {
    "model": "pp.linegroup",
    "pk": "4f61b1c6-f724-43dd-94ea-0aafdf744efb",
    "fields": {
      "label": "",
      "page": "c7b5e43e-2789-439d-bf3c-58784a23f896",
      "created_by_run": "db27c40d-2e1a-48ff-a157-d3adfb5640d0",
      "lines": [
        "7bdf05ce-3e83-44a8-b917-a7c889719dbd"
      ]
    }
  },
  {
    "model": "pp.linegroup",
    "pk": "55e5a4c1-e3f1-4fbf-bad6-d2b5e1523879",
    "fields": {
      "label": "",
      "page": "901923b1-103c-4dc6-867d-885cf3e77fa9",
      "created_by_run": "db27c40d-2e1a-48ff-a157-d3adfb5640d0",
      "lines": [
        "9cf30b76-1828-4587-a86f-bbf7515657a7"
      ]
    }
  },
  {
    "model": "pp.linegroup",
    "pk": "66a224d5-061e-4bf0-a2ad-a84fce588f94",
    "fields": {
      "label": "",
      "page": "a1dd2408-b0f0-4f92-9848-47c01ee75842",
      "created_by_run": "388054c9-154e-464c-bcc7-ccdeb8aeb026",
      "lines": [
        "5196ebbb-f1df-4b17-97bf-1a0d96ba3151"
      ]
    }
  },
  {
    "model": "pp.linegroup",
    "pk": "8f846125-c57f-4f93-8635-8e9c45b9528f",
    "fields": {
      "label": "",
      "page": "79ef1609-6366-4bbc-87df-a11b4edbcb14",
      "created_by_run": "388054c9-154e-464c-bcc7-ccdeb8aeb026",
      "lines": [
        "6b44971b-bcbd-4711-8698-6dfe597b4950"
      ]
    }
  },
  {
    "model": "pp.linegroup",
    "pk": "9051f185-cb3d-4343-ac39-146840aca251",
    "fields": {
      "label": "",
      "page": "c7b58f65-30b6-40cb-bf3c-55d5c90f76cd",
      "created_by_run": "388054c9-154e-464c-bcc7-ccdeb8aeb026",
      "lines": [
        "7e3b99e9-8a3d-4865-9176-8bb8b3e006a8"
      ]
    }
  },
  {
    "model": "pp.linegroup",
    "pk": "9d94f224-999a-4a74-8e16-9bd6c8661b1c",
    "fields": {
      "label": "",
      "page": "2123a623-fd14-4b54-bada-060d117e5a68",
      "created_by_run": "388054c9-154e-464c-bcc7-ccdeb8aeb026",
      "lines": [
        "117b7b41-06df-4181-b159-d5ee6de9a426"
      ]
    }
  },
  {
    "model": "pp.linegroup",
    "pk": "a69f6f7c-841c-416b-8edd-2c1805612dfa",
    "fields": {
      "label": "",
      "page": "79ef1609-6366-4bbc-87df-a11b4edbcb14",
      "created_by_run": "388054c9-154e-464c-bcc7-ccdeb8aeb026",
      "lines": [
        "d823d4f7-41d3-4e5e-8805-cbe302d01f17"
      ]
    }
  },
  {
    "model": "pp.linegroup",
    "pk": "ca498eac-4026-405f-a585-7208b18cac00",
    "fields": {
      "label": "",
      "page": "dc502d10-4324-4f7f-92de-193c6d3eead9",
      "created_by_run": "db27c40d-2e1a-48ff-a157-d3adfb5640d0",
      "lines": [
        "4b69af30-3cbe-415f-9224-f12996cfcad2"
      ]
    }
  },
  {
    "model": "pp.linegroup",
    "pk": "d7b7bf12-36c8-44b4-9e94-6d42fe2f16f6",
    "fields": {
      "label": "",
      "page": "c7b5e43e-2789-439d-bf3c-58784a23f896",
      "created_by_run": "db27c40d-2e1a-48ff-a157-d3adfb5640d0",
      "lines": [
        "7bdf05ce-3e83-44a8-b917-a7c889719dbd"
      ]
    }
  },
  {
    "model": "pp.linegroup",
    "pk": "ed33c904-505f-41e8-85a1-2bcb20c5c2f2",
    "fields": {
      "label": "",
      "page": "6847c668-4561-49d1-83d8-ec6a1eae6ceb",
      "created_by_run": "db27c40d-2e1a-48ff-a157-d3adfb5640d0",
      "lines": [
        "94e81ad3-a79e-43f4-bcc0-1688eb8c44bf"
      ]
    }
  },
  {
    "model": "pp.linegroup",
    "pk": "f89bd2fe-6a25-464d-83d4-02fc7e08c7e8",
    "fields": {
      "label": "",
      "page": "dc502d10-4324-4f7f-92de-193c6d3eead9",
      "created_by_run": "db27c40d-2e1a-48ff-a157-d3adfb5640d0",
      "lines": [
        "4b69af30-3cbe-415f-9224-f12996cfcad2"
      ]
    }
  },
  {
    "model": "pp.linegroup",
    "pk": "fff7246d-a9ad-47c7-9534-cd3e13301517",
    "fields": {
      "label": "",
      "page": "6847c668-4561-49d1-83d8-ec6a1eae6ceb",
      "created_by_run": "db27c40d-2e1a-48ff-a157-d3adfb5640d0",
      "lines": [
        "94e81ad3-a79e-43f4-bcc0-1688eb8c44bf"
      ]
    }
  },
  {
    "model": "pp.characterclass",
    "pk": "a",
    "fields": {}
  },
  {
    "model": "pp.characterclass",
    "pk": "b",
    "fields": {}
  },
  {
    "model": "pp.characterclass",
    "pk": "c",
    "fields": {}
  },
  {
    "model": "pp.character",
    "pk": "053fbea7-fc7e-49ac-85e9-ea7077e528c2",
    "fields": {
      "label": "",
      "line": "5af7debd-fa2b-4e92-948c-31feaecdbcdc",
      "sequence": 0,
      "x_min": 404,
      "x_max": 77,
      "character_class": "b",
      "human_character_class": null,
      "class_probability": 0.666340737438025,
      "created_by_run": "1fb3823b-0dda-413b-b1ea-c8eb9b4950c8",
      "data": "08b254ba-87b4-45a1-8e12-419962ede239"
    }
  },
  {
    "model": "pp.character",
    "pk": "0d3c6678-89df-4e0e-bfe3-ef5ff607a84b",
    "fields": {
      "label": "",
      "line": "7bdf05ce-3e83-44a8-b917-a7c889719dbd",
      "sequence": 0,
      "x_min": 485,
      "x_max": 493,
      "character_class": "b",
      "human_character_class": null,
      "class_probability": 0.111789429323803,
      "created_by_run": "1fb3823b-0dda-413b-b1ea-c8eb9b4950c8",
      "data": "c72cf390-ebcf-4a8d-ad43-5c61b6e40360"
    }
  },
  {
    "model": "pp.character",
    "pk": "1017dc2c-f239-4575-835d-81fc0a297160",
    "fields": {
      "label": "",
      "line": "94e81ad3-a79e-43f4-bcc0-1688eb8c44bf",
      "sequence": 0,
      "x_min": 344,
      "x_max": 480,
      "character_class": "b",
      "human_character_class": null,
      "class_probability": 0.546007623331756,
      "created_by_run": "1fb3823b-0dda-413b-b1ea-c8eb9b4950c8",
      "data": "93df01a4-7e56-4472-94b5-0e47784a448d"
    }
  },
  {
    "model": "pp.character",
    "pk": "16093440-82bd-44a7-89f6-67282fe421d7",
    "fields": {
      "label": "",
      "line": "f2970c36-1746-4b1a-8cfe-17d0e52ea92d",
      "sequence": 0,
      "x_min": 384,
      "x_max": 130,
      "character_class": "b",
      "human_character_class": null,
      "class_probability": 0.802866646560338,
      "created_by_run": "36baaed7-d29b-4271-a4bc-d12e26d0289c",
      "data": "400ac8e5-ea20-40a5-b25f-1e9cf8bb1e00"
    }
  },
  {
    "model": "pp.character",
    "pk": "178e22fb-1dcd-4833-a2a0-e875179ee2a4",
    "fields": {
      "label": "",
      "line": "741a1003-a1dd-45b6-a26b-a5d8ce3536a9",
      "sequence": 0,
      "x_min": 216,
      "x_max": 18,
      "character_class": "b",
      "human_character_class": null,
      "class_probability": 0.145871761735573,
      "created_by_run": "1fb3823b-0dda-413b-b1ea-c8eb9b4950c8",
      "data": "6fdf87cc-24dc-446c-9945-ab1b284718ee"
    }
  },
  {
    "model": "pp.character",
    "pk": "1f40de82-9d0c-4247-abd1-d49709a5faf0",
    "fields": {
      "label": "",
      "line": "7e3b99e9-8a3d-4865-9176-8bb8b3e006a8",
      "sequence": 0,
      "x_min": 332,
      "x_max": 232,
      "character_class": "b",
      "human_character_class": null,
      "class_probability": 0.173917160222498,
      "created_by_run": "1fb3823b-0dda-413b-b1ea-c8eb9b4950c8",
      "data": "ad99300d-eaa4-49bb-a1d7-947c6f5acd1f"
    }
  },
  {
    "model": "pp.character",
    "pk": "212a795b-3591-4341-9444-26983c9d844a",
    "fields": {
      "label": "",
      "line": "5196ebbb-f1df-4b17-97bf-1a0d96ba3151",
      "sequence": 1,
      "x_min": 131,
      "x_max": 166,
      "character_class": "c",
      "human_character_class": null,
      "class_probability": 0.842633104967838,
      "created_by_run": "1fb3823b-0dda-413b-b1ea-c8eb9b4950c8",
      "data": "1cd2fc97-2fce-4839-b054-af79978926d3"
    }
  },
  {
    "model": "pp.character",
    "pk": "271fc5c8-5883-4066-938d-cc01ab22565d",
    "fields": {
      "label": "",
      "line": "7bdf05ce-3e83-44a8-b917-a7c889719dbd",
      "sequence": 1,
      "x_min": 68,
      "x_max": 283,
      "character_class": "c",
      "human_character_class": null,
      "class_probability": 0.216804598919336,
      "created_by_run": "1fb3823b-0dda-413b-b1ea-c8eb9b4950c8",
      "data": "b8cce88f-481e-4679-a855-4111023a6098"
    }
  },
  {
    "model": "pp.character",
    "pk": "2795c285-3179-4b15-8817-8c9416f9972d",
    "fields": {
      "label": " c. 1",
      "line": "8a9c2b46-f22f-4d21-8327-1078fb02dd4f",
      "sequence": 1,
      "x_min": 115,
      "x_max": 301,
      "character_class": "a",
      "human_character_class": "a",
      "class_probability": 0.0295541786733625,
      "created_by_run": "1fb3823b-0dda-413b-b1ea-c8eb9b4950c8",
      "data": "d5aa0731-fd27-4262-b627-2fd15553e509"
    }
  },
  {
    "model": "pp.character",
    "pk": "3696ce0b-bfdd-45a5-b67d-a912616d8b8f",
    "fields": {
      "label": "",
      "line": "6b44971b-bcbd-4711-8698-6dfe597b4950",
      "sequence": 1,
      "x_min": 17,
      "x_max": 142,
      "character_class": "a",
      "human_character_class": "b",
      "class_probability": 0.550627138396195,
      "created_by_run": "1fb3823b-0dda-413b-b1ea-c8eb9b4950c8",
      "data": "5242a6dc-a80f-4f3c-be87-399ee6e49f14"
    }
  },
  {
    "model": "pp.character",
    "pk": "3b8947cd-c2ab-4095-9810-4b023342995c",
    "fields": {
      "label": "",
      "line": "4b69af30-3cbe-415f-9224-f12996cfcad2",
      "sequence": 1,
      "x_min": 50,
      "x_max": 429,
      "character_class": "b",
      "human_character_class": null,
      "class_probability": 0.157461681141933,
      "created_by_run": "1fb3823b-0dda-413b-b1ea-c8eb9b4950c8",
      "data": "b0a55192-810b-47cf-ad29-ef679a873951"
    }
  },
  {
    "model": "pp.character",
    "pk": "3ecfbfce-8c53-45bb-a5c2-f076e6720773",
    "fields": {
      "label": "",
      "line": "6b44971b-bcbd-4711-8698-6dfe597b4950",
      "sequence": 0,
      "x_min": 296,
      "x_max": 282,
      "character_class": "c",
      "human_character_class": null,
      "class_probability": 0.615421365769905,
      "created_by_run": "1fb3823b-0dda-413b-b1ea-c8eb9b4950c8",
      "data": "891e8758-2b10-42c8-bcec-e94e9b2857f5"
    }
  },
  {
    "model": "pp.character",
    "pk": "3f59382d-f22f-4932-b237-1464ab40a29a",
    "fields": {
      "label": "",
      "line": "7bdf05ce-3e83-44a8-b917-a7c889719dbd",
      "sequence": 1,
      "x_min": 68,
      "x_max": 467,
      "character_class": "b",
      "human_character_class": null,
      "class_probability": 0.686354520128766,
      "created_by_run": "36baaed7-d29b-4271-a4bc-d12e26d0289c",
      "data": "33875e30-9d8a-44d8-8939-819d25f212da"
    }
  },
  {
    "model": "pp.character",
    "pk": "4196c905-4236-41d5-a8be-ec1ac500b6b5",
    "fields": {
      "label": "",
      "line": "9cf30b76-1828-4587-a86f-bbf7515657a7",
      "sequence": 0,
      "x_min": 467,
      "x_max": 186,
      "character_class": "c",
      "human_character_class": null,
      "class_probability": 0.870492189504647,
      "created_by_run": "36baaed7-d29b-4271-a4bc-d12e26d0289c",
      "data": "cbb71696-b2fe-49ef-bfce-3ae35b20e86a"
    }
  },
  {
    "model": "pp.character",
    "pk": "464a4756-f3bb-4952-9879-bf7c83554844",
    "fields": {
      "label": "",
      "line": "7bdf05ce-3e83-44a8-b917-a7c889719dbd",
      "sequence": 0,
      "x_min": 259,
      "x_max": 40,
      "character_class": "a",
      "human_character_class": null,
      "class_probability": 0.987681884975753,
      "created_by_run": "36baaed7-d29b-4271-a4bc-d12e26d0289c",
      "data": "e2799e58-3d48-4936-85d2-6e5c89bbeca4"
    }
  },
  {
    "model": "pp.character",
    "pk": "49d9d5e5-e91e-40b0-bc76-ebc57e7f0d5f",
    "fields": {
      "label": "",
      "line": "7d36a825-fe8c-4e57-9efc-e320a198eec5",
      "sequence": 0,
      "x_min": 269,
      "x_max": 300,
      "character_class": "a",
      "human_character_class": null,
      "class_probability": 0.577222371839628,
      "created_by_run": "1fb3823b-0dda-413b-b1ea-c8eb9b4950c8",
      "data": "83b8341e-3f21-4dc6-b1f9-98b92fd7deca"
    }
  },
  {
    "model": "pp.character",
    "pk": "4cd0a368-d120-4d32-b7f4-4b7dddbaef8f",
    "fields": {
      "label": "",
      "line": "f2970c36-1746-4b1a-8cfe-17d0e52ea92d",
      "sequence": 1,
      "x_min": 196,
      "x_max": 417,
      "character_class": "a",
      "human_character_class": null,
      "class_probability": 0.0890081740400398,
      "created_by_run": "1fb3823b-0dda-413b-b1ea-c8eb9b4950c8",
      "data": "afa23149-6a2f-4440-82bc-d0a48ea6e800"
    }
  },
  {
    "model": "pp.character",
    "pk": "4f1492e4-c57b-405f-a06c-a5aaf31510d8",
    "fields": {
      "label": "",
      "line": "5af7debd-fa2b-4e92-948c-31feaecdbcdc",
      "sequence": 1,
      "x_min": 8,
      "x_max": 395,
      "character_class": "a",
      "human_character_class": null,
      "class_probability": 0.38656168066942,
      "created_by_run": "36baaed7-d29b-4271-a4bc-d12e26d0289c",
      "data": "331b19f9-27a5-4245-a84f-012bc9a7dcbf"
    }
  },
  {
    "model": "pp.character",
    "pk": "531e1999-f3c6-48ef-9088-6a355a7ae81a",
    "fields": {
      "label": "",
      "line": "fcc6c6a3-23d0-42f8-9b96-4c2d012360c6",
      "sequence": 0,
      "x_min": 101,
      "x_max": 126,
      "character_class": "c",
      "human_character_class": null,
      "class_probability": 0.435655676072382,
      "created_by_run": "36baaed7-d29b-4271-a4bc-d12e26d0289c",
      "data": "c004e284-442e-4755-94d4-51d14a0b55c4"
    }
  },
  {
    "model": "pp.character",
    "pk": "60631827-b606-475e-8544-e17293d1b594",
    "fields": {
      "label": "",
      "line": "fcc6c6a3-23d0-42f8-9b96-4c2d012360c6",
      "sequence": 1,
      "x_min": 116,
      "x_max": 455,
      "character_class": "b",
      "human_character_class": null,
      "class_probability": 0.528313938002359,
      "created_by_run": "36baaed7-d29b-4271-a4bc-d12e26d0289c",
      "data": "17071b62-e72e-488b-a88d-6539ca0dcf35"
    }
  },
  {
    "model": "pp.character",
    "pk": "6224fc6d-3f32-49b4-b2d6-69fc47d2db45",
    "fields": {
      "label": "",
      "line": "8159b7ff-6f61-4be0-8b49-cb57fd774ef8",
      "sequence": 1,
      "x_min": 271,
      "x_max": 77,
      "character_class": "a",
      "human_character_class": null,
      "class_probability": 0.218390693751738,
      "created_by_run": "1fb3823b-0dda-413b-b1ea-c8eb9b4950c8",
      "data": "d3df95f1-39a1-405d-9d55-2b5d0aa5bbdd"
    }
  },
  {
    "model": "pp.character",
    "pk": "6519d749-1541-4b40-87ea-501d09e3aaf5",
    "fields": {
      "label": "",
      "line": "8809aac8-0ac3-4d2c-b0c0-07b583a8e97c",
      "sequence": 0,
      "x_min": 246,
      "x_max": 392,
      "character_class": "a",
      "human_character_class": null,
      "class_probability": 0.499156768682294,
      "created_by_run": "36baaed7-d29b-4271-a4bc-d12e26d0289c",
      "data": "4db1d91d-3011-43cb-bf52-806927d4683e"
    }
  },
  {
    "model": "pp.character",
    "pk": "6b519bd7-2f8d-4d5e-b7e2-79ee5c85d2d6",
    "fields": {
      "label": "",
      "line": "05a7b16e-f7a4-41aa-bca5-72de25f35c47",
      "sequence": 1,
      "x_min": 112,
      "x_max": 437,
      "character_class": "c",
      "human_character_class": null,
      "class_probability": 0.776905838169471,
      "created_by_run": "1fb3823b-0dda-413b-b1ea-c8eb9b4950c8",
      "data": "a0d906e2-79e0-4f24-960f-cd214c9c660f"
    }
  },
  {
    "model": "pp.character",
    "pk": "6c931287-7104-4fa5-977b-019931960f7c",
    "fields": {
      "label": "",
      "line": "d823d4f7-41d3-4e5e-8805-cbe302d01f17",
      "sequence": 1,
      "x_min": 180,
      "x_max": 404,
      "character_class": "b",
      "human_character_class": null,
      "class_probability": 0.861902707449341,
      "created_by_run": "1fb3823b-0dda-413b-b1ea-c8eb9b4950c8",
      "data": "36b022a2-9cc4-4afb-9891-d95fc64bfbd2"
    }
  },
  {
    "model": "pp.character",
    "pk": "70622f4d-c957-49f1-a44f-799b8eed2443",
    "fields": {
      "label": "",
      "line": "fa944ef4-a252-4245-9f65-8d6ccf862d94",
      "sequence": 1,
      "x_min": 297,
      "x_max": 192,
      "character_class": "b",
      "human_character_class": null,
      "class_probability": 0.00997842298469709,
      "created_by_run": "36baaed7-d29b-4271-a4bc-d12e26d0289c",
      "data": "9c92c21f-20d8-4597-b556-f92ff63a191d"
    }
  },
  {
    "model": "pp.character",
    "pk": "70b81295-7ddd-4877-aeb1-fc9ed4140df2",
    "fields": {
      "label": "",
      "line": "8809aac8-0ac3-4d2c-b0c0-07b583a8e97c",
      "sequence": 1,
      "x_min": 457,
      "x_max": 202,
      "character_class": "c",
      "human_character_class": null,
      "class_probability": 0.533996396164125,
      "created_by_run": "1fb3823b-0dda-413b-b1ea-c8eb9b4950c8",
      "data": "1e5dd9b8-2e88-46a3-b3f9-32bc6e8ec6fd"
    }
  },
  {
    "model": "pp.character",
    "pk": "721742fb-085c-417e-a9b4-cb460de79728",
    "fields": {
      "label": "",
      "line": "e077e5cb-461d-4471-ae31-ca6f9c5ffc92",
      "sequence": 1,
      "x_min": 261,
      "x_max": 167,
      "character_class": "a",
      "human_character_class": null,
      "class_probability": 0.0248303449052402,
      "created_by_run": "1fb3823b-0dda-413b-b1ea-c8eb9b4950c8",
      "data": "0a2df8a8-5897-4c30-95ba-2999d1b302fe"
    }
  },
  {
    "model": "pp.character",
    "pk": "72b11b11-1aa8-4059-bbc9-715f36b7d9bd",
    "fields": {
      "label": "",
      "line": "f2970c36-1746-4b1a-8cfe-17d0e52ea92d",
      "sequence": 1,
      "x_min": 337,
      "x_max": 49,
      "character_class": "b",
      "human_character_class": null,
      "class_probability": 0.957197530326643,
      "created_by_run": "36baaed7-d29b-4271-a4bc-d12e26d0289c",
      "data": "da3cabe6-7144-4289-8b0b-acc026cb5ce1"
    }
  },
  {
    "model": "pp.character",
    "pk": "733aedcf-4e5c-4867-bfa2-cc1f0d2db74f",
    "fields": {
      "label": "",
      "line": "8809aac8-0ac3-4d2c-b0c0-07b583a8e97c",
      "sequence": 0,
      "x_min": 292,
      "x_max": 305,
      "character_class": "a",
      "human_character_class": null,
      "class_probability": 0.789411677849571,
      "created_by_run": "1fb3823b-0dda-413b-b1ea-c8eb9b4950c8",
      "data": "82923003-b14d-4102-b861-91a9b26ea8c0"
    }
  },
  {
    "model": "pp.character",
    "pk": "75d29705-ef80-40e0-b275-0f3a0819508a",
    "fields": {
      "label": "",
      "line": "5d1709ba-a669-4b9e-a377-1ac6f1f5b79d",
      "sequence": 0,
      "x_min": 38,
      "x_max": 482,
      "character_class": "c",
      "human_character_class": null,
      "class_probability": 0.932038068865182,
      "created_by_run": "1fb3823b-0dda-413b-b1ea-c8eb9b4950c8",
      "data": "044b10ec-61fc-438f-80c9-678e79c31169"
    }
  },
  {
    "model": "pp.character",
    "pk": "7c18eafd-7573-48ce-94db-1353f4e888e9",
    "fields": {
      "label": "",
      "line": "f2970c36-1746-4b1a-8cfe-17d0e52ea92d",
      "sequence": 0,
      "x_min": 440,
      "x_max": 341,
      "character_class": "c",
      "human_character_class": null,
      "class_probability": 0.79121812566658,
      "created_by_run": "1fb3823b-0dda-413b-b1ea-c8eb9b4950c8",
      "data": "e2441f1f-4a43-4453-8ba0-68d961858f81"
    }
  },
  {
    "model": "pp.character",
    "pk": "7ec22b26-c272-4e53-8ea6-95e9d6fbf2c1",
    "fields": {
      "label": "",
      "line": "d823d4f7-41d3-4e5e-8805-cbe302d01f17",
      "sequence": 0,
      "x_min": 264,
      "x_max": 6,
      "character_class": "a",
      "human_character_class": null,
      "class_probability": 0.454953853072034,
      "created_by_run": "1fb3823b-0dda-413b-b1ea-c8eb9b4950c8",
      "data": "92abc703-7c18-4734-ad3d-38ef4896ada1"
    }
  },
  {
    "model": "pp.character",
    "pk": "86383177-79d6-4f64-ba3b-c271b9c27599",
    "fields": {
      "label": "",
      "line": "fd0f4ab9-2a53-470c-aa79-b7d790b6f9ee",
      "sequence": 1,
      "x_min": 176,
      "x_max": 0,
      "character_class": "a",
      "human_character_class": null,
      "class_probability": 0.632083641200516,
      "created_by_run": "1fb3823b-0dda-413b-b1ea-c8eb9b4950c8",
      "data": "4b814fd7-5515-41a2-bed9-8ca4dc8be4cf"
    }
  },
  {
    "model": "pp.character",
    "pk": "86f6a4aa-3d0c-4278-a471-fcaa0db6d44d",
    "fields": {
      "label": "",
      "line": "94e81ad3-a79e-43f4-bcc0-1688eb8c44bf",
      "sequence": 0,
      "x_min": 215,
      "x_max": 168,
      "character_class": "b",
      "human_character_class": null,
      "class_probability": 0.69708310229317,
      "created_by_run": "36baaed7-d29b-4271-a4bc-d12e26d0289c",
      "data": "e1a0dbf8-d063-4eb4-a732-36c78130eae4"
    }
  },
  {
    "model": "pp.character",
    "pk": "8769db01-f8e3-4e0b-a16c-afdc919cdb66",
    "fields": {
      "label": "",
      "line": "9cf30b76-1828-4587-a86f-bbf7515657a7",
      "sequence": 1,
      "x_min": 173,
      "x_max": 486,
      "character_class": "c",
      "human_character_class": null,
      "class_probability": 0.839019017505558,
      "created_by_run": "1fb3823b-0dda-413b-b1ea-c8eb9b4950c8",
      "data": "62a589ec-9a29-4c03-aa45-05414d90db2a"
    }
  },
  {
    "model": "pp.character",
    "pk": "8ca40f6d-cf0c-4aff-b681-fbeb486f205b",
    "fields": {
      "label": "",
      "line": "5196ebbb-f1df-4b17-97bf-1a0d96ba3151",
      "sequence": 0,
      "x_min": 384,
      "x_max": 390,
      "character_class": "c",
      "human_character_class": null,
      "class_probability": 0.155543142415575,
      "created_by_run": "1fb3823b-0dda-413b-b1ea-c8eb9b4950c8",
      "data": "355ed839-b82b-4822-82bf-00a627f4baef"
    }
  },
  {
    "model": "pp.character",
    "pk": "8fc016dc-0961-4fd9-a46a-42a2f6987f47",
    "fields": {
      "label": "",
      "line": "7d36a825-fe8c-4e57-9efc-e320a198eec5",
      "sequence": 1,
      "x_min": 5,
      "x_max": 473,
      "character_class": "a",
      "human_character_class": null,
      "class_probability": 0.106274609112646,
      "created_by_run": "1fb3823b-0dda-413b-b1ea-c8eb9b4950c8",
      "data": "e88d8ed3-2335-4128-b7ba-df9022477f03"
    }
  },
  {
    "model": "pp.character",
    "pk": "92ce19db-8d04-4ddd-b224-03a6f3abc1ee",
    "fields": {
      "label": "",
      "line": "9cf30b76-1828-4587-a86f-bbf7515657a7",
      "sequence": 0,
      "x_min": 141,
      "x_max": 223,
      "character_class": "c",
      "human_character_class": null,
      "class_probability": 0.0284665754120901,
      "created_by_run": "1fb3823b-0dda-413b-b1ea-c8eb9b4950c8",
      "data": "94261923-c0c8-4cf6-9c66-b42d5b81d694"
    }
  },
  {
    "model": "pp.character",
    "pk": "92efeaf9-e7b7-4d49-9756-316be9239736",
    "fields": {
      "label": "",
      "line": "741a1003-a1dd-45b6-a26b-a5d8ce3536a9",
      "sequence": 1,
      "x_min": 306,
      "x_max": 159,
      "character_class": "b",
      "human_character_class": null,
      "class_probability": 0.338124702741421,
      "created_by_run": "1fb3823b-0dda-413b-b1ea-c8eb9b4950c8",
      "data": "995086d1-3a8e-4ba1-809a-6c8a21bcde30"
    }
  },
  {
    "model": "pp.character",
    "pk": "930ee63a-0d14-4bf4-af31-793f03e5baa4",
    "fields": {
      "label": "",
      "line": "fd0f4ab9-2a53-470c-aa79-b7d790b6f9ee",
      "sequence": 0,
      "x_min": 78,
      "x_max": 463,
      "character_class": "b",
      "human_character_class": null,
      "class_probability": 0.819803510036406,
      "created_by_run": "36baaed7-d29b-4271-a4bc-d12e26d0289c",
      "data": "e42d5c5a-ba72-4f0c-a1ef-32f557e429b6"
    }
  },
  {
    "model": "pp.character",
    "pk": "935e3eb7-42c9-4a86-a89b-ee0a169912be",
    "fields": {
      "label": "",
      "line": "fa944ef4-a252-4245-9f65-8d6ccf862d94",
      "sequence": 0,
      "x_min": 143,
      "x_max": 100,
      "character_class": "a",
      "human_character_class": null,
      "class_probability": 0.813504634722546,
      "created_by_run": "1fb3823b-0dda-413b-b1ea-c8eb9b4950c8",
      "data": "ef010393-f566-41e7-9076-1ebb9ddae057"
    }
  },
  {
    "model": "pp.character",
    "pk": "942ef5d2-e562-424c-b94d-65850e3bf225",
    "fields": {
      "label": "",
      "line": "5af7debd-fa2b-4e92-948c-31feaecdbcdc",
      "sequence": 1,
      "x_min": 281,
      "x_max": 483,
      "character_class": "b",
      "human_character_class": null,
      "class_probability": 0.2934566077266,
      "created_by_run": "1fb3823b-0dda-413b-b1ea-c8eb9b4950c8",
      "data": "fd07109f-e2f5-4ee2-aa7d-e789d413a29b"
    }
  },
  {
    "model": "pp.character",
    "pk": "949b1fbc-0b56-441c-aadd-0db18f0f1f1d",
    "fields": {
      "label": "",
      "line": "5af7debd-fa2b-4e92-948c-31feaecdbcdc",
      "sequence": 0,
      "x_min": 110,
      "x_max": 234,
      "character_class": "b",
      "human_character_class": null,
      "class_probability": 0.232237068531142,
      "created_by_run": "36baaed7-d29b-4271-a4bc-d12e26d0289c",
      "data": "d3f70524-2724-4752-8811-f62c53a9daf5"
    }
  },
  {
    "model": "pp.character",
    "pk": "a5bf0a11-96c9-456c-863d-06a7f7a314f1",
    "fields": {
      "label": "",
      "line": "94e81ad3-a79e-43f4-bcc0-1688eb8c44bf",
      "sequence": 1,
      "x_min": 277,
      "x_max": 50,
      "character_class": "c",
      "human_character_class": null,
      "class_probability": 0.217360289978795,
      "created_by_run": "36baaed7-d29b-4271-a4bc-d12e26d0289c",
      "data": "e448505a-22a6-4de5-a8a8-661ddcd616ba"
    }
  },
  {
    "model": "pp.character",
    "pk": "a73369d0-5f37-48f7-86e9-c89751122765",
    "fields": {
      "label": " c. 0",
      "line": "117b7b41-06df-4181-b159-d5ee6de9a426",
      "sequence": 0,
      "x_min": 424,
      "x_max": 270,
      "character_class": "a",
      "human_character_class": "a",
      "class_probability": 0.411377810197505,
      "created_by_run": "1fb3823b-0dda-413b-b1ea-c8eb9b4950c8",
      "data": "d5fc97a9-a100-4212-8c4b-672dd2bb4241"
    }
  },
  {
    "model": "pp.character",
    "pk": "ab4414b8-8121-4b92-9526-351bc0e962d7",
    "fields": {
      "label": "",
      "line": "3f55ec25-fc0f-4446-b945-7da7ac5fc61f",
      "sequence": 1,
      "x_min": 111,
      "x_max": 103,
      "character_class": "b",
      "human_character_class": null,
      "class_probability": 0.738769403975775,
      "created_by_run": "36baaed7-d29b-4271-a4bc-d12e26d0289c",
      "data": "889582b0-2e8c-430a-b24c-507422f9b19b"
    }
  },
  {
    "model": "pp.character",
    "pk": "ac1420aa-e04c-40d1-b0b4-797c1f1b1acf",
    "fields": {
      "label": "",
      "line": "3f55ec25-fc0f-4446-b945-7da7ac5fc61f",
      "sequence": 0,
      "x_min": 442,
      "x_max": 487,
      "character_class": "c",
      "human_character_class": null,
      "class_probability": 0.597072046797569,
      "created_by_run": "1fb3823b-0dda-413b-b1ea-c8eb9b4950c8",
      "data": "f87e8a15-fc3c-46aa-b747-86fa0514068a"
    }
  },
  {
    "model": "pp.character",
    "pk": "ade051fe-de9e-4902-a99e-8b13b4665351",
    "fields": {
      "label": "",
      "line": "e077e5cb-461d-4471-ae31-ca6f9c5ffc92",
      "sequence": 1,
      "x_min": 367,
      "x_max": 50,
      "character_class": "c",
      "human_character_class": null,
      "class_probability": 0.0477515007432312,
      "created_by_run": "36baaed7-d29b-4271-a4bc-d12e26d0289c",
      "data": "1ddf64a9-909b-4531-aca3-4f8bf39c2bef"
    }
  },
  {
    "model": "pp.character",
    "pk": "aeba3f0b-165d-4d87-991a-928783989213",
    "fields": {
      "label": "",
      "line": "3f55ec25-fc0f-4446-b945-7da7ac5fc61f",
      "sequence": 1,
      "x_min": 400,
      "x_max": 326,
      "character_class": "a",
      "human_character_class": null,
      "class_probability": 0.621842506822973,
      "created_by_run": "1fb3823b-0dda-413b-b1ea-c8eb9b4950c8",
      "data": "d17c9621-b73a-4fe0-b0c1-b7f7ab8f00da"
    }
  },
  {
    "model": "pp.character",
    "pk": "af62f5d9-8861-438a-8cff-b572d83c298e",
    "fields": {
      "label": "",
      "line": "117b7b41-06df-4181-b159-d5ee6de9a426",
      "sequence": 1,
      "x_min": 475,
      "x_max": 201,
      "character_class": "b",
      "human_character_class": null,
      "class_probability": 0.27893473882205,
      "created_by_run": "1fb3823b-0dda-413b-b1ea-c8eb9b4950c8",
      "data": "e1fd1244-faec-4a92-976a-b178d6c5b010"
    }
  },
  {
    "model": "pp.character",
    "pk": "b3640ea0-5a3d-4c7b-afb1-a479370705f6",
    "fields": {
      "label": "",
      "line": "3f55ec25-fc0f-4446-b945-7da7ac5fc61f",
      "sequence": 0,
      "x_min": 280,
      "x_max": 230,
      "character_class": "a",
      "human_character_class": "b",
      "class_probability": 0.931340657321947,
      "created_by_run": "36baaed7-d29b-4271-a4bc-d12e26d0289c",
      "data": "0ebd5bdb-37eb-43c2-a957-49028bd76a56"
    }
  },
  {
    "model": "pp.character",
    "pk": "b8f17c65-4fc3-4916-8456-d869fe0da290",
    "fields": {
      "label": "",
      "line": "4b69af30-3cbe-415f-9224-f12996cfcad2",
      "sequence": 0,
      "x_min": 63,
      "x_max": 79,
      "character_class": "c",
      "human_character_class": null,
      "class_probability": 0.4386943565249,
      "created_by_run": "36baaed7-d29b-4271-a4bc-d12e26d0289c",
      "data": "0b5ddac2-d8ee-47c8-aadd-8e5fb59fe3b3"
    }
  },
  {
    "model": "pp.character",
    "pk": "bc7b4001-676c-4fc8-9c4a-eb6c2eb213f9",
    "fields": {
      "label": "",
      "line": "05a7b16e-f7a4-41aa-bca5-72de25f35c47",
      "sequence": 0,
      "x_min": 493,
      "x_max": 445,
      "character_class": "b",
      "human_character_class": null,
      "class_probability": 0.624898563032993,
      "created_by_run": "1fb3823b-0dda-413b-b1ea-c8eb9b4950c8",
      "data": "077d28db-be47-4769-be2b-470efaa3a846"
    }
  },
  {
    "model": "pp.character",
    "pk": "bdfee8e6-d8ec-4e0e-adb5-7ea670976ec5",
    "fields": {
      "label": "",
      "line": "4b69af30-3cbe-415f-9224-f12996cfcad2",
      "sequence": 1,
      "x_min": 1,
      "x_max": 12,
      "character_class": "c",
      "human_character_class": null,
      "class_probability": 0.531395599735713,
      "created_by_run": "36baaed7-d29b-4271-a4bc-d12e26d0289c",
      "data": "a22de65f-37f2-41a7-ab59-618240a8023e"
    }
  },
  {
    "model": "pp.character",
    "pk": "c1a04bf0-a23b-4f24-8acd-a33b390b99bc",
    "fields": {
      "label": "",
      "line": "35bfb914-b605-4edc-bf9c-73be710879ee",
      "sequence": 1,
      "x_min": 148,
      "x_max": 315,
      "character_class": "b",
      "human_character_class": null,
      "class_probability": 0.392376735876075,
      "created_by_run": "1fb3823b-0dda-413b-b1ea-c8eb9b4950c8",
      "data": "484f374f-37a4-4452-b8a7-bb3e1b0a407b"
    }
  },
  {
    "model": "pp.character",
    "pk": "c3cbf790-8e78-4131-a242-43d9e0c5e55c",
    "fields": {
      "label": "",
      "line": "fcc6c6a3-23d0-42f8-9b96-4c2d012360c6",
      "sequence": 0,
      "x_min": 309,
      "x_max": 268,
      "character_class": "c",
      "human_character_class": null,
      "class_probability": 0.603387328495866,
      "created_by_run": "1fb3823b-0dda-413b-b1ea-c8eb9b4950c8",
      "data": "178328a0-1604-4d6b-861f-4964fbe406b2"
    }
  },
  {
    "model": "pp.character",
    "pk": "c4de5717-c86a-4545-9161-e73ca59b9424",
    "fields": {
      "label": "",
      "line": "5d1709ba-a669-4b9e-a377-1ac6f1f5b79d",
      "sequence": 1,
      "x_min": 462,
      "x_max": 321,
      "character_class": "a",
      "human_character_class": "b",
      "class_probability": 0.949670332044616,
      "created_by_run": "1fb3823b-0dda-413b-b1ea-c8eb9b4950c8",
      "data": "24ec272a-aa93-432b-9f3f-3bf29940020c"
    }
  },
  {
    "model": "pp.character",
    "pk": "ca3c8f7f-b2dc-4e6c-8103-5e3d73e8d2b9",
    "fields": {
      "label": "",
      "line": "35bfb914-b605-4edc-bf9c-73be710879ee",
      "sequence": 0,
      "x_min": 212,
      "x_max": 124,
      "character_class": "b",
      "human_character_class": null,
      "class_probability": 0.0265611210557287,
      "created_by_run": "1fb3823b-0dda-413b-b1ea-c8eb9b4950c8",
      "data": "f3cf7bd2-09b5-4b17-9303-2d0209c55931"
    }
  },
  {
    "model": "pp.character",
    "pk": "ce423a6b-9157-4db7-949e-b17b1fe3c8b3",
    "fields": {
      "label": "",
      "line": "e077e5cb-461d-4471-ae31-ca6f9c5ffc92",
      "sequence": 0,
      "x_min": 490,
      "x_max": 280,
      "character_class": "c",
      "human_character_class": null,
      "class_probability": 0.596740745471761,
      "created_by_run": "36baaed7-d29b-4271-a4bc-d12e26d0289c",
      "data": "1a21cd09-d0da-48ef-95ed-2e7ac58fe9cc"
    }
  },
  {
    "model": "pp.character",
    "pk": "d3173fd1-ea0a-4e9d-9d37-884f5c2460cf",
    "fields": {
      "label": "",
      "line": "fcc6c6a3-23d0-42f8-9b96-4c2d012360c6",
      "sequence": 1,
      "x_min": 12,
      "x_max": 7,
      "character_class": "c",
      "human_character_class": null,
      "class_probability": 0.945205576585324,
      "created_by_run": "1fb3823b-0dda-413b-b1ea-c8eb9b4950c8",
      "data": "5cac6918-6676-41f6-aebe-9359a29dd347"
    }
  },
  {
    "model": "pp.character",
    "pk": "d69fef4c-0cff-40d9-a923-737d8f7723b4",
    "fields": {
      "label": "",
      "line": "9cf30b76-1828-4587-a86f-bbf7515657a7",
      "sequence": 1,
      "x_min": 413,
      "x_max": 146,
      "character_class": "a",
      "human_character_class": null,
      "class_probability": 0.908105324792693,
      "created_by_run": "36baaed7-d29b-4271-a4bc-d12e26d0289c",
      "data": "b31969dc-fb73-422a-a6aa-1df75f77349a"
    }
  },
  {
    "model": "pp.character",
    "pk": "d92c8f63-2416-4475-ac7b-69a7b0398a90",
    "fields": {
      "label": "",
      "line": "fa944ef4-a252-4245-9f65-8d6ccf862d94",
      "sequence": 0,
      "x_min": 454,
      "x_max": 151,
      "character_class": "a",
      "human_character_class": null,
      "class_probability": 0.372429134155313,
      "created_by_run": "36baaed7-d29b-4271-a4bc-d12e26d0289c",
      "data": "1bc31c81-16a3-4f87-8278-bfdc730ce8dc"
    }
  },
  {
    "model": "pp.character",
    "pk": "da5cf978-6066-46f3-a51e-0105843d0275",
    "fields": {
      "label": "",
      "line": "4b69af30-3cbe-415f-9224-f12996cfcad2",
      "sequence": 0,
      "x_min": 88,
      "x_max": 455,
      "character_class": "b",
      "human_character_class": null,
      "class_probability": 0.363093711556708,
      "created_by_run": "1fb3823b-0dda-413b-b1ea-c8eb9b4950c8",
      "data": "51e47785-97f4-4287-8789-290892cc7ea6"
    }
  },
  {
    "model": "pp.character",
    "pk": "dad92c1b-4dea-4c52-97fd-2d76e958a5f8",
    "fields": {
      "label": "",
      "line": "e077e5cb-461d-4471-ae31-ca6f9c5ffc92",
      "sequence": 0,
      "x_min": 6,
      "x_max": 162,
      "character_class": "a",
      "human_character_class": null,
      "class_probability": 0.538170160745912,
      "created_by_run": "1fb3823b-0dda-413b-b1ea-c8eb9b4950c8",
      "data": "898bff38-87b5-4140-8119-e42b20e40571"
    }
  },
  {
    "model": "pp.character",
    "pk": "daeaedac-4a4b-4f83-902f-29a7a4c68c4f",
    "fields": {
      "label": "",
      "line": "8809aac8-0ac3-4d2c-b0c0-07b583a8e97c",
      "sequence": 1,
      "x_min": 305,
      "x_max": 386,
      "character_class": "c",
      "human_character_class": null,
      "class_probability": 0.583931512630249,
      "created_by_run": "36baaed7-d29b-4271-a4bc-d12e26d0289c",
      "data": "202d341d-c976-4019-b9f3-abb697382ecb"
    }
  },
  {
    "model": "pp.character",
    "pk": "db62ac51-7af4-418e-b6ab-8a3a002f61da",
    "fields": {
      "label": "",
      "line": "fd0f4ab9-2a53-470c-aa79-b7d790b6f9ee",
      "sequence": 0,
      "x_min": 499,
      "x_max": 358,
      "character_class": "a",
      "human_character_class": null,
      "class_probability": 0.97352494405057,
      "created_by_run": "1fb3823b-0dda-413b-b1ea-c8eb9b4950c8",
      "data": "152bd984-8c22-4a03-9c1e-e4ff3a519efb"
    }
  },
  {
    "model": "pp.character",
    "pk": "dc722c25-e1ee-42c8-8e16-c04550b9ada4",
    "fields": {
      "label": " c. 0",
      "line": "8a9c2b46-f22f-4d21-8327-1078fb02dd4f",
      "sequence": 0,
      "x_min": 135,
      "x_max": 35,
      "character_class": "a",
      "human_character_class": "a",
      "class_probability": 0.679628094517593,
      "created_by_run": "1fb3823b-0dda-413b-b1ea-c8eb9b4950c8",
      "data": "1210eb57-53a5-4c28-b7ca-f2753f2dcd41"
    }
  },
  {
    "model": "pp.character",
    "pk": "ec083497-0f26-4dc6-be87-6c0a6ff70fc2",
    "fields": {
      "label": "",
      "line": "7e3b99e9-8a3d-4865-9176-8bb8b3e006a8",
      "sequence": 1,
      "x_min": 247,
      "x_max": 271,
      "character_class": "c",
      "human_character_class": null,
      "class_probability": 0.870025606339973,
      "created_by_run": "1fb3823b-0dda-413b-b1ea-c8eb9b4950c8",
      "data": "90b34588-e9a6-4963-94c1-16141994fef8"
    }
  },
  {
    "model": "pp.character",
    "pk": "f217198a-a5ee-4ae1-a021-64119b57f787",
    "fields": {
      "label": "",
      "line": "fa944ef4-a252-4245-9f65-8d6ccf862d94",
      "sequence": 1,
      "x_min": 258,
      "x_max": 187,
      "character_class": "b",
      "human_character_class": null,
      "class_probability": 0.508935920870708,
      "created_by_run": "1fb3823b-0dda-413b-b1ea-c8eb9b4950c8",
      "data": "c8af3b0b-e03c-499b-8756-3591c2b4b21d"
    }
  },
  {
    "model": "pp.character",
    "pk": "f551b4ec-3982-484b-9df4-bdaf903f6710",
    "fields": {
      "label": "",
      "line": "8159b7ff-6f61-4be0-8b49-cb57fd774ef8",
      "sequence": 0,
      "x_min": 56,
      "x_max": 84,
      "character_class": "a",
      "human_character_class": null,
      "class_probability": 0.243841519427833,
      "created_by_run": "1fb3823b-0dda-413b-b1ea-c8eb9b4950c8",
      "data": "75412aa4-1e76-476a-b585-46c544fe6a38"
    }
  },
  {
    "model": "pp.character",
    "pk": "f595266c-c1a2-418e-b4b2-3256b7d047ec",
    "fields": {
      "label": "",
      "line": "94e81ad3-a79e-43f4-bcc0-1688eb8c44bf",
      "sequence": 1,
      "x_min": 348,
      "x_max": 467,
      "character_class": "c",
      "human_character_class": null,
      "class_probability": 0.370589412645931,
      "created_by_run": "1fb3823b-0dda-413b-b1ea-c8eb9b4950c8",
      "data": "ea1cd2cc-7cd2-46bb-944d-f3ba7aee258e"
    }
  },
  {
    "model": "pp.character",
    "pk": "f71e99e1-50a2-4610-af1a-07f464689ebf",
    "fields": {
      "label": "",
      "line": "fd0f4ab9-2a53-470c-aa79-b7d790b6f9ee",
      "sequence": 1,
      "x_min": 314,
      "x_max": 16,
      "character_class": "c",
      "human_character_class": null,
      "class_probability": 0.40843702619577,
      "created_by_run": "36baaed7-d29b-4271-a4bc-d12e26d0289c",
      "data": "e71252b5-3e4a-4337-8e4d-f3d35689096f"
    }
  },
  {
    "model": "auth.user",
    "pk": 1,
    "fields": {
      "password": "pbkdf2_sha256$150000$yyFJp1N6KVsz$n23f97mc22Bbty8bjoM4q4TL18+crKg3JuC99EoYDxk=",
      "last_login": "2019-09-29T19:15:55.743Z",
      "is_superuser": true,
      "username": "root",
      "first_name": "",
      "last_name": "",
      "email": "mlincoln@andrew.cmu.edu",
      "is_staff": true,
      "is_active": true,
      "date_joined": "2019-07-19T01:44:55.129Z",
      "groups": [],
      "user_permissions": []
    }
  },
  {
    "model": "auth.user",
    "pk": 2,
    "fields": {
      "password": "pbkdf2_sha256$150000$5QujQK0FnkFv$mCm1OSkOwA5WW4uKNYtnY9XTiUNaal11aGPaSK90iNs=",
      "last_login": null,
      "is_superuser": false,
      "username": "susan",
      "first_name": "",
      "last_name": "",
      "email": "susan@pp.org",
      "is_staff": false,
      "is_active": true,
      "date_joined": "2019-08-24T20:35:24.364Z",
      "groups": [],
      "user_permissions": []
    }
  },
  {
    "model": "authtoken.token",
    "pk": "7ea89599a81a3fb68d667fc799b4bd0b6c5919b5",
    "fields": {
      "user": 2,
      "created": "2019-08-24T20:36:04.867Z"
    }
  },
  {
    "model": "authtoken.token",
    "pk": "e48806a81d59ef7495d25731d74486388d9be2f6",
    "fields": {
      "user": 1,
      "created": "2019-07-19T11:59:47.623Z"
    }
  },
  {
    "model": "pp.charactergrouping",
    "pk": "75e7dbca-5f25-49fb-bddd-f35fdb65a65b",
    "fields": {
      "created_by": 1,
      "date_created": "2019-08-24T20:44:12.798Z",
      "label": "More Bs",
      "notes": "Some thoughts on the letter B",
      "characters": [
        "ca3c8f7f-b2dc-4e6c-8103-5e3d73e8d2b9",
        "c1a04bf0-a23b-4f24-8acd-a33b390b99bc",
        "6c931287-7104-4fa5-977b-019931960f7c",
        "053fbea7-fc7e-49ac-85e9-ea7077e528c2",
        "942ef5d2-e562-424c-b94d-65850e3bf225"
      ]
    }
  },
  {
    "model": "pp.charactergrouping",
    "pk": "899ccb30-a909-4fe7-a374-031a6d9b86f3",
    "fields": {
      "created_by": 1,
      "date_created": "2019-08-24T20:42:37.775Z",
      "label": "Some As",
      "notes": "",
      "characters": [
        "c4de5717-c86a-4545-9161-e73ca59b9424",
        "f551b4ec-3982-484b-9df4-bdaf903f6710",
        "6224fc6d-3f32-49b4-b2d6-69fc47d2db45",
        "3696ce0b-bfdd-45a5-b67d-a912616d8b8f",
        "7ec22b26-c272-4e53-8ea6-95e9d6fbf2c1"
      ]
    }
  },
  {
    "model": "pp.charactergrouping",
    "pk": "dbe627b9-813b-4853-b79b-dca0ed3b6c9b",
    "fields": {
      "created_by": 2,
      "date_created": "2019-08-24T20:45:13.245Z",
      "label": "Some Cs that I like",
      "notes": "lots more notes",
      "characters": [
        "ec083497-0f26-4dc6-be87-6c0a6ff70fc2",
        "75d29705-ef80-40e0-b275-0f3a0819508a"
      ]
    }
  }
]