[
{
  "model": "pp.pagerun",
  "pk": "20f9a4ac-17d3-4b6d-80c7-2388617891bb",
  "fields": {
    "label": "20f9a4ac-17d3-4b6d-80c7-2388617891bb - None",
    "book": "4d4b67c8-70a7-431c-9fe2-abaef50217cd",
    "date_started": "2019-11-08T19:38:36.070Z",
    "script_version": ""
  }
},
{
  "model": "pp.pagerun",
  "pk": "27b3f412-3852-4403-af97-266d362b94e7",
  "fields": {
    "label": "27b3f412-3852-4403-af97-266d362b94e7 - None",
    "book": "c7b6dda5-e5b4-40ad-b872-d283d88c5af0",
    "date_started": "2019-11-08T19:38:36.097Z",
    "script_version": ""
  }
},
{
  "model": "pp.pagerun",
  "pk": "74d20811-eb49-4cd4-8420-d8e54b59b050",
  "fields": {
    "label": "74d20811-eb49-4cd4-8420-d8e54b59b050 - None",
    "book": "367bf8f2-937d-46e9-a48e-8c2ca7a1af98",
    "date_started": "2019-11-08T19:38:36.051Z",
    "script_version": ""
  }
},
{
  "model": "pp.pagerun",
  "pk": "d14c2c41-68c7-4701-888b-e41db16f9d92",
  "fields": {
    "label": "d14c2c41-68c7-4701-888b-e41db16f9d92 - None",
    "book": "883a0028-7224-4dce-ba0d-b9889315f7d7",
    "date_started": "2019-11-08T19:38:36.085Z",
    "script_version": ""
  }
},
{
  "model": "pp.linerun",
  "pk": "0c821b81-9076-4de9-a518-878662b95ef9",
  "fields": {
    "label": "0c821b81-9076-4de9-a518-878662b95ef9 - None",
    "book": "367bf8f2-937d-46e9-a48e-8c2ca7a1af98",
    "date_started": "2019-11-08T19:38:36.115Z",
    "script_version": ""
  }
},
{
  "model": "pp.linerun",
  "pk": "2ac0869b-5a5d-4674-bb95-800838acd4b7",
  "fields": {
    "label": "2ac0869b-5a5d-4674-bb95-800838acd4b7 - None",
    "book": "883a0028-7224-4dce-ba0d-b9889315f7d7",
    "date_started": "2019-11-08T19:38:36.121Z",
    "script_version": ""
  }
},
{
  "model": "pp.linerun",
  "pk": "42cb354e-2327-43c6-b6e9-b3a478488f32",
  "fields": {
    "label": "42cb354e-2327-43c6-b6e9-b3a478488f32 - None",
    "book": "4d4b67c8-70a7-431c-9fe2-abaef50217cd",
    "date_started": "2019-11-08T19:38:36.117Z",
    "script_version": ""
  }
},
{
  "model": "pp.linerun",
  "pk": "ecb30b96-2c87-4cf2-bd3a-135e92971b46",
  "fields": {
    "label": "ecb30b96-2c87-4cf2-bd3a-135e92971b46 - None",
    "book": "c7b6dda5-e5b4-40ad-b872-d283d88c5af0",
    "date_started": "2019-11-08T19:38:36.121Z",
    "script_version": ""
  }
},
{
  "model": "pp.characterrun",
  "pk": "06e75087-c42f-494e-afbe-58d178d296f8",
  "fields": {
    "label": "06e75087-c42f-494e-afbe-58d178d296f8 - None",
    "book": "c7b6dda5-e5b4-40ad-b872-d283d88c5af0",
    "date_started": "2019-11-08T19:38:36.420Z",
    "script_version": ""
  }
},
{
  "model": "pp.characterrun",
  "pk": "2936e490-f669-4f45-8afd-6f70f46e9dc0",
  "fields": {
    "label": "2936e490-f669-4f45-8afd-6f70f46e9dc0 - None",
    "book": "367bf8f2-937d-46e9-a48e-8c2ca7a1af98",
    "date_started": "2019-11-08T19:38:36.416Z",
    "script_version": ""
  }
},
{
  "model": "pp.characterrun",
  "pk": "df24fc7a-5e1e-4db0-908e-bfa905d0fe6a",
  "fields": {
    "label": "df24fc7a-5e1e-4db0-908e-bfa905d0fe6a - None",
    "book": "4d4b67c8-70a7-431c-9fe2-abaef50217cd",
    "date_started": "2019-11-08T19:38:36.416Z",
    "script_version": ""
  }
},
{
  "model": "pp.characterrun",
  "pk": "e4dde0c0-72ab-44e0-aa44-666d19e800f5",
  "fields": {
    "label": "e4dde0c0-72ab-44e0-aa44-666d19e800f5 - None",
    "book": "883a0028-7224-4dce-ba0d-b9889315f7d7",
    "date_started": "2019-11-08T19:38:36.418Z",
    "script_version": ""
  }
},
{
  "model": "pp.book",
  "pk": "367bf8f2-937d-46e9-a48e-8c2ca7a1af98",
  "fields": {
    "label": "(24668) Collection eat social wear cau...",
    "eebo": 40199,
    "vid": 24668,
    "tcp": "",
    "estc": "",
    "pq_title": "Collection eat social wear cause usually conference tax major carry suffer eat article total call say road agency relate detail his stay about that yeah less husband remember method ball alone heart successful.",
    "pq_publisher": "Reduce challenge down knowledge sometimes majority city sense system stuff international herself computer benefit cell employee enjoy black middle.",
    "pq_author": "Work suffer whom quality natural democratic staff admit gun.",
    "pq_year_verbatim": "1535-01-04/1535-01-08",
    "pq_year_early": 1535,
    "pq_year_late": 1535,
    "tx_year_early": null,
    "tx_year_late": null,
    "pq_url": "",
    "pp_publisher": "",
    "pp_author": "",
    "pdf": "",
    "date_early": "1535-01-04",
    "date_late": "1535-01-08",
    "zipfile": "",
    "starred": false,
    "ignored": false,
    "is_eebo_book": true,
    "prefix": "",
    "n_spreads": 0,
    "repository": "",
    "pp_printer": "Macocke, John (1645 - 1692)",
    "colloq_printer": "",
    "pp_notes": ""
  }
},
{
  "model": "pp.book",
  "pk": "4d4b67c8-70a7-431c-9fe2-abaef50217cd",
  "fields": {
    "label": "(60468) New most build detail we week ...",
    "eebo": 66307,
    "vid": 60468,
    "tcp": "",
    "estc": "",
    "pq_title": "New most build detail we week too with experience director collection side might degree anything show newspaper indeed challenge office evening affect Democrat push approach bed as partner team successful allow father decision themselves that reason yourself.",
    "pq_publisher": "Image would six increase choice smile building story force middle.",
    "pq_author": "Memory star want everyone bad traditional all teacher rather order.",
    "pq_year_verbatim": "1601/1603",
    "pq_year_early": 1601,
    "pq_year_late": 1603,
    "tx_year_early": null,
    "tx_year_late": null,
    "pq_url": "",
    "pp_publisher": "",
    "pp_author": "",
    "pdf": "",
    "date_early": "1601-05-01",
    "date_late": "1603-11-19",
    "zipfile": "",
    "starred": false,
    "ignored": false,
    "is_eebo_book": true,
    "prefix": "new_most_build",
    "n_spreads": 0,
    "repository": "",
    "pp_printer": "",
    "colloq_printer": "Richardson, John (1673-1703)",
    "pp_notes": ""
  }
},
{
  "model": "pp.book",
  "pk": "883a0028-7224-4dce-ba0d-b9889315f7d7",
  "fields": {
    "label": "(122028) Order no notice skin oil born ...",
    "eebo": 406043,
    "vid": 122028,
    "tcp": "",
    "estc": "",
    "pq_title": "Order no notice skin oil born true evidence tough should office bring hair federal feeling explain if animal nor say write know PM.",
    "pq_publisher": "Recently foreign grow little memory soon young require word identify good.",
    "pq_author": "Give walk citizen hit in stay Democrat practice term oil.",
    "pq_year_verbatim": "1623/1670",
    "pq_year_early": 1623,
    "pq_year_late": 1670,
    "tx_year_early": null,
    "tx_year_late": null,
    "pq_url": "",
    "pp_publisher": "",
    "pp_author": "",
    "pdf": "",
    "date_early": "1623-07-22",
    "date_late": "1670-01-19",
    "zipfile": "",
    "starred": false,
    "ignored": false,
    "is_eebo_book": false,
    "prefix": "order_no_notice",
    "n_spreads": 0,
    "repository": "",
    "pp_printer": "Ratcliffe, Thomas (fl. 1646-1668)",
    "colloq_printer": "Ratcliffe, Thomas (fl. 1646-1668)",
    "pp_notes": ""
  }
},
{
  "model": "pp.book",
  "pk": "c7b6dda5-e5b4-40ad-b872-d283d88c5af0",
  "fields": {
    "label": "(273837) Police these rich stage throug...",
    "eebo": 107896,
    "vid": 273837,
    "tcp": "",
    "estc": "",
    "pq_title": "Police these rich stage throughout more particularly use century mouth nearly build story series north gun today hour.",
    "pq_publisher": "Quite brother quality note allow attention skin little at word loss score pressure get six heart check put none yard.",
    "pq_author": "Product kitchen cup population deal require middle school president newspaper.",
    "pq_year_verbatim": "1660/1700",
    "pq_year_early": 1660,
    "pq_year_late": 1700,
    "tx_year_early": null,
    "tx_year_late": null,
    "pq_url": "",
    "pp_publisher": "",
    "pp_author": "",
    "pdf": "",
    "date_early": "1660-03-06",
    "date_late": "1700-12-19",
    "zipfile": "",
    "starred": false,
    "ignored": false,
    "is_eebo_book": false,
    "prefix": "foobar.txt",
    "n_spreads": 0,
    "repository": "",
    "pp_printer": "anonymous",
    "colloq_printer": "",
    "pp_notes": ""
  }
},
{
  "model": "pp.spread",
  "pk": "068a4127-aca0-43cf-a95d-986d08cfb8c4",
  "fields": {
    "label": "(60468) New most build detail we week ... spread 0",
    "tif": "/billion/cause/throughout/respond.tif",
    "book": "4d4b67c8-70a7-431c-9fe2-abaef50217cd",
    "sequence": 0
  }
},
{
  "model": "pp.spread",
  "pk": "28b4debd-0103-4218-b4be-ae1e5d76c82d",
  "fields": {
    "label": "(122028) Order no notice skin oil born ... spread 1",
    "tif": "/whether/treat/catch/ever.tif",
    "book": "883a0028-7224-4dce-ba0d-b9889315f7d7",
    "sequence": 1
  }
},
{
  "model": "pp.spread",
  "pk": "2c975d98-9786-4b94-bbb9-160993657f3d",
  "fields": {
    "label": "(24668) Collection eat social wear cau... spread 0",
    "tif": "/partner/film/always/upon.tif",
    "book": "367bf8f2-937d-46e9-a48e-8c2ca7a1af98",
    "sequence": 0
  }
},
{
  "model": "pp.spread",
  "pk": "31bb70ec-7756-4a30-800f-8e69d956b1d1",
  "fields": {
    "label": "(273837) Police these rich stage throug... spread 1",
    "tif": "/than/back/large/consider.tif",
    "book": "c7b6dda5-e5b4-40ad-b872-d283d88c5af0",
    "sequence": 1
  }
},
{
  "model": "pp.spread",
  "pk": "374b07d9-dd79-4a92-b542-da8a8f301d0b",
  "fields": {
    "label": "(24668) Collection eat social wear cau... spread 2",
    "tif": "/single/region/hit/break.tif",
    "book": "367bf8f2-937d-46e9-a48e-8c2ca7a1af98",
    "sequence": 2
  }
},
{
  "model": "pp.spread",
  "pk": "76c050af-38e1-4d90-ab48-0906736a7d5c",
  "fields": {
    "label": "(122028) Order no notice skin oil born ... spread 2",
    "tif": "/color/here/herself/win.tif",
    "book": "883a0028-7224-4dce-ba0d-b9889315f7d7",
    "sequence": 2
  }
},
{
  "model": "pp.spread",
  "pk": "a596396d-64d9-4652-9d15-aedd2f3e8ece",
  "fields": {
    "label": "(273837) Police these rich stage throug... spread 2",
    "tif": "/dog/collection/everything/draw.tif",
    "book": "c7b6dda5-e5b4-40ad-b872-d283d88c5af0",
    "sequence": 2
  }
},
{
  "model": "pp.spread",
  "pk": "a996685e-5d9b-4f70-bbdf-74f2ce2c748e",
  "fields": {
    "label": "(60468) New most build detail we week ... spread 2",
    "tif": "/interest/matter/trip/sell.tif",
    "book": "4d4b67c8-70a7-431c-9fe2-abaef50217cd",
    "sequence": 2
  }
},
{
  "model": "pp.spread",
  "pk": "ae0bb3e8-edc0-48c0-9df6-7ae77e345de4",
  "fields": {
    "label": "(60468) New most build detail we week ... spread 1",
    "tif": "/official/hear/company/treatment.tif",
    "book": "4d4b67c8-70a7-431c-9fe2-abaef50217cd",
    "sequence": 1
  }
},
{
  "model": "pp.spread",
  "pk": "be2269d5-f88f-4e5e-91f0-fdfec52fcf97",
  "fields": {
    "label": "(122028) Order no notice skin oil born ... spread 0",
    "tif": "/chair/today/and/growth.tif",
    "book": "883a0028-7224-4dce-ba0d-b9889315f7d7",
    "sequence": 0
  }
},
{
  "model": "pp.spread",
  "pk": "d30eb555-5b19-41de-af96-8c1afbf82d14",
  "fields": {
    "label": "(24668) Collection eat social wear cau... spread 1",
    "tif": "/others/one/structure/he.tif",
    "book": "367bf8f2-937d-46e9-a48e-8c2ca7a1af98",
    "sequence": 1
  }
},
{
  "model": "pp.spread",
  "pk": "f8e93ff2-a46e-4587-8296-9433aa837aec",
  "fields": {
    "label": "(273837) Police these rich stage throug... spread 0",
    "tif": "/ago/those/door/grow.tif",
    "book": "c7b6dda5-e5b4-40ad-b872-d283d88c5af0",
    "sequence": 0
  }
},
{
  "model": "pp.page",
  "pk": "0a6da1e8-7d73-419f-8edc-367af9560e13",
  "fields": {
    "label": "(60468) New most build detail we week ... p. 0-r",
    "tif": "/baby/keep/piece/actually.tif",
    "sequence": 1,
    "side": "r",
    "x": 21.0,
    "y": 458.0,
    "w": 1.0,
    "h": 257.0,
    "rot1": 441.0,
    "rot2": 349.0,
    "created_by_run": "20f9a4ac-17d3-4b6d-80c7-2388617891bb"
  }
},
{
  "model": "pp.page",
  "pk": "1bd244dc-ed08-4f81-a29d-886301054693",
  "fields": {
    "label": "(273837) Police these rich stage throug... p. 2-r",
    "tif": "/food/discover/pressure/break.tif",
    "sequence": 5,
    "side": "r",
    "x": 291.0,
    "y": 391.0,
    "w": 346.0,
    "h": 404.0,
    "rot1": 27.0,
    "rot2": 409.0,
    "created_by_run": "27b3f412-3852-4403-af97-266d362b94e7"
  }
},
{
  "model": "pp.page",
  "pk": "1d98f0c6-cc30-4385-b72f-4e61fb2525ef",
  "fields": {
    "label": "(24668) Collection eat social wear cau... p. 1-r",
    "tif": "/group/pretty/able/current.tif",
    "sequence": 3,
    "side": "r",
    "x": 379.0,
    "y": 14.0,
    "w": 151.0,
    "h": 498.0,
    "rot1": 181.0,
    "rot2": 80.0,
    "created_by_run": "74d20811-eb49-4cd4-8420-d8e54b59b050"
  }
},
{
  "model": "pp.page",
  "pk": "27769c74-9e66-4e14-85fc-f749b59b2dbf",
  "fields": {
    "label": "(122028) Order no notice skin oil born ... p. 2-l",
    "tif": "/back/nature/mother/agreement.tif",
    "sequence": 4,
    "side": "l",
    "x": 8.0,
    "y": 5.0,
    "w": 364.0,
    "h": 303.0,
    "rot1": 456.0,
    "rot2": 54.0,
    "created_by_run": "d14c2c41-68c7-4701-888b-e41db16f9d92"
  }
},
{
  "model": "pp.page",
  "pk": "2a9167c0-88f1-48b5-82b7-4f07915408e9",
  "fields": {
    "label": "(24668) Collection eat social wear cau... p. 2-r",
    "tif": "/business/car/alone/art.tif",
    "sequence": 5,
    "side": "r",
    "x": 296.0,
    "y": 346.0,
    "w": 8.0,
    "h": 361.0,
    "rot1": 116.0,
    "rot2": 216.0,
    "created_by_run": "74d20811-eb49-4cd4-8420-d8e54b59b050"
  }
},
{
  "model": "pp.page",
  "pk": "440dc6c8-41c2-49ef-bc8b-0dcae048127c",
  "fields": {
    "label": "(24668) Collection eat social wear cau... p. 0-r",
    "tif": "/bag/behavior/until/court.tif",
    "sequence": 1,
    "side": "r",
    "x": 29.0,
    "y": 466.0,
    "w": 238.0,
    "h": 65.0,
    "rot1": 14.0,
    "rot2": 208.0,
    "created_by_run": "74d20811-eb49-4cd4-8420-d8e54b59b050"
  }
},
{
  "model": "pp.page",
  "pk": "51cf01ca-bf6f-42d5-9caf-db2b939f045a",
  "fields": {
    "label": "(122028) Order no notice skin oil born ... p. 0-l",
    "tif": "/live/director/former/true.tif",
    "sequence": 0,
    "side": "l",
    "x": 434.0,
    "y": 207.0,
    "w": 74.0,
    "h": 212.0,
    "rot1": 349.0,
    "rot2": 78.0,
    "created_by_run": "d14c2c41-68c7-4701-888b-e41db16f9d92"
  }
},
{
  "model": "pp.page",
  "pk": "543d86fd-73c5-4fd8-8836-4253539350e4",
  "fields": {
    "label": "(24668) Collection eat social wear cau... p. 1-l",
    "tif": "/career/morning/stuff/try.tif",
    "sequence": 2,
    "side": "l",
    "x": 484.0,
    "y": 315.0,
    "w": 47.0,
    "h": 68.0,
    "rot1": 371.0,
    "rot2": 309.0,
    "created_by_run": "74d20811-eb49-4cd4-8420-d8e54b59b050"
  }
},
{
  "model": "pp.page",
  "pk": "5f720946-2046-44cf-b350-97cad61c0ad0",
  "fields": {
    "label": "(273837) Police these rich stage throug... p. 2-l",
    "tif": "/bill/not/former/offer.tif",
    "sequence": 4,
    "side": "l",
    "x": 111.0,
    "y": 386.0,
    "w": 205.0,
    "h": 124.0,
    "rot1": 281.0,
    "rot2": 164.0,
    "created_by_run": "27b3f412-3852-4403-af97-266d362b94e7"
  }
},
{
  "model": "pp.page",
  "pk": "703bafc8-6690-471b-96a1-108bca4a53ed",
  "fields": {
    "label": "(273837) Police these rich stage throug... p. 1-l",
    "tif": "/example/plan/identify/fact.tif",
    "sequence": 2,
    "side": "l",
    "x": 302.0,
    "y": 403.0,
    "w": 264.0,
    "h": 198.0,
    "rot1": 196.0,
    "rot2": 207.0,
    "created_by_run": "27b3f412-3852-4403-af97-266d362b94e7"
  }
},
{
  "model": "pp.page",
  "pk": "866b096b-55af-48a5-a8b6-bbb021d11de5",
  "fields": {
    "label": "(60468) New most build detail we week ... p. 2-l",
    "tif": "/song/her/could/picture.tif",
    "sequence": 4,
    "side": "l",
    "x": 224.0,
    "y": 166.0,
    "w": 131.0,
    "h": 392.0,
    "rot1": 496.0,
    "rot2": 163.0,
    "created_by_run": "20f9a4ac-17d3-4b6d-80c7-2388617891bb"
  }
},
{
  "model": "pp.page",
  "pk": "86a37dc9-6766-4c16-b6cd-77ec1c0d4985",
  "fields": {
    "label": "(60468) New most build detail we week ... p. 1-r",
    "tif": "/traditional/keep/rate/difference.tif",
    "sequence": 3,
    "side": "r",
    "x": 234.0,
    "y": 178.0,
    "w": 272.0,
    "h": 179.0,
    "rot1": 269.0,
    "rot2": 196.0,
    "created_by_run": "20f9a4ac-17d3-4b6d-80c7-2388617891bb"
  }
},
{
  "model": "pp.page",
  "pk": "892ac1b0-f527-4034-8b6b-058576ab48f2",
  "fields": {
    "label": "(122028) Order no notice skin oil born ... p. 1-l",
    "tif": "/out/ask/decision/region.tif",
    "sequence": 2,
    "side": "l",
    "x": 457.0,
    "y": 279.0,
    "w": 208.0,
    "h": 402.0,
    "rot1": 49.0,
    "rot2": 350.0,
    "created_by_run": "d14c2c41-68c7-4701-888b-e41db16f9d92"
  }
},
{
  "model": "pp.page",
  "pk": "94d594a9-0463-4212-a499-4ed094a472c7",
  "fields": {
    "label": "(60468) New most build detail we week ... p. 0-l",
    "tif": "/listen/perform/majority/practice.tif",
    "sequence": 0,
    "side": "l",
    "x": 223.0,
    "y": 276.0,
    "w": 282.0,
    "h": 406.0,
    "rot1": 109.0,
    "rot2": 187.0,
    "created_by_run": "20f9a4ac-17d3-4b6d-80c7-2388617891bb"
  }
},
{
  "model": "pp.page",
  "pk": "94e6005d-c921-454e-9835-c40d3ddfb334",
  "fields": {
    "label": "(24668) Collection eat social wear cau... p. 2-l",
    "tif": "/author/production/pass/require.tif",
    "sequence": 4,
    "side": "l",
    "x": 79.0,
    "y": 363.0,
    "w": 249.0,
    "h": 143.0,
    "rot1": 11.0,
    "rot2": 185.0,
    "created_by_run": "74d20811-eb49-4cd4-8420-d8e54b59b050"
  }
},
{
  "model": "pp.page",
  "pk": "b5c65bcc-6256-4e56-80a6-081b59900c89",
  "fields": {
    "label": "(273837) Police these rich stage throug... p. 0-l",
    "tif": "/bed/better/fill/sing.tif",
    "sequence": 0,
    "side": "l",
    "x": 405.0,
    "y": 371.0,
    "w": 207.0,
    "h": 272.0,
    "rot1": 276.0,
    "rot2": 187.0,
    "created_by_run": "27b3f412-3852-4403-af97-266d362b94e7"
  }
},
{
  "model": "pp.page",
  "pk": "b839faa3-0e9a-46a8-bf7d-a8e40331661c",
  "fields": {
    "label": "(122028) Order no notice skin oil born ... p. 2-r",
    "tif": "/realize/cut/make/occur.tif",
    "sequence": 5,
    "side": "r",
    "x": 330.0,
    "y": 194.0,
    "w": 150.0,
    "h": 42.0,
    "rot1": 84.0,
    "rot2": 175.0,
    "created_by_run": "d14c2c41-68c7-4701-888b-e41db16f9d92"
  }
},
{
  "model": "pp.page",
  "pk": "ba0d32bf-1a34-4349-bf35-e080b02206e1",
  "fields": {
    "label": "(24668) Collection eat social wear cau... p. 0-l",
    "tif": "/director/what/third/produce.tif",
    "sequence": 0,
    "side": "l",
    "x": 68.0,
    "y": 419.0,
    "w": 161.0,
    "h": 32.0,
    "rot1": 407.0,
    "rot2": 446.0,
    "created_by_run": "74d20811-eb49-4cd4-8420-d8e54b59b050"
  }
},
{
  "model": "pp.page",
  "pk": "c331b5c0-6d06-4d04-a33e-65c047f42767",
  "fields": {
    "label": "(60468) New most build detail we week ... p. 1-l",
    "tif": "/federal/large/easy/fear.tif",
    "sequence": 2,
    "side": "l",
    "x": 252.0,
    "y": 393.0,
    "w": 120.0,
    "h": 488.0,
    "rot1": 431.0,
    "rot2": 141.0,
    "created_by_run": "20f9a4ac-17d3-4b6d-80c7-2388617891bb"
  }
},
{
  "model": "pp.page",
  "pk": "d4a38109-64ec-4205-ab32-f72470a00c83",
  "fields": {
    "label": "(122028) Order no notice skin oil born ... p. 0-r",
    "tif": "/exactly/good/line/hope.tif",
    "sequence": 1,
    "side": "r",
    "x": 20.0,
    "y": 495.0,
    "w": 428.0,
    "h": 140.0,
    "rot1": 222.0,
    "rot2": 64.0,
    "created_by_run": "d14c2c41-68c7-4701-888b-e41db16f9d92"
  }
},
{
  "model": "pp.page",
  "pk": "eae31dde-a663-4dcf-82cb-f1bb391d90dd",
  "fields": {
    "label": "(273837) Police these rich stage throug... p. 1-r",
    "tif": "/bank/will/available/pull.tif",
    "sequence": 3,
    "side": "r",
    "x": 82.0,
    "y": 409.0,
    "w": 400.0,
    "h": 360.0,
    "rot1": 164.0,
    "rot2": 21.0,
    "created_by_run": "27b3f412-3852-4403-af97-266d362b94e7"
  }
},
{
  "model": "pp.page",
  "pk": "eb1de540-7df3-4888-9730-76bc9c736932",
  "fields": {
    "label": "(273837) Police these rich stage throug... p. 0-r",
    "tif": "/pick/environment/gas/usually.tif",
    "sequence": 1,
    "side": "r",
    "x": 337.0,
    "y": 385.0,
    "w": 300.0,
    "h": 100.0,
    "rot1": 264.0,
    "rot2": 67.0,
    "created_by_run": "27b3f412-3852-4403-af97-266d362b94e7"
  }
},
{
  "model": "pp.page",
  "pk": "eb209343-cc08-4d24-b3a6-1879d5b992b1",
  "fields": {
    "label": "(60468) New most build detail we week ... p. 2-r",
    "tif": "/radio/receive/establish/finish.tif",
    "sequence": 5,
    "side": "r",
    "x": 251.0,
    "y": 258.0,
    "w": 205.0,
    "h": 400.0,
    "rot1": 270.0,
    "rot2": 50.0,
    "created_by_run": "20f9a4ac-17d3-4b6d-80c7-2388617891bb"
  }
},
{
  "model": "pp.page",
  "pk": "f0b12fc6-f2f7-469a-a923-419bdf0480e2",
  "fields": {
    "label": "(122028) Order no notice skin oil born ... p. 1-r",
    "tif": "/successful/talk/high/daughter.tif",
    "sequence": 3,
    "side": "r",
    "x": 57.0,
    "y": 155.0,
    "w": 261.0,
    "h": 64.0,
    "rot1": 363.0,
    "rot2": 496.0,
    "created_by_run": "d14c2c41-68c7-4701-888b-e41db16f9d92"
  }
},
{
  "model": "pp.line",
  "pk": "03b7d45e-b92f-4f5f-948a-7574c442f92a",
  "fields": {
    "label": "(24668) Collection eat social wear cau... p. 2-r l. 1",
    "page": "2a9167c0-88f1-48b5-82b7-4f07915408e9",
    "sequence": 1,
    "y_min": 278,
    "y_max": 6,
    "created_by_run": "0c821b81-9076-4de9-a518-878662b95ef9"
  }
},
{
  "model": "pp.line",
  "pk": "0724e42d-5736-4fe0-a60b-4b925b687d85",
  "fields": {
    "label": "(24668) Collection eat social wear cau... p. 0-r l. 0",
    "page": "440dc6c8-41c2-49ef-bc8b-0dcae048127c",
    "sequence": 0,
    "y_min": 89,
    "y_max": 45,
    "created_by_run": "0c821b81-9076-4de9-a518-878662b95ef9"
  }
},
{
  "model": "pp.line",
  "pk": "084e33dd-f3c4-43cd-ae51-74596ef4dc65",
  "fields": {
    "label": "(273837) Police these rich stage throug... p. 2-l l. 1",
    "page": "5f720946-2046-44cf-b350-97cad61c0ad0",
    "sequence": 1,
    "y_min": 314,
    "y_max": 448,
    "created_by_run": "ecb30b96-2c87-4cf2-bd3a-135e92971b46"
  }
},
{
  "model": "pp.line",
  "pk": "0bc0af3f-4c65-46d1-a0a2-5b803b067cc6",
  "fields": {
    "label": "(122028) Order no notice skin oil born ... p. 1-l l. 1",
    "page": "892ac1b0-f527-4034-8b6b-058576ab48f2",
    "sequence": 1,
    "y_min": 196,
    "y_max": 304,
    "created_by_run": "2ac0869b-5a5d-4674-bb95-800838acd4b7"
  }
},
{
  "model": "pp.line",
  "pk": "0cdf960f-5ac8-45c5-b1ec-5314171f4a3f",
  "fields": {
    "label": "(122028) Order no notice skin oil born ... p. 0-l l. 2",
    "page": "51cf01ca-bf6f-42d5-9caf-db2b939f045a",
    "sequence": 2,
    "y_min": 56,
    "y_max": 319,
    "created_by_run": "2ac0869b-5a5d-4674-bb95-800838acd4b7"
  }
},
{
  "model": "pp.line",
  "pk": "10b01efb-820e-42e1-8f00-6329d1cb5de9",
  "fields": {
    "label": "(24668) Collection eat social wear cau... p. 1-l l. 0",
    "page": "543d86fd-73c5-4fd8-8836-4253539350e4",
    "sequence": 0,
    "y_min": 490,
    "y_max": 60,
    "created_by_run": "0c821b81-9076-4de9-a518-878662b95ef9"
  }
},
{
  "model": "pp.line",
  "pk": "131fa715-a04c-4dcd-b416-d6f0b3ef54ae",
  "fields": {
    "label": "(273837) Police these rich stage throug... p. 1-l l. 2",
    "page": "703bafc8-6690-471b-96a1-108bca4a53ed",
    "sequence": 2,
    "y_min": 102,
    "y_max": 152,
    "created_by_run": "ecb30b96-2c87-4cf2-bd3a-135e92971b46"
  }
},
{
  "model": "pp.line",
  "pk": "1685aff3-459a-4480-8382-4a24cc1c9043",
  "fields": {
    "label": "(24668) Collection eat social wear cau... p. 1-r l. 1",
    "page": "1d98f0c6-cc30-4385-b72f-4e61fb2525ef",
    "sequence": 1,
    "y_min": 298,
    "y_max": 240,
    "created_by_run": "0c821b81-9076-4de9-a518-878662b95ef9"
  }
},
{
  "model": "pp.line",
  "pk": "18043dff-8009-428f-822d-520442afd313",
  "fields": {
    "label": "(273837) Police these rich stage throug... p. 0-r l. 2",
    "page": "eb1de540-7df3-4888-9730-76bc9c736932",
    "sequence": 2,
    "y_min": 391,
    "y_max": 258,
    "created_by_run": "ecb30b96-2c87-4cf2-bd3a-135e92971b46"
  }
},
{
  "model": "pp.line",
  "pk": "1a420e40-c737-4728-b84c-96b60b3051c6",
  "fields": {
    "label": "(122028) Order no notice skin oil born ... p. 1-r l. 1",
    "page": "f0b12fc6-f2f7-469a-a923-419bdf0480e2",
    "sequence": 1,
    "y_min": 475,
    "y_max": 107,
    "created_by_run": "2ac0869b-5a5d-4674-bb95-800838acd4b7"
  }
},
{
  "model": "pp.line",
  "pk": "1ed89adc-3a52-4827-a85a-8e06b003e634",
  "fields": {
    "label": "(273837) Police these rich stage throug... p. 0-r l. 1",
    "page": "eb1de540-7df3-4888-9730-76bc9c736932",
    "sequence": 1,
    "y_min": 368,
    "y_max": 65,
    "created_by_run": "ecb30b96-2c87-4cf2-bd3a-135e92971b46"
  }
},
{
  "model": "pp.line",
  "pk": "204afd10-ee89-40f3-a55d-e0f260e4e3f1",
  "fields": {
    "label": "(122028) Order no notice skin oil born ... p. 2-r l. 1",
    "page": "b839faa3-0e9a-46a8-bf7d-a8e40331661c",
    "sequence": 1,
    "y_min": 399,
    "y_max": 18,
    "created_by_run": "2ac0869b-5a5d-4674-bb95-800838acd4b7"
  }
},
{
  "model": "pp.line",
  "pk": "2222caac-b9db-4ae0-b71f-3a0e77bed70f",
  "fields": {
    "label": "(60468) New most build detail we week ... p. 0-r l. 0",
    "page": "0a6da1e8-7d73-419f-8edc-367af9560e13",
    "sequence": 0,
    "y_min": 198,
    "y_max": 420,
    "created_by_run": "42cb354e-2327-43c6-b6e9-b3a478488f32"
  }
},
{
  "model": "pp.line",
  "pk": "2449c4c2-0991-4c2e-9ec4-5186ac75164a",
  "fields": {
    "label": "(122028) Order no notice skin oil born ... p. 2-r l. 0",
    "page": "b839faa3-0e9a-46a8-bf7d-a8e40331661c",
    "sequence": 0,
    "y_min": 110,
    "y_max": 39,
    "created_by_run": "2ac0869b-5a5d-4674-bb95-800838acd4b7"
  }
},
{
  "model": "pp.line",
  "pk": "25288960-627a-4542-9e30-1b8b5d9ebd4f",
  "fields": {
    "label": "(273837) Police these rich stage throug... p. 2-l l. 2",
    "page": "5f720946-2046-44cf-b350-97cad61c0ad0",
    "sequence": 2,
    "y_min": 4,
    "y_max": 76,
    "created_by_run": "ecb30b96-2c87-4cf2-bd3a-135e92971b46"
  }
},
{
  "model": "pp.line",
  "pk": "28e67ebb-195e-47f2-956e-da5599f14c6c",
  "fields": {
    "label": "(60468) New most build detail we week ... p. 1-l l. 0",
    "page": "c331b5c0-6d06-4d04-a33e-65c047f42767",
    "sequence": 0,
    "y_min": 295,
    "y_max": 174,
    "created_by_run": "42cb354e-2327-43c6-b6e9-b3a478488f32"
  }
},
{
  "model": "pp.line",
  "pk": "2eeed54c-290a-45ac-8afc-0d9b2fc66bbd",
  "fields": {
    "label": "(122028) Order no notice skin oil born ... p. 1-r l. 2",
    "page": "f0b12fc6-f2f7-469a-a923-419bdf0480e2",
    "sequence": 2,
    "y_min": 45,
    "y_max": 343,
    "created_by_run": "2ac0869b-5a5d-4674-bb95-800838acd4b7"
  }
},
{
  "model": "pp.line",
  "pk": "2efd0a17-e850-4b8e-892d-fe8a0c966b0b",
  "fields": {
    "label": "(122028) Order no notice skin oil born ... p. 1-l l. 0",
    "page": "892ac1b0-f527-4034-8b6b-058576ab48f2",
    "sequence": 0,
    "y_min": 393,
    "y_max": 370,
    "created_by_run": "2ac0869b-5a5d-4674-bb95-800838acd4b7"
  }
},
{
  "model": "pp.line",
  "pk": "30454456-b4ef-47ca-8b38-653c6cc57e08",
  "fields": {
    "label": "(60468) New most build detail we week ... p. 1-r l. 0",
    "page": "86a37dc9-6766-4c16-b6cd-77ec1c0d4985",
    "sequence": 0,
    "y_min": 212,
    "y_max": 336,
    "created_by_run": "42cb354e-2327-43c6-b6e9-b3a478488f32"
  }
},
{
  "model": "pp.line",
  "pk": "30a71be8-2d84-43d0-b91f-98f3f905c729",
  "fields": {
    "label": "(273837) Police these rich stage throug... p. 2-r l. 1",
    "page": "1bd244dc-ed08-4f81-a29d-886301054693",
    "sequence": 1,
    "y_min": 0,
    "y_max": 316,
    "created_by_run": "ecb30b96-2c87-4cf2-bd3a-135e92971b46"
  }
},
{
  "model": "pp.line",
  "pk": "31c07d87-dd46-41fd-bac1-7d15f253a8b2",
  "fields": {
    "label": "(60468) New most build detail we week ... p. 0-l l. 2",
    "page": "94d594a9-0463-4212-a499-4ed094a472c7",
    "sequence": 2,
    "y_min": 377,
    "y_max": 229,
    "created_by_run": "42cb354e-2327-43c6-b6e9-b3a478488f32"
  }
},
{
  "model": "pp.line",
  "pk": "329684cf-3c27-4226-8285-315a64004e7b",
  "fields": {
    "label": "(60468) New most build detail we week ... p. 1-r l. 1",
    "page": "86a37dc9-6766-4c16-b6cd-77ec1c0d4985",
    "sequence": 1,
    "y_min": 59,
    "y_max": 459,
    "created_by_run": "42cb354e-2327-43c6-b6e9-b3a478488f32"
  }
},
{
  "model": "pp.line",
  "pk": "3660a3fa-63b3-4cb0-88eb-cd24a8837533",
  "fields": {
    "label": "(273837) Police these rich stage throug... p. 2-l l. 0",
    "page": "5f720946-2046-44cf-b350-97cad61c0ad0",
    "sequence": 0,
    "y_min": 77,
    "y_max": 445,
    "created_by_run": "ecb30b96-2c87-4cf2-bd3a-135e92971b46"
  }
},
{
  "model": "pp.line",
  "pk": "372bef40-2aba-46c7-bcb0-2d77a2c5df34",
  "fields": {
    "label": "(273837) Police these rich stage throug... p. 1-l l. 0",
    "page": "703bafc8-6690-471b-96a1-108bca4a53ed",
    "sequence": 0,
    "y_min": 425,
    "y_max": 155,
    "created_by_run": "ecb30b96-2c87-4cf2-bd3a-135e92971b46"
  }
},
{
  "model": "pp.line",
  "pk": "37749687-2aa2-4a7f-a642-a15b90d2facb",
  "fields": {
    "label": "(60468) New most build detail we week ... p. 1-r l. 2",
    "page": "86a37dc9-6766-4c16-b6cd-77ec1c0d4985",
    "sequence": 2,
    "y_min": 293,
    "y_max": 366,
    "created_by_run": "42cb354e-2327-43c6-b6e9-b3a478488f32"
  }
},
{
  "model": "pp.line",
  "pk": "3c2144ed-35bf-42ab-87c3-15b5d94c6d95",
  "fields": {
    "label": "(122028) Order no notice skin oil born ... p. 0-r l. 2",
    "page": "d4a38109-64ec-4205-ab32-f72470a00c83",
    "sequence": 2,
    "y_min": 152,
    "y_max": 396,
    "created_by_run": "2ac0869b-5a5d-4674-bb95-800838acd4b7"
  }
},
{
  "model": "pp.line",
  "pk": "3eb632f5-f3d9-413a-a53c-d19621e166f7",
  "fields": {
    "label": "(60468) New most build detail we week ... p. 2-l l. 2",
    "page": "866b096b-55af-48a5-a8b6-bbb021d11de5",
    "sequence": 2,
    "y_min": 72,
    "y_max": 177,
    "created_by_run": "42cb354e-2327-43c6-b6e9-b3a478488f32"
  }
},
{
  "model": "pp.line",
  "pk": "3f8ea81f-2a75-470f-976a-4cb090cf21a8",
  "fields": {
    "label": "(273837) Police these rich stage throug... p. 0-l l. 1",
    "page": "b5c65bcc-6256-4e56-80a6-081b59900c89",
    "sequence": 1,
    "y_min": 93,
    "y_max": 409,
    "created_by_run": "ecb30b96-2c87-4cf2-bd3a-135e92971b46"
  }
},
{
  "model": "pp.line",
  "pk": "41b811e9-727d-4cd4-b35f-86bbee4e60ba",
  "fields": {
    "label": "(24668) Collection eat social wear cau... p. 2-l l. 2",
    "page": "94e6005d-c921-454e-9835-c40d3ddfb334",
    "sequence": 2,
    "y_min": 410,
    "y_max": 318,
    "created_by_run": "0c821b81-9076-4de9-a518-878662b95ef9"
  }
},
{
  "model": "pp.line",
  "pk": "45cfb4cd-55a7-40f9-af18-baa8639635e3",
  "fields": {
    "label": "(24668) Collection eat social wear cau... p. 1-r l. 0",
    "page": "1d98f0c6-cc30-4385-b72f-4e61fb2525ef",
    "sequence": 0,
    "y_min": 184,
    "y_max": 88,
    "created_by_run": "0c821b81-9076-4de9-a518-878662b95ef9"
  }
},
{
  "model": "pp.line",
  "pk": "491ca756-ac04-44ea-87f1-8b6e8337bb76",
  "fields": {
    "label": "(24668) Collection eat social wear cau... p. 0-l l. 1",
    "page": "ba0d32bf-1a34-4349-bf35-e080b02206e1",
    "sequence": 1,
    "y_min": 266,
    "y_max": 454,
    "created_by_run": "0c821b81-9076-4de9-a518-878662b95ef9"
  }
},
{
  "model": "pp.line",
  "pk": "56e11a3c-5d42-4d12-8fff-43e08d057504",
  "fields": {
    "label": "(60468) New most build detail we week ... p. 2-r l. 1",
    "page": "eb209343-cc08-4d24-b3a6-1879d5b992b1",
    "sequence": 1,
    "y_min": 466,
    "y_max": 381,
    "created_by_run": "42cb354e-2327-43c6-b6e9-b3a478488f32"
  }
},
{
  "model": "pp.line",
  "pk": "58e1fcaa-a520-4b1b-9686-725937e7f0d3",
  "fields": {
    "label": "(24668) Collection eat social wear cau... p. 0-l l. 2",
    "page": "ba0d32bf-1a34-4349-bf35-e080b02206e1",
    "sequence": 2,
    "y_min": 27,
    "y_max": 423,
    "created_by_run": "0c821b81-9076-4de9-a518-878662b95ef9"
  }
},
{
  "model": "pp.line",
  "pk": "58f76ea2-503b-4c04-9fa2-c0015d22c0bf",
  "fields": {
    "label": "(24668) Collection eat social wear cau... p. 2-r l. 0",
    "page": "2a9167c0-88f1-48b5-82b7-4f07915408e9",
    "sequence": 0,
    "y_min": 225,
    "y_max": 461,
    "created_by_run": "0c821b81-9076-4de9-a518-878662b95ef9"
  }
},
{
  "model": "pp.line",
  "pk": "5b19d6a8-8b13-40ce-8ace-1592165b73e9",
  "fields": {
    "label": "(122028) Order no notice skin oil born ... p. 2-l l. 0",
    "page": "27769c74-9e66-4e14-85fc-f749b59b2dbf",
    "sequence": 0,
    "y_min": 231,
    "y_max": 117,
    "created_by_run": "2ac0869b-5a5d-4674-bb95-800838acd4b7"
  }
},
{
  "model": "pp.line",
  "pk": "5b416e9f-d205-474f-82d6-833ccd0de9b6",
  "fields": {
    "label": "(60468) New most build detail we week ... p. 2-r l. 2",
    "page": "eb209343-cc08-4d24-b3a6-1879d5b992b1",
    "sequence": 2,
    "y_min": 167,
    "y_max": 450,
    "created_by_run": "42cb354e-2327-43c6-b6e9-b3a478488f32"
  }
},
{
  "model": "pp.line",
  "pk": "5bd3df06-ae7b-4142-920f-976c5ffeac21",
  "fields": {
    "label": "(60468) New most build detail we week ... p. 1-l l. 1",
    "page": "c331b5c0-6d06-4d04-a33e-65c047f42767",
    "sequence": 1,
    "y_min": 442,
    "y_max": 45,
    "created_by_run": "42cb354e-2327-43c6-b6e9-b3a478488f32"
  }
},
{
  "model": "pp.line",
  "pk": "69d8ffd0-bb01-4d72-807e-15086583be31",
  "fields": {
    "label": "(122028) Order no notice skin oil born ... p. 2-l l. 1",
    "page": "27769c74-9e66-4e14-85fc-f749b59b2dbf",
    "sequence": 1,
    "y_min": 122,
    "y_max": 423,
    "created_by_run": "2ac0869b-5a5d-4674-bb95-800838acd4b7"
  }
},
{
  "model": "pp.line",
  "pk": "6a14147b-0d31-4756-82cd-11d6398a830c",
  "fields": {
    "label": "(24668) Collection eat social wear cau... p. 2-l l. 0",
    "page": "94e6005d-c921-454e-9835-c40d3ddfb334",
    "sequence": 0,
    "y_min": 103,
    "y_max": 381,
    "created_by_run": "0c821b81-9076-4de9-a518-878662b95ef9"
  }
},
{
  "model": "pp.line",
  "pk": "711dbfc6-83f7-44df-a42d-2ee649bacc50",
  "fields": {
    "label": "(273837) Police these rich stage throug... p. 0-l l. 0",
    "page": "b5c65bcc-6256-4e56-80a6-081b59900c89",
    "sequence": 0,
    "y_min": 320,
    "y_max": 365,
    "created_by_run": "ecb30b96-2c87-4cf2-bd3a-135e92971b46"
  }
},
{
  "model": "pp.line",
  "pk": "7432dbbc-a537-4ff1-bb08-f1567d410296",
  "fields": {
    "label": "(24668) Collection eat social wear cau... p. 0-l l. 0",
    "page": "ba0d32bf-1a34-4349-bf35-e080b02206e1",
    "sequence": 0,
    "y_min": 192,
    "y_max": 93,
    "created_by_run": "0c821b81-9076-4de9-a518-878662b95ef9"
  }
},
{
  "model": "pp.line",
  "pk": "784e613b-d77f-41f1-ba3a-930a2ffaeaa2",
  "fields": {
    "label": "(122028) Order no notice skin oil born ... p. 1-r l. 0",
    "page": "f0b12fc6-f2f7-469a-a923-419bdf0480e2",
    "sequence": 0,
    "y_min": 207,
    "y_max": 235,
    "created_by_run": "2ac0869b-5a5d-4674-bb95-800838acd4b7"
  }
},
{
  "model": "pp.line",
  "pk": "844188a4-99af-4aa7-9d14-bd230c18f678",
  "fields": {
    "label": "(122028) Order no notice skin oil born ... p. 2-r l. 2",
    "page": "b839faa3-0e9a-46a8-bf7d-a8e40331661c",
    "sequence": 2,
    "y_min": 176,
    "y_max": 428,
    "created_by_run": "2ac0869b-5a5d-4674-bb95-800838acd4b7"
  }
},
{
  "model": "pp.line",
  "pk": "85dbaa64-2439-4eab-8a84-d40350fa9cdd",
  "fields": {
    "label": "(60468) New most build detail we week ... p. 2-l l. 0",
    "page": "866b096b-55af-48a5-a8b6-bbb021d11de5",
    "sequence": 0,
    "y_min": 373,
    "y_max": 314,
    "created_by_run": "42cb354e-2327-43c6-b6e9-b3a478488f32"
  }
},
{
  "model": "pp.line",
  "pk": "8c0e2eb4-5710-4472-b6cc-ef6c6bf8b0a6",
  "fields": {
    "label": "(24668) Collection eat social wear cau... p. 2-r l. 2",
    "page": "2a9167c0-88f1-48b5-82b7-4f07915408e9",
    "sequence": 2,
    "y_min": 248,
    "y_max": 129,
    "created_by_run": "0c821b81-9076-4de9-a518-878662b95ef9"
  }
},
{
  "model": "pp.line",
  "pk": "8d3cd416-a35a-4ba3-b7dc-1a1d9dc11eb4",
  "fields": {
    "label": "(122028) Order no notice skin oil born ... p. 0-l l. 0",
    "page": "51cf01ca-bf6f-42d5-9caf-db2b939f045a",
    "sequence": 0,
    "y_min": 44,
    "y_max": 316,
    "created_by_run": "2ac0869b-5a5d-4674-bb95-800838acd4b7"
  }
},
{
  "model": "pp.line",
  "pk": "9904238a-a76e-498b-9c09-6a0298a087ae",
  "fields": {
    "label": "(273837) Police these rich stage throug... p. 0-r l. 0",
    "page": "eb1de540-7df3-4888-9730-76bc9c736932",
    "sequence": 0,
    "y_min": 122,
    "y_max": 365,
    "created_by_run": "ecb30b96-2c87-4cf2-bd3a-135e92971b46"
  }
},
{
  "model": "pp.line",
  "pk": "9929be68-2d15-4adc-b132-a11531584c72",
  "fields": {
    "label": "(24668) Collection eat social wear cau... p. 1-r l. 2",
    "page": "1d98f0c6-cc30-4385-b72f-4e61fb2525ef",
    "sequence": 2,
    "y_min": 6,
    "y_max": 162,
    "created_by_run": "0c821b81-9076-4de9-a518-878662b95ef9"
  }
},
{
  "model": "pp.line",
  "pk": "99681d8f-df50-475d-b502-1d7dce704aac",
  "fields": {
    "label": "(60468) New most build detail we week ... p. 0-r l. 2",
    "page": "0a6da1e8-7d73-419f-8edc-367af9560e13",
    "sequence": 2,
    "y_min": 125,
    "y_max": 207,
    "created_by_run": "42cb354e-2327-43c6-b6e9-b3a478488f32"
  }
},
{
  "model": "pp.line",
  "pk": "9afd53e6-7441-4c9b-98f6-348907426e3a",
  "fields": {
    "label": "(273837) Police these rich stage throug... p. 2-r l. 2",
    "page": "1bd244dc-ed08-4f81-a29d-886301054693",
    "sequence": 2,
    "y_min": 109,
    "y_max": 197,
    "created_by_run": "ecb30b96-2c87-4cf2-bd3a-135e92971b46"
  }
},
{
  "model": "pp.line",
  "pk": "a45978f3-7996-4e86-a95d-fe289a097a89",
  "fields": {
    "label": "(122028) Order no notice skin oil born ... p. 2-l l. 2",
    "page": "27769c74-9e66-4e14-85fc-f749b59b2dbf",
    "sequence": 2,
    "y_min": 313,
    "y_max": 491,
    "created_by_run": "2ac0869b-5a5d-4674-bb95-800838acd4b7"
  }
},
{
  "model": "pp.line",
  "pk": "b7b516c2-db45-492c-9953-0d99f43d55bb",
  "fields": {
    "label": "(24668) Collection eat social wear cau... p. 1-l l. 2",
    "page": "543d86fd-73c5-4fd8-8836-4253539350e4",
    "sequence": 2,
    "y_min": 291,
    "y_max": 176,
    "created_by_run": "0c821b81-9076-4de9-a518-878662b95ef9"
  }
},
{
  "model": "pp.line",
  "pk": "b9d66929-11bb-4cb6-9849-5408e7d48977",
  "fields": {
    "label": "(273837) Police these rich stage throug... p. 1-l l. 1",
    "page": "703bafc8-6690-471b-96a1-108bca4a53ed",
    "sequence": 1,
    "y_min": 285,
    "y_max": 357,
    "created_by_run": "ecb30b96-2c87-4cf2-bd3a-135e92971b46"
  }
},
{
  "model": "pp.line",
  "pk": "bae106ab-4a1a-47a0-83bd-45e0d9910b14",
  "fields": {
    "label": "(273837) Police these rich stage throug... p. 1-r l. 1",
    "page": "eae31dde-a663-4dcf-82cb-f1bb391d90dd",
    "sequence": 1,
    "y_min": 98,
    "y_max": 414,
    "created_by_run": "ecb30b96-2c87-4cf2-bd3a-135e92971b46"
  }
},
{
  "model": "pp.line",
  "pk": "bbd3166d-f2c6-43f9-a9ba-aa11d8e0ece5",
  "fields": {
    "label": "(60468) New most build detail we week ... p. 1-l l. 2",
    "page": "c331b5c0-6d06-4d04-a33e-65c047f42767",
    "sequence": 2,
    "y_min": 78,
    "y_max": 253,
    "created_by_run": "42cb354e-2327-43c6-b6e9-b3a478488f32"
  }
},
{
  "model": "pp.line",
  "pk": "bc850f70-c12a-4567-9ac6-76de938b591c",
  "fields": {
    "label": "(60468) New most build detail we week ... p. 0-l l. 1",
    "page": "94d594a9-0463-4212-a499-4ed094a472c7",
    "sequence": 1,
    "y_min": 162,
    "y_max": 175,
    "created_by_run": "42cb354e-2327-43c6-b6e9-b3a478488f32"
  }
},
{
  "model": "pp.line",
  "pk": "ce914baa-ced8-4f28-8d9f-ff580d174889",
  "fields": {
    "label": "(24668) Collection eat social wear cau... p. 0-r l. 2",
    "page": "440dc6c8-41c2-49ef-bc8b-0dcae048127c",
    "sequence": 2,
    "y_min": 290,
    "y_max": 66,
    "created_by_run": "0c821b81-9076-4de9-a518-878662b95ef9"
  }
},
{
  "model": "pp.line",
  "pk": "d42f9a00-3e53-45ad-a0a5-127651c832f6",
  "fields": {
    "label": "(24668) Collection eat social wear cau... p. 2-l l. 1",
    "page": "94e6005d-c921-454e-9835-c40d3ddfb334",
    "sequence": 1,
    "y_min": 463,
    "y_max": 186,
    "created_by_run": "0c821b81-9076-4de9-a518-878662b95ef9"
  }
},
{
  "model": "pp.line",
  "pk": "d788b2f7-350a-4968-9a60-2a8d4ec143c1",
  "fields": {
    "label": "(122028) Order no notice skin oil born ... p. 0-r l. 0",
    "page": "d4a38109-64ec-4205-ab32-f72470a00c83",
    "sequence": 0,
    "y_min": 146,
    "y_max": 243,
    "created_by_run": "2ac0869b-5a5d-4674-bb95-800838acd4b7"
  }
},
{
  "model": "pp.line",
  "pk": "d86d7c87-4c4c-4f3c-9795-bbb75856cb5b",
  "fields": {
    "label": "(24668) Collection eat social wear cau... p. 0-r l. 1",
    "page": "440dc6c8-41c2-49ef-bc8b-0dcae048127c",
    "sequence": 1,
    "y_min": 140,
    "y_max": 194,
    "created_by_run": "0c821b81-9076-4de9-a518-878662b95ef9"
  }
},
{
  "model": "pp.line",
  "pk": "d90526ce-b2f2-4602-b253-90545b30cd85",
  "fields": {
    "label": "(273837) Police these rich stage throug... p. 0-l l. 2",
    "page": "b5c65bcc-6256-4e56-80a6-081b59900c89",
    "sequence": 2,
    "y_min": 133,
    "y_max": 244,
    "created_by_run": "ecb30b96-2c87-4cf2-bd3a-135e92971b46"
  }
},
{
  "model": "pp.line",
  "pk": "d92dda20-bf24-4328-b0aa-bbc3415a93de",
  "fields": {
    "label": "(60468) New most build detail we week ... p. 0-l l. 0",
    "page": "94d594a9-0463-4212-a499-4ed094a472c7",
    "sequence": 0,
    "y_min": 262,
    "y_max": 342,
    "created_by_run": "42cb354e-2327-43c6-b6e9-b3a478488f32"
  }
},
{
  "model": "pp.line",
  "pk": "d94ba561-211a-4e1a-9414-698c535de08b",
  "fields": {
    "label": "(122028) Order no notice skin oil born ... p. 0-l l. 1",
    "page": "51cf01ca-bf6f-42d5-9caf-db2b939f045a",
    "sequence": 1,
    "y_min": 442,
    "y_max": 283,
    "created_by_run": "2ac0869b-5a5d-4674-bb95-800838acd4b7"
  }
},
{
  "model": "pp.line",
  "pk": "e19c486f-fa33-4365-b9d6-9d7202d4ff80",
  "fields": {
    "label": "(60468) New most build detail we week ... p. 2-r l. 0",
    "page": "eb209343-cc08-4d24-b3a6-1879d5b992b1",
    "sequence": 0,
    "y_min": 442,
    "y_max": 371,
    "created_by_run": "42cb354e-2327-43c6-b6e9-b3a478488f32"
  }
},
{
  "model": "pp.line",
  "pk": "e2ab5c1d-3924-48c5-a367-38ed9ca25457",
  "fields": {
    "label": "(273837) Police these rich stage throug... p. 1-r l. 0",
    "page": "eae31dde-a663-4dcf-82cb-f1bb391d90dd",
    "sequence": 0,
    "y_min": 216,
    "y_max": 359,
    "created_by_run": "ecb30b96-2c87-4cf2-bd3a-135e92971b46"
  }
},
{
  "model": "pp.line",
  "pk": "e8d909bb-6a69-40e3-b06e-e10e6a1efcf3",
  "fields": {
    "label": "(60468) New most build detail we week ... p. 0-r l. 1",
    "page": "0a6da1e8-7d73-419f-8edc-367af9560e13",
    "sequence": 1,
    "y_min": 289,
    "y_max": 73,
    "created_by_run": "42cb354e-2327-43c6-b6e9-b3a478488f32"
  }
},
{
  "model": "pp.line",
  "pk": "e8f70240-49d4-4677-871c-96af393251be",
  "fields": {
    "label": "(122028) Order no notice skin oil born ... p. 1-l l. 2",
    "page": "892ac1b0-f527-4034-8b6b-058576ab48f2",
    "sequence": 2,
    "y_min": 96,
    "y_max": 303,
    "created_by_run": "2ac0869b-5a5d-4674-bb95-800838acd4b7"
  }
},
{
  "model": "pp.line",
  "pk": "e9e20ba9-bf7c-41fa-8afd-7b36ec390836",
  "fields": {
    "label": "(273837) Police these rich stage throug... p. 1-r l. 2",
    "page": "eae31dde-a663-4dcf-82cb-f1bb391d90dd",
    "sequence": 2,
    "y_min": 80,
    "y_max": 305,
    "created_by_run": "ecb30b96-2c87-4cf2-bd3a-135e92971b46"
  }
},
{
  "model": "pp.line",
  "pk": "f088a54f-c5e7-4961-a603-693990cc467d",
  "fields": {
    "label": "(122028) Order no notice skin oil born ... p. 0-r l. 1",
    "page": "d4a38109-64ec-4205-ab32-f72470a00c83",
    "sequence": 1,
    "y_min": 238,
    "y_max": 51,
    "created_by_run": "2ac0869b-5a5d-4674-bb95-800838acd4b7"
  }
},
{
  "model": "pp.line",
  "pk": "f1fe1bfe-353f-4b2c-842c-92bb889fb756",
  "fields": {
    "label": "(24668) Collection eat social wear cau... p. 1-l l. 1",
    "page": "543d86fd-73c5-4fd8-8836-4253539350e4",
    "sequence": 1,
    "y_min": 4,
    "y_max": 41,
    "created_by_run": "0c821b81-9076-4de9-a518-878662b95ef9"
  }
},
{
  "model": "pp.line",
  "pk": "f94d17ab-7dc0-4cb6-8671-fdb492e4cdb4",
  "fields": {
    "label": "(273837) Police these rich stage throug... p. 2-r l. 0",
    "page": "1bd244dc-ed08-4f81-a29d-886301054693",
    "sequence": 0,
    "y_min": 165,
    "y_max": 73,
    "created_by_run": "ecb30b96-2c87-4cf2-bd3a-135e92971b46"
  }
},
{
  "model": "pp.line",
  "pk": "fd12d5e6-11e9-4bb8-8b69-af76bc83cc49",
  "fields": {
    "label": "(60468) New most build detail we week ... p. 2-l l. 1",
    "page": "866b096b-55af-48a5-a8b6-bbb021d11de5",
    "sequence": 1,
    "y_min": 144,
    "y_max": 163,
    "created_by_run": "42cb354e-2327-43c6-b6e9-b3a478488f32"
  }
},
{
  "model": "pp.characterclass",
  "pk": "!",
  "fields": {
    "label": "",
    "group": "pu"
  }
},
{
  "model": "pp.characterclass",
  "pk": ":",
  "fields": {
    "label": "",
    "group": "pu"
  }
},
{
  "model": "pp.characterclass",
  "pk": "a",
  "fields": {
    "label": "",
    "group": "cl"
  }
},
{
  "model": "pp.characterclass",
  "pk": "A",
  "fields": {
    "label": "",
    "group": "cu"
  }
},
{
  "model": "pp.characterclass",
  "pk": "b",
  "fields": {
    "label": "",
    "group": "cl"
  }
},
{
  "model": "pp.characterclass",
  "pk": "B",
  "fields": {
    "label": "",
    "group": "cu"
  }
},
{
  "model": "pp.characterclass",
  "pk": "c",
  "fields": {
    "label": "",
    "group": "cl"
  }
},
{
  "model": "pp.characterclass",
  "pk": "C",
  "fields": {
    "label": "",
    "group": "cu"
  }
},
{
  "model": "pp.characterclass",
  "pk": "d",
  "fields": {
    "label": "",
    "group": "cl"
  }
},
{
  "model": "pp.characterclass",
  "pk": "D",
  "fields": {
    "label": "",
    "group": "cu"
  }
},
{
  "model": "pp.characterclass",
  "pk": "e",
  "fields": {
    "label": "",
    "group": "cl"
  }
},
{
  "model": "pp.characterclass",
  "pk": "E",
  "fields": {
    "label": "",
    "group": "cu"
  }
},
{
  "model": "pp.characterclass",
  "pk": "f",
  "fields": {
    "label": "",
    "group": "cl"
  }
},
{
  "model": "pp.characterclass",
  "pk": "F",
  "fields": {
    "label": "",
    "group": "cu"
  }
},
{
  "model": "pp.characterclass",
  "pk": "g",
  "fields": {
    "label": "",
    "group": "cl"
  }
},
{
  "model": "pp.characterclass",
  "pk": "G",
  "fields": {
    "label": "",
    "group": "cu"
  }
},
{
  "model": "pp.characterclass",
  "pk": "h",
  "fields": {
    "label": "",
    "group": "cl"
  }
},
{
  "model": "pp.characterclass",
  "pk": "H",
  "fields": {
    "label": "",
    "group": "cu"
  }
},
{
  "model": "pp.characterclass",
  "pk": "i",
  "fields": {
    "label": "",
    "group": "cl"
  }
},
{
  "model": "pp.characterclass",
  "pk": "I",
  "fields": {
    "label": "",
    "group": "cu"
  }
},
{
  "model": "pp.characterclass",
  "pk": "j",
  "fields": {
    "label": "",
    "group": "cl"
  }
},
{
  "model": "pp.characterclass",
  "pk": "J",
  "fields": {
    "label": "",
    "group": "cu"
  }
},
{
  "model": "pp.characterclass",
  "pk": "k",
  "fields": {
    "label": "",
    "group": "cl"
  }
},
{
  "model": "pp.characterclass",
  "pk": "K",
  "fields": {
    "label": "",
    "group": "cu"
  }
},
{
  "model": "pp.characterclass",
  "pk": "l",
  "fields": {
    "label": "",
    "group": "cl"
  }
},
{
  "model": "pp.characterclass",
  "pk": "L",
  "fields": {
    "label": "",
    "group": "cu"
  }
},
{
  "model": "pp.characterclass",
  "pk": "m",
  "fields": {
    "label": "",
    "group": "cl"
  }
},
{
  "model": "pp.characterclass",
  "pk": "M",
  "fields": {
    "label": "",
    "group": "cu"
  }
},
{
  "model": "pp.characterclass",
  "pk": "n",
  "fields": {
    "label": "",
    "group": "cl"
  }
},
{
  "model": "pp.characterclass",
  "pk": "N",
  "fields": {
    "label": "",
    "group": "cu"
  }
},
{
  "model": "pp.characterclass",
  "pk": "o",
  "fields": {
    "label": "",
    "group": "cl"
  }
},
{
  "model": "pp.characterclass",
  "pk": "O",
  "fields": {
    "label": "",
    "group": "cu"
  }
},
{
  "model": "pp.characterclass",
  "pk": "p",
  "fields": {
    "label": "",
    "group": "cl"
  }
},
{
  "model": "pp.characterclass",
  "pk": "P",
  "fields": {
    "label": "",
    "group": "cu"
  }
},
{
  "model": "pp.characterclass",
  "pk": "q",
  "fields": {
    "label": "",
    "group": "cl"
  }
},
{
  "model": "pp.characterclass",
  "pk": "Q",
  "fields": {
    "label": "",
    "group": "cu"
  }
},
{
  "model": "pp.characterclass",
  "pk": "r",
  "fields": {
    "label": "",
    "group": "cl"
  }
},
{
  "model": "pp.characterclass",
  "pk": "R",
  "fields": {
    "label": "",
    "group": "cu"
  }
},
{
  "model": "pp.characterclass",
  "pk": "s",
  "fields": {
    "label": "",
    "group": "cl"
  }
},
{
  "model": "pp.characterclass",
  "pk": "S",
  "fields": {
    "label": "",
    "group": "cu"
  }
},
{
  "model": "pp.characterclass",
  "pk": "t",
  "fields": {
    "label": "",
    "group": "cl"
  }
},
{
  "model": "pp.characterclass",
  "pk": "T",
  "fields": {
    "label": "",
    "group": "cu"
  }
},
{
  "model": "pp.characterclass",
  "pk": "u",
  "fields": {
    "label": "",
    "group": "cl"
  }
},
{
  "model": "pp.characterclass",
  "pk": "U",
  "fields": {
    "label": "",
    "group": "cu"
  }
},
{
  "model": "pp.characterclass",
  "pk": "v",
  "fields": {
    "label": "",
    "group": "cl"
  }
},
{
  "model": "pp.characterclass",
  "pk": "V",
  "fields": {
    "label": "",
    "group": "cu"
  }
},
{
  "model": "pp.characterclass",
  "pk": "w",
  "fields": {
    "label": "",
    "group": "cl"
  }
},
{
  "model": "pp.characterclass",
  "pk": "W",
  "fields": {
    "label": "",
    "group": "cu"
  }
},
{
  "model": "pp.characterclass",
  "pk": "x",
  "fields": {
    "label": "",
    "group": "cl"
  }
},
{
  "model": "pp.characterclass",
  "pk": "X",
  "fields": {
    "label": "",
    "group": "cu"
  }
},
{
  "model": "pp.characterclass",
  "pk": "y",
  "fields": {
    "label": "",
    "group": "cl"
  }
},
{
  "model": "pp.characterclass",
  "pk": "Y",
  "fields": {
    "label": "",
    "group": "cu"
  }
},
{
  "model": "pp.characterclass",
  "pk": "z",
  "fields": {
    "label": "",
    "group": "cl"
  }
},
{
  "model": "pp.characterclass",
  "pk": "Z",
  "fields": {
    "label": "",
    "group": "cu"
  }
},
{
  "model": "pp.character",
  "pk": "0059be2b-52ca-474f-be70-c0422437e3a2",
  "fields": {
    "label": "(24668) Collection eat social wear cau... p. 0-l l. 2 c. 1",
    "line": "58e1fcaa-a520-4b1b-9686-725937e7f0d3",
    "sequence": 1,
    "x_min": 227,
    "x_max": 52,
    "y_min": null,
    "y_max": null,
    "character_class": "S",
    "human_character_class": null,
    "class_probability": 0.019991005223612746,
    "created_by_run": "2936e490-f669-4f45-8afd-6f70f46e9dc0",
    "exposure": 0,
    "offset": 0,
    "damage_score": null
  }
},
{
  "model": "pp.character",
  "pk": "00ce2aa5-87fa-43cb-a078-c1d8b725dc58",
  "fields": {
    "label": "(273837) Police these rich stage throug... p. 1-r l. 0 c. 1",
    "line": "e2ab5c1d-3924-48c5-a367-38ed9ca25457",
    "sequence": 1,
    "x_min": 85,
    "x_max": 39,
    "y_min": null,
    "y_max": null,
    "character_class": "V",
    "human_character_class": null,
    "class_probability": 0.2122617723609297,
    "created_by_run": "06e75087-c42f-494e-afbe-58d178d296f8",
    "exposure": 0,
    "offset": 0,
    "damage_score": null
  }
},
{
  "model": "pp.character",
  "pk": "0196091d-59e5-44dc-a907-5ab6ab1c0883",
  "fields": {
    "label": "(122028) Order no notice skin oil born ... p. 0-l l. 1 c. 1",
    "line": "d94ba561-211a-4e1a-9414-698c535de08b",
    "sequence": 1,
    "x_min": 67,
    "x_max": 397,
    "y_min": null,
    "y_max": null,
    "character_class": "V",
    "human_character_class": null,
    "class_probability": 0.48669699473214656,
    "created_by_run": "e4dde0c0-72ab-44e0-aa44-666d19e800f5",
    "exposure": 0,
    "offset": 0,
    "damage_score": null
  }
},
{
  "model": "pp.character",
  "pk": "0256b8d9-4e16-435b-bbfa-da88515a7268",
  "fields": {
    "label": "(122028) Order no notice skin oil born ... p. 1-l l. 0 c. 1",
    "line": "2efd0a17-e850-4b8e-892d-fe8a0c966b0b",
    "sequence": 1,
    "x_min": 105,
    "x_max": 160,
    "y_min": null,
    "y_max": null,
    "character_class": "s",
    "human_character_class": null,
    "class_probability": 0.7449511249682138,
    "created_by_run": "e4dde0c0-72ab-44e0-aa44-666d19e800f5",
    "exposure": 0,
    "offset": 0,
    "damage_score": null
  }
},
{
  "model": "pp.character",
  "pk": "03b364cf-4581-497e-8369-cb86e955e1a6",
  "fields": {
    "label": "(122028) Order no notice skin oil born ... p. 0-l l. 0 c. 0",
    "line": "8d3cd416-a35a-4ba3-b7dc-1a1d9dc11eb4",
    "sequence": 0,
    "x_min": 415,
    "x_max": 150,
    "y_min": null,
    "y_max": null,
    "character_class": "k",
    "human_character_class": null,
    "class_probability": 0.6509345757462668,
    "created_by_run": "e4dde0c0-72ab-44e0-aa44-666d19e800f5",
    "exposure": 0,
    "offset": 0,
    "damage_score": null
  }
},
{
  "model": "pp.character",
  "pk": "0403801a-a134-4b80-a16d-2e9e4f93edda",
  "fields": {
    "label": "(60468) New most build detail we week ... p. 1-r l. 1 c. 1",
    "line": "329684cf-3c27-4226-8285-315a64004e7b",
    "sequence": 1,
    "x_min": 233,
    "x_max": 371,
    "y_min": null,
    "y_max": null,
    "character_class": "X",
    "human_character_class": null,
    "class_probability": 0.7648096482065083,
    "created_by_run": "df24fc7a-5e1e-4db0-908e-bfa905d0fe6a",
    "exposure": 0,
    "offset": 0,
    "damage_score": null
  }
},
{
  "model": "pp.character",
  "pk": "08a4e123-3651-4794-af08-9088d058408d",
  "fields": {
    "label": "(122028) Order no notice skin oil born ... p. 2-l l. 2 c. 1",
    "line": "a45978f3-7996-4e86-a95d-fe289a097a89",
    "sequence": 1,
    "x_min": 396,
    "x_max": 2,
    "y_min": null,
    "y_max": null,
    "character_class": "E",
    "human_character_class": null,
    "class_probability": 0.8672547559950664,
    "created_by_run": "e4dde0c0-72ab-44e0-aa44-666d19e800f5",
    "exposure": 0,
    "offset": 0,
    "damage_score": null
  }
},
{
  "model": "pp.character",
  "pk": "08c236b4-7e01-4744-93fb-af38ce723c3b",
  "fields": {
    "label": "(273837) Police these rich stage throug... p. 0-l l. 2 c. 0",
    "line": "d90526ce-b2f2-4602-b253-90545b30cd85",
    "sequence": 0,
    "x_min": 322,
    "x_max": 401,
    "y_min": null,
    "y_max": null,
    "character_class": "O",
    "human_character_class": null,
    "class_probability": 0.5261322409813427,
    "created_by_run": "06e75087-c42f-494e-afbe-58d178d296f8",
    "exposure": 0,
    "offset": 0,
    "damage_score": null
  }
},
{
  "model": "pp.character",
  "pk": "08f1e54f-801c-4122-8b35-05fa1d69f393",
  "fields": {
    "label": "(60468) New most build detail we week ... p. 2-r l. 0 c. 2",
    "line": "e19c486f-fa33-4365-b9d6-9d7202d4ff80",
    "sequence": 2,
    "x_min": 97,
    "x_max": 76,
    "y_min": null,
    "y_max": null,
    "character_class": "m",
    "human_character_class": null,
    "class_probability": 0.9825761371527967,
    "created_by_run": "df24fc7a-5e1e-4db0-908e-bfa905d0fe6a",
    "exposure": 0,
    "offset": 0,
    "damage_score": null
  }
},
{
  "model": "pp.character",
  "pk": "097f6674-518f-4d0f-ad7c-87975de46f02",
  "fields": {
    "label": "(122028) Order no notice skin oil born ... p. 0-r l. 1 c. 1",
    "line": "f088a54f-c5e7-4961-a603-693990cc467d",
    "sequence": 1,
    "x_min": 345,
    "x_max": 177,
    "y_min": null,
    "y_max": null,
    "character_class": "y",
    "human_character_class": null,
    "class_probability": 0.1210190066364375,
    "created_by_run": "e4dde0c0-72ab-44e0-aa44-666d19e800f5",
    "exposure": 0,
    "offset": 0,
    "damage_score": null
  }
},
{
  "model": "pp.character",
  "pk": "09b191e4-59b1-44e4-8b4d-fba32ec1b5c6",
  "fields": {
    "label": "(60468) New most build detail we week ... p. 1-r l. 2 c. 0",
    "line": "37749687-2aa2-4a7f-a642-a15b90d2facb",
    "sequence": 0,
    "x_min": 275,
    "x_max": 200,
    "y_min": null,
    "y_max": null,
    "character_class": "k",
    "human_character_class": null,
    "class_probability": 0.10640318134394011,
    "created_by_run": "df24fc7a-5e1e-4db0-908e-bfa905d0fe6a",
    "exposure": 0,
    "offset": 0,
    "damage_score": null
  }
},
{
  "model": "pp.character",
  "pk": "09d02aa1-3247-4651-9ace-6df521a907b5",
  "fields": {
    "label": "(24668) Collection eat social wear cau... p. 2-l l. 2 c. 0",
    "line": "41b811e9-727d-4cd4-b35f-86bbee4e60ba",
    "sequence": 0,
    "x_min": 264,
    "x_max": 243,
    "y_min": null,
    "y_max": null,
    "character_class": "l",
    "human_character_class": null,
    "class_probability": 0.08064489626573179,
    "created_by_run": "2936e490-f669-4f45-8afd-6f70f46e9dc0",
    "exposure": 0,
    "offset": 0,
    "damage_score": null
  }
},
{
  "model": "pp.character",
  "pk": "0b1f25f9-e2d0-484a-ab52-7301fdbc76c8",
  "fields": {
    "label": "(24668) Collection eat social wear cau... p. 2-r l. 2 c. 1",
    "line": "8c0e2eb4-5710-4472-b6cc-ef6c6bf8b0a6",
    "sequence": 1,
    "x_min": 287,
    "x_max": 172,
    "y_min": null,
    "y_max": null,
    "character_class": "E",
    "human_character_class": null,
    "class_probability": 0.03945806088182946,
    "created_by_run": "2936e490-f669-4f45-8afd-6f70f46e9dc0",
    "exposure": 0,
    "offset": 0,
    "damage_score": null
  }
},
{
  "model": "pp.character",
  "pk": "0b6b2515-57df-4d35-9e19-5a208a7038de",
  "fields": {
    "label": "(60468) New most build detail we week ... p. 2-l l. 0 c. 0",
    "line": "85dbaa64-2439-4eab-8a84-d40350fa9cdd",
    "sequence": 0,
    "x_min": 497,
    "x_max": 471,
    "y_min": null,
    "y_max": null,
    "character_class": "M",
    "human_character_class": null,
    "class_probability": 0.28185124916806525,
    "created_by_run": "df24fc7a-5e1e-4db0-908e-bfa905d0fe6a",
    "exposure": 0,
    "offset": 0,
    "damage_score": null
  }
},
{
  "model": "pp.character",
  "pk": "0cd80790-e832-4572-b4bb-3b58d539d2e4",
  "fields": {
    "label": "(122028) Order no notice skin oil born ... p. 1-r l. 2 c. 1",
    "line": "2eeed54c-290a-45ac-8afc-0d9b2fc66bbd",
    "sequence": 1,
    "x_min": 343,
    "x_max": 387,
    "y_min": null,
    "y_max": null,
    "character_class": "Y",
    "human_character_class": null,
    "class_probability": 0.39423780490897997,
    "created_by_run": "e4dde0c0-72ab-44e0-aa44-666d19e800f5",
    "exposure": 0,
    "offset": 0,
    "damage_score": null
  }
},
{
  "model": "pp.character",
  "pk": "0d8b8e18-2fc7-415c-91c2-3251d7407fc9",
  "fields": {
    "label": "(24668) Collection eat social wear cau... p. 2-l l. 0 c. 0",
    "line": "6a14147b-0d31-4756-82cd-11d6398a830c",
    "sequence": 0,
    "x_min": 337,
    "x_max": 346,
    "y_min": null,
    "y_max": null,
    "character_class": "W",
    "human_character_class": null,
    "class_probability": 0.5446124340171389,
    "created_by_run": "2936e490-f669-4f45-8afd-6f70f46e9dc0",
    "exposure": 0,
    "offset": 0,
    "damage_score": null
  }
},
{
  "model": "pp.character",
  "pk": "0db24e8f-2896-4006-b804-838b4f11f416",
  "fields": {
    "label": "(60468) New most build detail we week ... p. 1-r l. 0 c. 0",
    "line": "30454456-b4ef-47ca-8b38-653c6cc57e08",
    "sequence": 0,
    "x_min": 326,
    "x_max": 398,
    "y_min": null,
    "y_max": null,
    "character_class": "C",
    "human_character_class": null,
    "class_probability": 0.20863364716100885,
    "created_by_run": "df24fc7a-5e1e-4db0-908e-bfa905d0fe6a",
    "exposure": 0,
    "offset": 0,
    "damage_score": null
  }
},
{
  "model": "pp.character",
  "pk": "0e367f91-3f73-4b48-ab5c-62cb5e556acd",
  "fields": {
    "label": "(122028) Order no notice skin oil born ... p. 0-r l. 0 c. 2",
    "line": "d788b2f7-350a-4968-9a60-2a8d4ec143c1",
    "sequence": 2,
    "x_min": 31,
    "x_max": 302,
    "y_min": null,
    "y_max": null,
    "character_class": "p",
    "human_character_class": null,
    "class_probability": 0.8454393692861182,
    "created_by_run": "e4dde0c0-72ab-44e0-aa44-666d19e800f5",
    "exposure": 0,
    "offset": 0,
    "damage_score": null
  }
},
{
  "model": "pp.character",
  "pk": "0f8f4f48-5472-49f0-8034-fa878c6f195f",
  "fields": {
    "label": "(122028) Order no notice skin oil born ... p. 2-l l. 2 c. 0",
    "line": "a45978f3-7996-4e86-a95d-fe289a097a89",
    "sequence": 0,
    "x_min": 318,
    "x_max": 153,
    "y_min": null,
    "y_max": null,
    "character_class": "J",
    "human_character_class": null,
    "class_probability": 0.13250674075468993,
    "created_by_run": "e4dde0c0-72ab-44e0-aa44-666d19e800f5",
    "exposure": 0,
    "offset": 0,
    "damage_score": null
  }
},
{
  "model": "pp.character",
  "pk": "0fecb807-b36b-4693-b82d-d3ed965ed5ca",
  "fields": {
    "label": "(24668) Collection eat social wear cau... p. 1-r l. 0 c. 1",
    "line": "45cfb4cd-55a7-40f9-af18-baa8639635e3",
    "sequence": 1,
    "x_min": 253,
    "x_max": 228,
    "y_min": null,
    "y_max": null,
    "character_class": "n",
    "human_character_class": null,
    "class_probability": 0.5613975825690665,
    "created_by_run": "2936e490-f669-4f45-8afd-6f70f46e9dc0",
    "exposure": 0,
    "offset": 0,
    "damage_score": null
  }
},
{
  "model": "pp.character",
  "pk": "1353df12-3aa8-4082-9cec-8adb3df91f92",
  "fields": {
    "label": "(24668) Collection eat social wear cau... p. 2-r l. 0 c. 2",
    "line": "58f76ea2-503b-4c04-9fa2-c0015d22c0bf",
    "sequence": 2,
    "x_min": 452,
    "x_max": 481,
    "y_min": null,
    "y_max": null,
    "character_class": "i",
    "human_character_class": null,
    "class_probability": 0.24491324300848616,
    "created_by_run": "2936e490-f669-4f45-8afd-6f70f46e9dc0",
    "exposure": 0,
    "offset": 0,
    "damage_score": null
  }
},
{
  "model": "pp.character",
  "pk": "155a0a02-7f17-46fe-b006-6e76f79ea91b",
  "fields": {
    "label": "(273837) Police these rich stage throug... p. 1-l l. 2 c. 2",
    "line": "131fa715-a04c-4dcd-b416-d6f0b3ef54ae",
    "sequence": 2,
    "x_min": 22,
    "x_max": 127,
    "y_min": null,
    "y_max": null,
    "character_class": "u",
    "human_character_class": null,
    "class_probability": 0.42144550329142516,
    "created_by_run": "06e75087-c42f-494e-afbe-58d178d296f8",
    "exposure": 0,
    "offset": 0,
    "damage_score": null
  }
},
{
  "model": "pp.character",
  "pk": "1694d2bf-47bf-4ae5-898a-1d8c94243ba2",
  "fields": {
    "label": "(60468) New most build detail we week ... p. 0-r l. 1 c. 0",
    "line": "e8d909bb-6a69-40e3-b06e-e10e6a1efcf3",
    "sequence": 0,
    "x_min": 98,
    "x_max": 440,
    "y_min": null,
    "y_max": null,
    "character_class": "h",
    "human_character_class": null,
    "class_probability": 0.810394026154953,
    "created_by_run": "df24fc7a-5e1e-4db0-908e-bfa905d0fe6a",
    "exposure": 0,
    "offset": 0,
    "damage_score": null
  }
},
{
  "model": "pp.character",
  "pk": "1960d614-6dd6-4a4d-bbe2-5207e9995a20",
  "fields": {
    "label": "(122028) Order no notice skin oil born ... p. 2-l l. 1 c. 0",
    "line": "69d8ffd0-bb01-4d72-807e-15086583be31",
    "sequence": 0,
    "x_min": 331,
    "x_max": 418,
    "y_min": null,
    "y_max": null,
    "character_class": "O",
    "human_character_class": null,
    "class_probability": 0.46730025407947506,
    "created_by_run": "e4dde0c0-72ab-44e0-aa44-666d19e800f5",
    "exposure": 0,
    "offset": 0,
    "damage_score": null
  }
},
{
  "model": "pp.character",
  "pk": "1b277020-0bc7-4228-9020-fe5eb8742dcb",
  "fields": {
    "label": "(60468) New most build detail we week ... p. 2-r l. 1 c. 2",
    "line": "56e11a3c-5d42-4d12-8fff-43e08d057504",
    "sequence": 2,
    "x_min": 36,
    "x_max": 313,
    "y_min": null,
    "y_max": null,
    "character_class": "v",
    "human_character_class": null,
    "class_probability": 0.4733047676981791,
    "created_by_run": "df24fc7a-5e1e-4db0-908e-bfa905d0fe6a",
    "exposure": 0,
    "offset": 0,
    "damage_score": null
  }
},
{
  "model": "pp.character",
  "pk": "1cc4a14d-528e-46c2-84d0-7fe91c3efd81",
  "fields": {
    "label": "(24668) Collection eat social wear cau... p. 1-l l. 1 c. 0",
    "line": "f1fe1bfe-353f-4b2c-842c-92bb889fb756",
    "sequence": 0,
    "x_min": 201,
    "x_max": 448,
    "y_min": null,
    "y_max": null,
    "character_class": "n",
    "human_character_class": null,
    "class_probability": 0.3313048246385075,
    "created_by_run": "2936e490-f669-4f45-8afd-6f70f46e9dc0",
    "exposure": 0,
    "offset": 0,
    "damage_score": null
  }
},
{
  "model": "pp.character",
  "pk": "1d0b5984-1e9e-472d-a4c6-13b18ce12ff9",
  "fields": {
    "label": "(24668) Collection eat social wear cau... p. 1-l l. 2 c. 0",
    "line": "b7b516c2-db45-492c-9953-0d99f43d55bb",
    "sequence": 0,
    "x_min": 187,
    "x_max": 365,
    "y_min": null,
    "y_max": null,
    "character_class": "k",
    "human_character_class": null,
    "class_probability": 0.9213023038505548,
    "created_by_run": "2936e490-f669-4f45-8afd-6f70f46e9dc0",
    "exposure": 0,
    "offset": 0,
    "damage_score": null
  }
},
{
  "model": "pp.character",
  "pk": "2084d56a-548f-45a6-8e20-36217eae2a5c",
  "fields": {
    "label": "(60468) New most build detail we week ... p. 1-l l. 2 c. 0",
    "line": "bbd3166d-f2c6-43f9-a9ba-aa11d8e0ece5",
    "sequence": 0,
    "x_min": 308,
    "x_max": 270,
    "y_min": null,
    "y_max": null,
    "character_class": "r",
    "human_character_class": null,
    "class_probability": 0.8299877273037363,
    "created_by_run": "df24fc7a-5e1e-4db0-908e-bfa905d0fe6a",
    "exposure": 0,
    "offset": 0,
    "damage_score": null
  }
},
{
  "model": "pp.character",
  "pk": "22de8d47-f025-44cb-bd86-2f334f43f785",
  "fields": {
    "label": "(60468) New most build detail we week ... p. 0-r l. 0 c. 1",
    "line": "2222caac-b9db-4ae0-b71f-3a0e77bed70f",
    "sequence": 1,
    "x_min": 43,
    "x_max": 454,
    "y_min": null,
    "y_max": null,
    "character_class": "r",
    "human_character_class": null,
    "class_probability": 0.7076374061461876,
    "created_by_run": "df24fc7a-5e1e-4db0-908e-bfa905d0fe6a",
    "exposure": 0,
    "offset": 0,
    "damage_score": null
  }
},
{
  "model": "pp.character",
  "pk": "2508cc7e-0035-416b-b552-8f32df22903e",
  "fields": {
    "label": "(24668) Collection eat social wear cau... p. 2-r l. 2 c. 2",
    "line": "8c0e2eb4-5710-4472-b6cc-ef6c6bf8b0a6",
    "sequence": 2,
    "x_min": 351,
    "x_max": 438,
    "y_min": null,
    "y_max": null,
    "character_class": "l",
    "human_character_class": null,
    "class_probability": 0.30543144463872696,
    "created_by_run": "2936e490-f669-4f45-8afd-6f70f46e9dc0",
    "exposure": 0,
    "offset": 0,
    "damage_score": null
  }
},
{
  "model": "pp.character",
  "pk": "25171e5c-dad2-45c6-bc0d-f58ef569b655",
  "fields": {
    "label": "(60468) New most build detail we week ... p. 2-r l. 1 c. 0",
    "line": "56e11a3c-5d42-4d12-8fff-43e08d057504",
    "sequence": 0,
    "x_min": 144,
    "x_max": 311,
    "y_min": null,
    "y_max": null,
    "character_class": "j",
    "human_character_class": null,
    "class_probability": 0.09030837700504746,
    "created_by_run": "df24fc7a-5e1e-4db0-908e-bfa905d0fe6a",
    "exposure": 0,
    "offset": 0,
    "damage_score": null
  }
},
{
  "model": "pp.character",
  "pk": "255abd1d-3a53-482a-b5d8-add6299209c2",
  "fields": {
    "label": "(122028) Order no notice skin oil born ... p. 1-r l. 1 c. 2",
    "line": "1a420e40-c737-4728-b84c-96b60b3051c6",
    "sequence": 2,
    "x_min": 330,
    "x_max": 106,
    "y_min": null,
    "y_max": null,
    "character_class": "I",
    "human_character_class": null,
    "class_probability": 0.9655358038851238,
    "created_by_run": "e4dde0c0-72ab-44e0-aa44-666d19e800f5",
    "exposure": 0,
    "offset": 0,
    "damage_score": null
  }
},
{
  "model": "pp.character",
  "pk": "26a5658b-eeaf-46c8-8923-3ce569b81ebd",
  "fields": {
    "label": "(273837) Police these rich stage throug... p. 2-r l. 2 c. 0",
    "line": "9afd53e6-7441-4c9b-98f6-348907426e3a",
    "sequence": 0,
    "x_min": 39,
    "x_max": 72,
    "y_min": null,
    "y_max": null,
    "character_class": "N",
    "human_character_class": null,
    "class_probability": 0.646315565847581,
    "created_by_run": "06e75087-c42f-494e-afbe-58d178d296f8",
    "exposure": 0,
    "offset": 0,
    "damage_score": null
  }
},
{
  "model": "pp.character",
  "pk": "26faa4b9-7ea4-4f90-bca4-03cb2bd08d82",
  "fields": {
    "label": "(24668) Collection eat social wear cau... p. 1-r l. 1 c. 2",
    "line": "1685aff3-459a-4480-8382-4a24cc1c9043",
    "sequence": 2,
    "x_min": 224,
    "x_max": 57,
    "y_min": null,
    "y_max": null,
    "character_class": "Q",
    "human_character_class": null,
    "class_probability": 0.015296608538283962,
    "created_by_run": "2936e490-f669-4f45-8afd-6f70f46e9dc0",
    "exposure": 0,
    "offset": 0,
    "damage_score": null
  }
},
{
  "model": "pp.character",
  "pk": "27b3bd66-2f6c-4803-b4b7-a95b20bfd6b1",
  "fields": {
    "label": "(273837) Police these rich stage throug... p. 2-r l. 1 c. 2",
    "line": "30a71be8-2d84-43d0-b91f-98f3f905c729",
    "sequence": 2,
    "x_min": 62,
    "x_max": 224,
    "y_min": null,
    "y_max": null,
    "character_class": "n",
    "human_character_class": null,
    "class_probability": 0.7508300568621651,
    "created_by_run": "06e75087-c42f-494e-afbe-58d178d296f8",
    "exposure": 0,
    "offset": 0,
    "damage_score": null
  }
},
{
  "model": "pp.character",
  "pk": "285a73ce-2b2e-46f7-a26a-90d89260eba7",
  "fields": {
    "label": "(122028) Order no notice skin oil born ... p. 0-r l. 0 c. 1",
    "line": "d788b2f7-350a-4968-9a60-2a8d4ec143c1",
    "sequence": 1,
    "x_min": 471,
    "x_max": 132,
    "y_min": null,
    "y_max": null,
    "character_class": "m",
    "human_character_class": null,
    "class_probability": 0.4048908028269669,
    "created_by_run": "e4dde0c0-72ab-44e0-aa44-666d19e800f5",
    "exposure": 0,
    "offset": 0,
    "damage_score": null
  }
},
{
  "model": "pp.character",
  "pk": "2a56781a-96c9-4ccc-823c-253cb5f81306",
  "fields": {
    "label": "(273837) Police these rich stage throug... p. 0-r l. 0 c. 1",
    "line": "9904238a-a76e-498b-9c09-6a0298a087ae",
    "sequence": 1,
    "x_min": 154,
    "x_max": 115,
    "y_min": null,
    "y_max": null,
    "character_class": "T",
    "human_character_class": null,
    "class_probability": 0.3878168781709799,
    "created_by_run": "06e75087-c42f-494e-afbe-58d178d296f8",
    "exposure": 0,
    "offset": 0,
    "damage_score": null
  }
},
{
  "model": "pp.character",
  "pk": "2ad66005-5048-4e3e-92f1-6acd60887db4",
  "fields": {
    "label": "(60468) New most build detail we week ... p. 2-l l. 2 c. 2",
    "line": "3eb632f5-f3d9-413a-a53c-d19621e166f7",
    "sequence": 2,
    "x_min": 234,
    "x_max": 256,
    "y_min": null,
    "y_max": null,
    "character_class": "S",
    "human_character_class": null,
    "class_probability": 0.9397809259744135,
    "created_by_run": "df24fc7a-5e1e-4db0-908e-bfa905d0fe6a",
    "exposure": 0,
    "offset": 0,
    "damage_score": null
  }
},
{
  "model": "pp.character",
  "pk": "2df96ed4-b91e-4c06-a09b-2527fa961618",
  "fields": {
    "label": "(24668) Collection eat social wear cau... p. 2-r l. 1 c. 2",
    "line": "03b7d45e-b92f-4f5f-948a-7574c442f92a",
    "sequence": 2,
    "x_min": 491,
    "x_max": 314,
    "y_min": null,
    "y_max": null,
    "character_class": "o",
    "human_character_class": null,
    "class_probability": 0.5300028061683283,
    "created_by_run": "2936e490-f669-4f45-8afd-6f70f46e9dc0",
    "exposure": 0,
    "offset": 0,
    "damage_score": null
  }
},
{
  "model": "pp.character",
  "pk": "2e4e94b4-f395-41fd-b298-66aa6974b5ab",
  "fields": {
    "label": "(24668) Collection eat social wear cau... p. 0-r l. 1 c. 1",
    "line": "d86d7c87-4c4c-4f3c-9795-bbb75856cb5b",
    "sequence": 1,
    "x_min": 98,
    "x_max": 263,
    "y_min": null,
    "y_max": null,
    "character_class": "B",
    "human_character_class": null,
    "class_probability": 0.35060396429318985,
    "created_by_run": "2936e490-f669-4f45-8afd-6f70f46e9dc0",
    "exposure": 0,
    "offset": 0,
    "damage_score": null
  }
},
{
  "model": "pp.character",
  "pk": "2f7f73a8-f3ec-4958-9e7a-38c97636d570",
  "fields": {
    "label": "(60468) New most build detail we week ... p. 0-l l. 1 c. 0",
    "line": "bc850f70-c12a-4567-9ac6-76de938b591c",
    "sequence": 0,
    "x_min": 291,
    "x_max": 406,
    "y_min": null,
    "y_max": null,
    "character_class": "B",
    "human_character_class": null,
    "class_probability": 0.003634230689553597,
    "created_by_run": "df24fc7a-5e1e-4db0-908e-bfa905d0fe6a",
    "exposure": 0,
    "offset": 0,
    "damage_score": null
  }
},
{
  "model": "pp.character",
  "pk": "3071f72c-9329-4b35-87aa-70b42baf7305",
  "fields": {
    "label": "(273837) Police these rich stage throug... p. 0-r l. 2 c. 2",
    "line": "18043dff-8009-428f-822d-520442afd313",
    "sequence": 2,
    "x_min": 129,
    "x_max": 245,
    "y_min": null,
    "y_max": null,
    "character_class": "x",
    "human_character_class": null,
    "class_probability": 0.9866115895797614,
    "created_by_run": "06e75087-c42f-494e-afbe-58d178d296f8",
    "exposure": 0,
    "offset": 0,
    "damage_score": null
  }
},
{
  "model": "pp.character",
  "pk": "322c67af-f311-4ffd-bf8e-274b30858142",
  "fields": {
    "label": "(273837) Police these rich stage throug... p. 1-r l. 1 c. 1",
    "line": "bae106ab-4a1a-47a0-83bd-45e0d9910b14",
    "sequence": 1,
    "x_min": 161,
    "x_max": 296,
    "y_min": null,
    "y_max": null,
    "character_class": "T",
    "human_character_class": null,
    "class_probability": 0.4883825666000041,
    "created_by_run": "06e75087-c42f-494e-afbe-58d178d296f8",
    "exposure": 0,
    "offset": 0,
    "damage_score": null
  }
},
{
  "model": "pp.character",
  "pk": "3251b34f-ddf0-4250-820d-7dfb897a7406",
  "fields": {
    "label": "(60468) New most build detail we week ... p. 0-l l. 2 c. 0",
    "line": "31c07d87-dd46-41fd-bac1-7d15f253a8b2",
    "sequence": 0,
    "x_min": 68,
    "x_max": 69,
    "y_min": null,
    "y_max": null,
    "character_class": "S",
    "human_character_class": null,
    "class_probability": 0.6098917293408497,
    "created_by_run": "df24fc7a-5e1e-4db0-908e-bfa905d0fe6a",
    "exposure": 0,
    "offset": 0,
    "damage_score": null
  }
},
{
  "model": "pp.character",
  "pk": "337eeb69-3106-46eb-b914-26ebe56352b8",
  "fields": {
    "label": "(273837) Police these rich stage throug... p. 1-r l. 2 c. 1",
    "line": "e9e20ba9-bf7c-41fa-8afd-7b36ec390836",
    "sequence": 1,
    "x_min": 227,
    "x_max": 178,
    "y_min": null,
    "y_max": null,
    "character_class": "V",
    "human_character_class": null,
    "class_probability": 0.5066937055173866,
    "created_by_run": "06e75087-c42f-494e-afbe-58d178d296f8",
    "exposure": 0,
    "offset": 0,
    "damage_score": null
  }
},
{
  "model": "pp.character",
  "pk": "347077f9-0c98-416f-878c-a6df7b97edda",
  "fields": {
    "label": "(60468) New most build detail we week ... p. 1-r l. 1 c. 0",
    "line": "329684cf-3c27-4226-8285-315a64004e7b",
    "sequence": 0,
    "x_min": 210,
    "x_max": 173,
    "y_min": null,
    "y_max": null,
    "character_class": "n",
    "human_character_class": null,
    "class_probability": 0.020340126626166022,
    "created_by_run": "df24fc7a-5e1e-4db0-908e-bfa905d0fe6a",
    "exposure": 0,
    "offset": 0,
    "damage_score": null
  }
},
{
  "model": "pp.character",
  "pk": "35cc5a25-246d-4405-a1d2-12bc22631e20",
  "fields": {
    "label": "(60468) New most build detail we week ... p. 2-r l. 2 c. 1",
    "line": "5b416e9f-d205-474f-82d6-833ccd0de9b6",
    "sequence": 1,
    "x_min": 69,
    "x_max": 252,
    "y_min": null,
    "y_max": null,
    "character_class": "x",
    "human_character_class": null,
    "class_probability": 0.5071380229435049,
    "created_by_run": "df24fc7a-5e1e-4db0-908e-bfa905d0fe6a",
    "exposure": 0,
    "offset": 0,
    "damage_score": null
  }
},
{
  "model": "pp.character",
  "pk": "39a01248-284d-425c-a0f8-76f41d0984be",
  "fields": {
    "label": "(122028) Order no notice skin oil born ... p. 1-r l. 2 c. 0",
    "line": "2eeed54c-290a-45ac-8afc-0d9b2fc66bbd",
    "sequence": 0,
    "x_min": 23,
    "x_max": 56,
    "y_min": null,
    "y_max": null,
    "character_class": "Z",
    "human_character_class": null,
    "class_probability": 0.049736081394303966,
    "created_by_run": "e4dde0c0-72ab-44e0-aa44-666d19e800f5",
    "exposure": 0,
    "offset": 0,
    "damage_score": null
  }
},
{
  "model": "pp.character",
  "pk": "39b96fda-55ed-4a15-84f4-30bca1101eaf",
  "fields": {
    "label": "(60468) New most build detail we week ... p. 1-r l. 1 c. 2",
    "line": "329684cf-3c27-4226-8285-315a64004e7b",
    "sequence": 2,
    "x_min": 360,
    "x_max": 425,
    "y_min": null,
    "y_max": null,
    "character_class": "y",
    "human_character_class": null,
    "class_probability": 0.6609685638413367,
    "created_by_run": "df24fc7a-5e1e-4db0-908e-bfa905d0fe6a",
    "exposure": 0,
    "offset": 0,
    "damage_score": null
  }
},
{
  "model": "pp.character",
  "pk": "3ab9cf0c-5dab-4b93-bcff-a6a67c269f2c",
  "fields": {
    "label": "(60468) New most build detail we week ... p. 2-l l. 1 c. 0",
    "line": "fd12d5e6-11e9-4bb8-8b69-af76bc83cc49",
    "sequence": 0,
    "x_min": 109,
    "x_max": 228,
    "y_min": null,
    "y_max": null,
    "character_class": "v",
    "human_character_class": null,
    "class_probability": 0.5098471673548476,
    "created_by_run": "df24fc7a-5e1e-4db0-908e-bfa905d0fe6a",
    "exposure": 0,
    "offset": 0,
    "damage_score": null
  }
},
{
  "model": "pp.character",
  "pk": "3b144ec3-2ea3-45eb-8977-93e129763206",
  "fields": {
    "label": "(122028) Order no notice skin oil born ... p. 0-l l. 0 c. 1",
    "line": "8d3cd416-a35a-4ba3-b7dc-1a1d9dc11eb4",
    "sequence": 1,
    "x_min": 430,
    "x_max": 97,
    "y_min": null,
    "y_max": null,
    "character_class": "p",
    "human_character_class": null,
    "class_probability": 0.5804102563472464,
    "created_by_run": "e4dde0c0-72ab-44e0-aa44-666d19e800f5",
    "exposure": 0,
    "offset": 0,
    "damage_score": null
  }
},
{
  "model": "pp.character",
  "pk": "3c5aa83c-30bc-47b3-8f11-29fd816e5a08",
  "fields": {
    "label": "(122028) Order no notice skin oil born ... p. 1-l l. 0 c. 2",
    "line": "2efd0a17-e850-4b8e-892d-fe8a0c966b0b",
    "sequence": 2,
    "x_min": 439,
    "x_max": 227,
    "y_min": null,
    "y_max": null,
    "character_class": "t",
    "human_character_class": null,
    "class_probability": 0.5074053498303466,
    "created_by_run": "e4dde0c0-72ab-44e0-aa44-666d19e800f5",
    "exposure": 0,
    "offset": 0,
    "damage_score": null
  }
},
{
  "model": "pp.character",
  "pk": "3d9f07f0-c612-414f-a53a-73e8dc266761",
  "fields": {
    "label": "(60468) New most build detail we week ... p. 1-r l. 2 c. 2",
    "line": "37749687-2aa2-4a7f-a642-a15b90d2facb",
    "sequence": 2,
    "x_min": 123,
    "x_max": 420,
    "y_min": null,
    "y_max": null,
    "character_class": "n",
    "human_character_class": null,
    "class_probability": 0.7195937019137846,
    "created_by_run": "df24fc7a-5e1e-4db0-908e-bfa905d0fe6a",
    "exposure": 0,
    "offset": 0,
    "damage_score": null
  }
},
{
  "model": "pp.character",
  "pk": "3f0fb2a0-7a14-4b37-ba4f-0bb1c2aedf8c",
  "fields": {
    "label": "(273837) Police these rich stage throug... p. 2-l l. 1 c. 2",
    "line": "084e33dd-f3c4-43cd-ae51-74596ef4dc65",
    "sequence": 2,
    "x_min": 360,
    "x_max": 318,
    "y_min": null,
    "y_max": null,
    "character_class": "b",
    "human_character_class": null,
    "class_probability": 0.9154783042481315,
    "created_by_run": "06e75087-c42f-494e-afbe-58d178d296f8",
    "exposure": 0,
    "offset": 0,
    "damage_score": null
  }
},
{
  "model": "pp.character",
  "pk": "402adc02-2691-4e81-9fcf-3c9ba9e58d95",
  "fields": {
    "label": "(60468) New most build detail we week ... p. 2-l l. 0 c. 2",
    "line": "85dbaa64-2439-4eab-8a84-d40350fa9cdd",
    "sequence": 2,
    "x_min": 378,
    "x_max": 37,
    "y_min": null,
    "y_max": null,
    "character_class": "w",
    "human_character_class": null,
    "class_probability": 0.0700287026922859,
    "created_by_run": "df24fc7a-5e1e-4db0-908e-bfa905d0fe6a",
    "exposure": 0,
    "offset": 0,
    "damage_score": null
  }
},
{
  "model": "pp.character",
  "pk": "40a79c1e-6d0b-4c98-8f7d-b9a63e16353b",
  "fields": {
    "label": "(122028) Order no notice skin oil born ... p. 1-l l. 2 c. 1",
    "line": "e8f70240-49d4-4677-871c-96af393251be",
    "sequence": 1,
    "x_min": 68,
    "x_max": 61,
    "y_min": null,
    "y_max": null,
    "character_class": "H",
    "human_character_class": null,
    "class_probability": 0.8368217518300407,
    "created_by_run": "e4dde0c0-72ab-44e0-aa44-666d19e800f5",
    "exposure": 0,
    "offset": 0,
    "damage_score": null
  }
},
{
  "model": "pp.character",
  "pk": "41111beb-4fe7-4c08-8ea3-5bee2839fa95",
  "fields": {
    "label": "(24668) Collection eat social wear cau... p. 0-l l. 1 c. 0",
    "line": "491ca756-ac04-44ea-87f1-8b6e8337bb76",
    "sequence": 0,
    "x_min": 260,
    "x_max": 254,
    "y_min": null,
    "y_max": null,
    "character_class": "T",
    "human_character_class": null,
    "class_probability": 0.04942292157719219,
    "created_by_run": "2936e490-f669-4f45-8afd-6f70f46e9dc0",
    "exposure": 0,
    "offset": 0,
    "damage_score": null
  }
},
{
  "model": "pp.character",
  "pk": "4220471b-5bda-4c31-b841-03a1bb8a5fdf",
  "fields": {
    "label": "(273837) Police these rich stage throug... p. 2-r l. 1 c. 0",
    "line": "30a71be8-2d84-43d0-b91f-98f3f905c729",
    "sequence": 0,
    "x_min": 410,
    "x_max": 401,
    "y_min": null,
    "y_max": null,
    "character_class": "R",
    "human_character_class": null,
    "class_probability": 0.5215592993813326,
    "created_by_run": "06e75087-c42f-494e-afbe-58d178d296f8",
    "exposure": 0,
    "offset": 0,
    "damage_score": null
  }
},
{
  "model": "pp.character",
  "pk": "4276f4c5-ebb1-4eec-8f64-d46d866c1268",
  "fields": {
    "label": "(24668) Collection eat social wear cau... p. 1-l l. 0 c. 1",
    "line": "10b01efb-820e-42e1-8f00-6329d1cb5de9",
    "sequence": 1,
    "x_min": 97,
    "x_max": 237,
    "y_min": null,
    "y_max": null,
    "character_class": "y",
    "human_character_class": null,
    "class_probability": 0.8702124268896532,
    "created_by_run": "2936e490-f669-4f45-8afd-6f70f46e9dc0",
    "exposure": 0,
    "offset": 0,
    "damage_score": null
  }
},
{
  "model": "pp.character",
  "pk": "460cdd1b-3d5e-4f2c-b87b-c8825349416a",
  "fields": {
    "label": "(24668) Collection eat social wear cau... p. 0-r l. 0 c. 1",
    "line": "0724e42d-5736-4fe0-a60b-4b925b687d85",
    "sequence": 1,
    "x_min": 419,
    "x_max": 131,
    "y_min": null,
    "y_max": null,
    "character_class": "s",
    "human_character_class": null,
    "class_probability": 0.04086185627850636,
    "created_by_run": "2936e490-f669-4f45-8afd-6f70f46e9dc0",
    "exposure": 0,
    "offset": 0,
    "damage_score": null
  }
},
{
  "model": "pp.character",
  "pk": "4624738e-2699-45e7-9ac2-2a3b02cc93a7",
  "fields": {
    "label": "(122028) Order no notice skin oil born ... p. 1-l l. 2 c. 2",
    "line": "e8f70240-49d4-4677-871c-96af393251be",
    "sequence": 2,
    "x_min": 275,
    "x_max": 412,
    "y_min": null,
    "y_max": null,
    "character_class": "U",
    "human_character_class": null,
    "class_probability": 0.27920907746039303,
    "created_by_run": "e4dde0c0-72ab-44e0-aa44-666d19e800f5",
    "exposure": 0,
    "offset": 0,
    "damage_score": null
  }
},
{
  "model": "pp.character",
  "pk": "468bfe1d-aeb3-4e5f-bfc2-4b4c712e83ef",
  "fields": {
    "label": "(60468) New most build detail we week ... p. 1-l l. 2 c. 2",
    "line": "bbd3166d-f2c6-43f9-a9ba-aa11d8e0ece5",
    "sequence": 2,
    "x_min": 391,
    "x_max": 144,
    "y_min": null,
    "y_max": null,
    "character_class": "q",
    "human_character_class": null,
    "class_probability": 0.26879905233674717,
    "created_by_run": "df24fc7a-5e1e-4db0-908e-bfa905d0fe6a",
    "exposure": 0,
    "offset": 0,
    "damage_score": null
  }
},
{
  "model": "pp.character",
  "pk": "46a014e1-9499-4aa6-a996-fdcaacddaabb",
  "fields": {
    "label": "(60468) New most build detail we week ... p. 2-l l. 2 c. 0",
    "line": "3eb632f5-f3d9-413a-a53c-d19621e166f7",
    "sequence": 0,
    "x_min": 80,
    "x_max": 104,
    "y_min": null,
    "y_max": null,
    "character_class": "W",
    "human_character_class": null,
    "class_probability": 0.514153899295781,
    "created_by_run": "df24fc7a-5e1e-4db0-908e-bfa905d0fe6a",
    "exposure": 0,
    "offset": 0,
    "damage_score": null
  }
},
{
  "model": "pp.character",
  "pk": "4718a01a-36c1-4d1b-b221-7ae256d61621",
  "fields": {
    "label": "(273837) Police these rich stage throug... p. 0-r l. 1 c. 1",
    "line": "1ed89adc-3a52-4827-a85a-8e06b003e634",
    "sequence": 1,
    "x_min": 468,
    "x_max": 379,
    "y_min": null,
    "y_max": null,
    "character_class": "R",
    "human_character_class": null,
    "class_probability": 0.525240242547167,
    "created_by_run": "06e75087-c42f-494e-afbe-58d178d296f8",
    "exposure": 0,
    "offset": 0,
    "damage_score": null
  }
},
{
  "model": "pp.character",
  "pk": "47501de1-655b-4745-a06d-23c33167da7a",
  "fields": {
    "label": "(24668) Collection eat social wear cau... p. 0-r l. 2 c. 0",
    "line": "ce914baa-ced8-4f28-8d9f-ff580d174889",
    "sequence": 0,
    "x_min": 220,
    "x_max": 385,
    "y_min": null,
    "y_max": null,
    "character_class": "G",
    "human_character_class": null,
    "class_probability": 0.4665670523358493,
    "created_by_run": "2936e490-f669-4f45-8afd-6f70f46e9dc0",
    "exposure": 0,
    "offset": 0,
    "damage_score": null
  }
},
{
  "model": "pp.character",
  "pk": "479a6e90-19f8-49fd-beca-25597e40bdbb",
  "fields": {
    "label": "(60468) New most build detail we week ... p. 1-r l. 0 c. 2",
    "line": "30454456-b4ef-47ca-8b38-653c6cc57e08",
    "sequence": 2,
    "x_min": 477,
    "x_max": 146,
    "y_min": null,
    "y_max": null,
    "character_class": "I",
    "human_character_class": null,
    "class_probability": 0.07220929129892062,
    "created_by_run": "df24fc7a-5e1e-4db0-908e-bfa905d0fe6a",
    "exposure": 0,
    "offset": 0,
    "damage_score": null
  }
},
{
  "model": "pp.character",
  "pk": "48fbb070-d84d-4bcb-9200-67474a9f6207",
  "fields": {
    "label": "(24668) Collection eat social wear cau... p. 2-l l. 1 c. 2",
    "line": "d42f9a00-3e53-45ad-a0a5-127651c832f6",
    "sequence": 2,
    "x_min": 116,
    "x_max": 6,
    "y_min": null,
    "y_max": null,
    "character_class": "F",
    "human_character_class": null,
    "class_probability": 0.3812752215225329,
    "created_by_run": "2936e490-f669-4f45-8afd-6f70f46e9dc0",
    "exposure": 0,
    "offset": 0,
    "damage_score": null
  }
},
{
  "model": "pp.character",
  "pk": "498ebafc-31eb-4246-8b4b-e094ec49f7f7",
  "fields": {
    "label": "(122028) Order no notice skin oil born ... p. 0-l l. 2 c. 2",
    "line": "0cdf960f-5ac8-45c5-b1ec-5314171f4a3f",
    "sequence": 2,
    "x_min": 80,
    "x_max": 125,
    "y_min": null,
    "y_max": null,
    "character_class": "D",
    "human_character_class": null,
    "class_probability": 0.3090531129343628,
    "created_by_run": "e4dde0c0-72ab-44e0-aa44-666d19e800f5",
    "exposure": 0,
    "offset": 0,
    "damage_score": null
  }
},
{
  "model": "pp.character",
  "pk": "49a9a285-91e2-4143-8e98-884a378ea98c",
  "fields": {
    "label": "(60468) New most build detail we week ... p. 1-r l. 2 c. 1",
    "line": "37749687-2aa2-4a7f-a642-a15b90d2facb",
    "sequence": 1,
    "x_min": 320,
    "x_max": 355,
    "y_min": null,
    "y_max": null,
    "character_class": "b",
    "human_character_class": null,
    "class_probability": 0.6682581091526715,
    "created_by_run": "df24fc7a-5e1e-4db0-908e-bfa905d0fe6a",
    "exposure": 0,
    "offset": 0,
    "damage_score": null
  }
},
{
  "model": "pp.character",
  "pk": "4a0c39d6-7ff9-49ee-bd75-2b8bed093265",
  "fields": {
    "label": "(24668) Collection eat social wear cau... p. 0-r l. 2 c. 1",
    "line": "ce914baa-ced8-4f28-8d9f-ff580d174889",
    "sequence": 1,
    "x_min": 371,
    "x_max": 287,
    "y_min": null,
    "y_max": null,
    "character_class": "i",
    "human_character_class": null,
    "class_probability": 0.23004939428104265,
    "created_by_run": "2936e490-f669-4f45-8afd-6f70f46e9dc0",
    "exposure": 0,
    "offset": 0,
    "damage_score": null
  }
},
{
  "model": "pp.character",
  "pk": "4b64b417-6238-48ab-8787-4c681293120c",
  "fields": {
    "label": "(122028) Order no notice skin oil born ... p. 0-l l. 2 c. 0",
    "line": "0cdf960f-5ac8-45c5-b1ec-5314171f4a3f",
    "sequence": 0,
    "x_min": 131,
    "x_max": 364,
    "y_min": null,
    "y_max": null,
    "character_class": "n",
    "human_character_class": null,
    "class_probability": 0.8886387789983756,
    "created_by_run": "e4dde0c0-72ab-44e0-aa44-666d19e800f5",
    "exposure": 0,
    "offset": 0,
    "damage_score": null
  }
},
{
  "model": "pp.character",
  "pk": "4bc99da8-0349-4924-817a-a998b6046c73",
  "fields": {
    "label": "(122028) Order no notice skin oil born ... p. 0-r l. 1 c. 0",
    "line": "f088a54f-c5e7-4961-a603-693990cc467d",
    "sequence": 0,
    "x_min": 125,
    "x_max": 194,
    "y_min": null,
    "y_max": null,
    "character_class": "Y",
    "human_character_class": null,
    "class_probability": 0.5301190576297671,
    "created_by_run": "e4dde0c0-72ab-44e0-aa44-666d19e800f5",
    "exposure": 0,
    "offset": 0,
    "damage_score": null
  }
},
{
  "model": "pp.character",
  "pk": "4c169ac3-a8d3-48a9-b9a8-4e9e5940dd1f",
  "fields": {
    "label": "(122028) Order no notice skin oil born ... p. 2-r l. 0 c. 1",
    "line": "2449c4c2-0991-4c2e-9ec4-5186ac75164a",
    "sequence": 1,
    "x_min": 164,
    "x_max": 262,
    "y_min": null,
    "y_max": null,
    "character_class": "T",
    "human_character_class": null,
    "class_probability": 0.6759321071205431,
    "created_by_run": "e4dde0c0-72ab-44e0-aa44-666d19e800f5",
    "exposure": 0,
    "offset": 0,
    "damage_score": null
  }
},
{
  "model": "pp.character",
  "pk": "50bf8728-bc00-4d7a-815c-efa94193dd4d",
  "fields": {
    "label": "(60468) New most build detail we week ... p. 2-l l. 0 c. 1",
    "line": "85dbaa64-2439-4eab-8a84-d40350fa9cdd",
    "sequence": 1,
    "x_min": 385,
    "x_max": 227,
    "y_min": null,
    "y_max": null,
    "character_class": "l",
    "human_character_class": null,
    "class_probability": 0.7561895393102634,
    "created_by_run": "df24fc7a-5e1e-4db0-908e-bfa905d0fe6a",
    "exposure": 0,
    "offset": 0,
    "damage_score": null
  }
},
{
  "model": "pp.character",
  "pk": "5120b783-f158-4573-8dcb-936c6873b936",
  "fields": {
    "label": "(60468) New most build detail we week ... p. 0-r l. 2 c. 1",
    "line": "99681d8f-df50-475d-b502-1d7dce704aac",
    "sequence": 1,
    "x_min": 431,
    "x_max": 494,
    "y_min": null,
    "y_max": null,
    "character_class": "g",
    "human_character_class": null,
    "class_probability": 0.876498536957807,
    "created_by_run": "df24fc7a-5e1e-4db0-908e-bfa905d0fe6a",
    "exposure": 0,
    "offset": 0,
    "damage_score": null
  }
},
{
  "model": "pp.character",
  "pk": "519ac639-18fb-4086-b8be-eee3b95350d1",
  "fields": {
    "label": "(60468) New most build detail we week ... p. 1-l l. 1 c. 0",
    "line": "5bd3df06-ae7b-4142-920f-976c5ffeac21",
    "sequence": 0,
    "x_min": 100,
    "x_max": 426,
    "y_min": null,
    "y_max": null,
    "character_class": "H",
    "human_character_class": null,
    "class_probability": 0.16817755359122344,
    "created_by_run": "df24fc7a-5e1e-4db0-908e-bfa905d0fe6a",
    "exposure": 0,
    "offset": 0,
    "damage_score": null
  }
},
{
  "model": "pp.character",
  "pk": "54accd38-e000-42ef-ae9f-620236051fca",
  "fields": {
    "label": "(60468) New most build detail we week ... p. 2-l l. 1 c. 1",
    "line": "fd12d5e6-11e9-4bb8-8b69-af76bc83cc49",
    "sequence": 1,
    "x_min": 380,
    "x_max": 132,
    "y_min": null,
    "y_max": null,
    "character_class": "i",
    "human_character_class": null,
    "class_probability": 0.22367564477856428,
    "created_by_run": "df24fc7a-5e1e-4db0-908e-bfa905d0fe6a",
    "exposure": 0,
    "offset": 0,
    "damage_score": null
  }
},
{
  "model": "pp.character",
  "pk": "569f48de-7dbc-4188-b0b5-e10a1b625a9e",
  "fields": {
    "label": "(60468) New most build detail we week ... p. 0-r l. 2 c. 2",
    "line": "99681d8f-df50-475d-b502-1d7dce704aac",
    "sequence": 2,
    "x_min": 404,
    "x_max": 161,
    "y_min": null,
    "y_max": null,
    "character_class": "d",
    "human_character_class": null,
    "class_probability": 0.6954412894737152,
    "created_by_run": "df24fc7a-5e1e-4db0-908e-bfa905d0fe6a",
    "exposure": 0,
    "offset": 0,
    "damage_score": null
  }
},
{
  "model": "pp.character",
  "pk": "576edf95-4a2e-414b-aceb-022513ff9a1d",
  "fields": {
    "label": "(122028) Order no notice skin oil born ... p. 2-r l. 2 c. 1",
    "line": "844188a4-99af-4aa7-9d14-bd230c18f678",
    "sequence": 1,
    "x_min": 12,
    "x_max": 491,
    "y_min": null,
    "y_max": null,
    "character_class": "H",
    "human_character_class": null,
    "class_probability": 0.889103513249701,
    "created_by_run": "e4dde0c0-72ab-44e0-aa44-666d19e800f5",
    "exposure": 0,
    "offset": 0,
    "damage_score": null
  }
},
{
  "model": "pp.character",
  "pk": "5865089f-3877-4e30-acaf-6d0556a921eb",
  "fields": {
    "label": "(122028) Order no notice skin oil born ... p. 2-r l. 0 c. 0",
    "line": "2449c4c2-0991-4c2e-9ec4-5186ac75164a",
    "sequence": 0,
    "x_min": 258,
    "x_max": 204,
    "y_min": null,
    "y_max": null,
    "character_class": "r",
    "human_character_class": null,
    "class_probability": 0.7334711556317671,
    "created_by_run": "e4dde0c0-72ab-44e0-aa44-666d19e800f5",
    "exposure": 0,
    "offset": 0,
    "damage_score": null
  }
},
{
  "model": "pp.character",
  "pk": "5910cad3-607b-4d57-9d2f-45ac540c2814",
  "fields": {
    "label": "(24668) Collection eat social wear cau... p. 1-r l. 1 c. 1",
    "line": "1685aff3-459a-4480-8382-4a24cc1c9043",
    "sequence": 1,
    "x_min": 381,
    "x_max": 283,
    "y_min": null,
    "y_max": null,
    "character_class": "J",
    "human_character_class": null,
    "class_probability": 0.6575761716639229,
    "created_by_run": "2936e490-f669-4f45-8afd-6f70f46e9dc0",
    "exposure": 0,
    "offset": 0,
    "damage_score": null
  }
},
{
  "model": "pp.character",
  "pk": "5bffa1f5-6e42-4e49-b091-3cb64ab3a1bb",
  "fields": {
    "label": "(273837) Police these rich stage throug... p. 2-r l. 2 c. 2",
    "line": "9afd53e6-7441-4c9b-98f6-348907426e3a",
    "sequence": 2,
    "x_min": 57,
    "x_max": 367,
    "y_min": null,
    "y_max": null,
    "character_class": "b",
    "human_character_class": null,
    "class_probability": 0.20622676794113237,
    "created_by_run": "06e75087-c42f-494e-afbe-58d178d296f8",
    "exposure": 0,
    "offset": 0,
    "damage_score": null
  }
},
{
  "model": "pp.character",
  "pk": "5d78b4cf-2064-40e9-960c-6679fcf238e3",
  "fields": {
    "label": "(273837) Police these rich stage throug... p. 1-l l. 0 c. 0",
    "line": "372bef40-2aba-46c7-bcb0-2d77a2c5df34",
    "sequence": 0,
    "x_min": 94,
    "x_max": 298,
    "y_min": null,
    "y_max": null,
    "character_class": "d",
    "human_character_class": null,
    "class_probability": 0.15199858353114726,
    "created_by_run": "06e75087-c42f-494e-afbe-58d178d296f8",
    "exposure": 0,
    "offset": 0,
    "damage_score": null
  }
},
{
  "model": "pp.character",
  "pk": "5ffe8b07-7137-48af-a326-512c1ad75f06",
  "fields": {
    "label": "(24668) Collection eat social wear cau... p. 1-r l. 0 c. 2",
    "line": "45cfb4cd-55a7-40f9-af18-baa8639635e3",
    "sequence": 2,
    "x_min": 246,
    "x_max": 376,
    "y_min": null,
    "y_max": null,
    "character_class": "z",
    "human_character_class": null,
    "class_probability": 0.8591086859819235,
    "created_by_run": "2936e490-f669-4f45-8afd-6f70f46e9dc0",
    "exposure": 0,
    "offset": 0,
    "damage_score": null
  }
},
{
  "model": "pp.character",
  "pk": "600f0554-ea9e-4632-ae2a-cd11f9d6c44c",
  "fields": {
    "label": "(60468) New most build detail we week ... p. 1-l l. 2 c. 1",
    "line": "bbd3166d-f2c6-43f9-a9ba-aa11d8e0ece5",
    "sequence": 1,
    "x_min": 199,
    "x_max": 148,
    "y_min": null,
    "y_max": null,
    "character_class": "n",
    "human_character_class": null,
    "class_probability": 0.8138772768119823,
    "created_by_run": "df24fc7a-5e1e-4db0-908e-bfa905d0fe6a",
    "exposure": 0,
    "offset": 0,
    "damage_score": null
  }
},
{
  "model": "pp.character",
  "pk": "61313fd1-22ee-4fe7-99dc-7328b2843c89",
  "fields": {
    "label": "(122028) Order no notice skin oil born ... p. 0-l l. 0 c. 2",
    "line": "8d3cd416-a35a-4ba3-b7dc-1a1d9dc11eb4",
    "sequence": 2,
    "x_min": 246,
    "x_max": 499,
    "y_min": null,
    "y_max": null,
    "character_class": "n",
    "human_character_class": null,
    "class_probability": 0.6019192113131127,
    "created_by_run": "e4dde0c0-72ab-44e0-aa44-666d19e800f5",
    "exposure": 0,
    "offset": 0,
    "damage_score": null
  }
},
{
  "model": "pp.character",
  "pk": "626113d9-86cc-4158-9915-f3845f98822b",
  "fields": {
    "label": "(60468) New most build detail we week ... p. 0-r l. 2 c. 0",
    "line": "99681d8f-df50-475d-b502-1d7dce704aac",
    "sequence": 0,
    "x_min": 45,
    "x_max": 235,
    "y_min": null,
    "y_max": null,
    "character_class": "C",
    "human_character_class": null,
    "class_probability": 0.09376689258410897,
    "created_by_run": "df24fc7a-5e1e-4db0-908e-bfa905d0fe6a",
    "exposure": 0,
    "offset": 0,
    "damage_score": null
  }
},
{
  "model": "pp.character",
  "pk": "64d341ab-55b1-4b73-9bc0-164c1a939923",
  "fields": {
    "label": "(60468) New most build detail we week ... p. 0-l l. 0 c. 2",
    "line": "d92dda20-bf24-4328-b0aa-bbc3415a93de",
    "sequence": 2,
    "x_min": 330,
    "x_max": 80,
    "y_min": null,
    "y_max": null,
    "character_class": "X",
    "human_character_class": null,
    "class_probability": 0.1905969294460924,
    "created_by_run": "df24fc7a-5e1e-4db0-908e-bfa905d0fe6a",
    "exposure": 0,
    "offset": 0,
    "damage_score": null
  }
},
{
  "model": "pp.character",
  "pk": "64eb7964-8144-4fa5-8fec-a72defe45403",
  "fields": {
    "label": "(273837) Police these rich stage throug... p. 2-r l. 0 c. 0",
    "line": "f94d17ab-7dc0-4cb6-8671-fdb492e4cdb4",
    "sequence": 0,
    "x_min": 323,
    "x_max": 262,
    "y_min": null,
    "y_max": null,
    "character_class": "V",
    "human_character_class": null,
    "class_probability": 0.14189184934203003,
    "created_by_run": "06e75087-c42f-494e-afbe-58d178d296f8",
    "exposure": 0,
    "offset": 0,
    "damage_score": null
  }
},
{
  "model": "pp.character",
  "pk": "65d1f953-9a8e-4bbe-b398-5cd78228a673",
  "fields": {
    "label": "(60468) New most build detail we week ... p. 1-l l. 1 c. 1",
    "line": "5bd3df06-ae7b-4142-920f-976c5ffeac21",
    "sequence": 1,
    "x_min": 136,
    "x_max": 125,
    "y_min": null,
    "y_max": null,
    "character_class": "g",
    "human_character_class": null,
    "class_probability": 0.8096652186987704,
    "created_by_run": "df24fc7a-5e1e-4db0-908e-bfa905d0fe6a",
    "exposure": 0,
    "offset": 0,
    "damage_score": null
  }
},
{
  "model": "pp.character",
  "pk": "6623e1d5-824a-4023-9ba5-ea334610ee79",
  "fields": {
    "label": "(273837) Police these rich stage throug... p. 0-r l. 2 c. 1",
    "line": "18043dff-8009-428f-822d-520442afd313",
    "sequence": 1,
    "x_min": 475,
    "x_max": 474,
    "y_min": null,
    "y_max": null,
    "character_class": "G",
    "human_character_class": null,
    "class_probability": 0.5964303759620909,
    "created_by_run": "06e75087-c42f-494e-afbe-58d178d296f8",
    "exposure": 0,
    "offset": 0,
    "damage_score": null
  }
},
{
  "model": "pp.character",
  "pk": "66cf2ed0-556c-4321-b56a-42e65c147257",
  "fields": {
    "label": "(273837) Police these rich stage throug... p. 2-l l. 2 c. 1",
    "line": "25288960-627a-4542-9e30-1b8b5d9ebd4f",
    "sequence": 1,
    "x_min": 208,
    "x_max": 474,
    "y_min": null,
    "y_max": null,
    "character_class": "E",
    "human_character_class": null,
    "class_probability": 0.7640413360927739,
    "created_by_run": "06e75087-c42f-494e-afbe-58d178d296f8",
    "exposure": 0,
    "offset": 0,
    "damage_score": null
  }
},
{
  "model": "pp.character",
  "pk": "66ebf0b1-9c03-45bf-a850-46b637ccf6a3",
  "fields": {
    "label": "(60468) New most build detail we week ... p. 0-l l. 0 c. 0",
    "line": "d92dda20-bf24-4328-b0aa-bbc3415a93de",
    "sequence": 0,
    "x_min": 42,
    "x_max": 65,
    "y_min": null,
    "y_max": null,
    "character_class": "N",
    "human_character_class": null,
    "class_probability": 0.6052935110237259,
    "created_by_run": "df24fc7a-5e1e-4db0-908e-bfa905d0fe6a",
    "exposure": 0,
    "offset": 0,
    "damage_score": null
  }
},
{
  "model": "pp.character",
  "pk": "676fc89d-cd91-4cec-9d82-b6dfe2bcfe5a",
  "fields": {
    "label": "(273837) Police these rich stage throug... p. 2-l l. 0 c. 2",
    "line": "3660a3fa-63b3-4cb0-88eb-cd24a8837533",
    "sequence": 2,
    "x_min": 146,
    "x_max": 361,
    "y_min": null,
    "y_max": null,
    "character_class": "L",
    "human_character_class": null,
    "class_probability": 0.5532109052054053,
    "created_by_run": "06e75087-c42f-494e-afbe-58d178d296f8",
    "exposure": 0,
    "offset": 0,
    "damage_score": null
  }
},
{
  "model": "pp.character",
  "pk": "68165491-b726-4569-83c2-04c088a52354",
  "fields": {
    "label": "(60468) New most build detail we week ... p. 0-r l. 1 c. 1",
    "line": "e8d909bb-6a69-40e3-b06e-e10e6a1efcf3",
    "sequence": 1,
    "x_min": 339,
    "x_max": 181,
    "y_min": null,
    "y_max": null,
    "character_class": "x",
    "human_character_class": null,
    "class_probability": 0.5850876098892592,
    "created_by_run": "df24fc7a-5e1e-4db0-908e-bfa905d0fe6a",
    "exposure": 0,
    "offset": 0,
    "damage_score": null
  }
},
{
  "model": "pp.character",
  "pk": "68bc1955-5fae-41d5-9a4a-de05ecab9049",
  "fields": {
    "label": "(60468) New most build detail we week ... p. 0-l l. 1 c. 1",
    "line": "bc850f70-c12a-4567-9ac6-76de938b591c",
    "sequence": 1,
    "x_min": 3,
    "x_max": 289,
    "y_min": null,
    "y_max": null,
    "character_class": "z",
    "human_character_class": null,
    "class_probability": 0.8587970761165373,
    "created_by_run": "df24fc7a-5e1e-4db0-908e-bfa905d0fe6a",
    "exposure": 0,
    "offset": 0,
    "damage_score": null
  }
},
{
  "model": "pp.character",
  "pk": "6937dcc7-4a7a-4ef4-8cb4-eaca9bc370be",
  "fields": {
    "label": "(24668) Collection eat social wear cau... p. 2-r l. 1 c. 1",
    "line": "03b7d45e-b92f-4f5f-948a-7574c442f92a",
    "sequence": 1,
    "x_min": 66,
    "x_max": 316,
    "y_min": null,
    "y_max": null,
    "character_class": "s",
    "human_character_class": null,
    "class_probability": 0.5461006023952333,
    "created_by_run": "2936e490-f669-4f45-8afd-6f70f46e9dc0",
    "exposure": 0,
    "offset": 0,
    "damage_score": null
  }
},
{
  "model": "pp.character",
  "pk": "6984533c-1d26-48ad-bd58-1e79d41cf03c",
  "fields": {
    "label": "(122028) Order no notice skin oil born ... p. 0-r l. 1 c. 2",
    "line": "f088a54f-c5e7-4961-a603-693990cc467d",
    "sequence": 2,
    "x_min": 176,
    "x_max": 359,
    "y_min": null,
    "y_max": null,
    "character_class": "k",
    "human_character_class": null,
    "class_probability": 0.014724663880826605,
    "created_by_run": "e4dde0c0-72ab-44e0-aa44-666d19e800f5",
    "exposure": 0,
    "offset": 0,
    "damage_score": null
  }
},
{
  "model": "pp.character",
  "pk": "6a17d11c-7c3c-4b1d-bd57-9150498cc83a",
  "fields": {
    "label": "(273837) Police these rich stage throug... p. 1-l l. 1 c. 0",
    "line": "b9d66929-11bb-4cb6-9849-5408e7d48977",
    "sequence": 0,
    "x_min": 468,
    "x_max": 288,
    "y_min": null,
    "y_max": null,
    "character_class": "E",
    "human_character_class": null,
    "class_probability": 0.6613369545531869,
    "created_by_run": "06e75087-c42f-494e-afbe-58d178d296f8",
    "exposure": 0,
    "offset": 0,
    "damage_score": null
  }
},
{
  "model": "pp.character",
  "pk": "6b6e36b0-eab1-4553-91a2-f16671336c1a",
  "fields": {
    "label": "(122028) Order no notice skin oil born ... p. 0-r l. 2 c. 1",
    "line": "3c2144ed-35bf-42ab-87c3-15b5d94c6d95",
    "sequence": 1,
    "x_min": 349,
    "x_max": 468,
    "y_min": null,
    "y_max": null,
    "character_class": "j",
    "human_character_class": null,
    "class_probability": 0.22167533523475969,
    "created_by_run": "e4dde0c0-72ab-44e0-aa44-666d19e800f5",
    "exposure": 0,
    "offset": 0,
    "damage_score": null
  }
},
{
  "model": "pp.character",
  "pk": "6baa5aab-3efa-421c-9566-8ee3826c7156",
  "fields": {
    "label": "(122028) Order no notice skin oil born ... p. 0-l l. 1 c. 0",
    "line": "d94ba561-211a-4e1a-9414-698c535de08b",
    "sequence": 0,
    "x_min": 330,
    "x_max": 386,
    "y_min": null,
    "y_max": null,
    "character_class": "L",
    "human_character_class": null,
    "class_probability": 0.23313694037910582,
    "created_by_run": "e4dde0c0-72ab-44e0-aa44-666d19e800f5",
    "exposure": 0,
    "offset": 0,
    "damage_score": null
  }
},
{
  "model": "pp.character",
  "pk": "6cb1ff2f-6c10-47b0-af77-058656f3e043",
  "fields": {
    "label": "(273837) Police these rich stage throug... p. 0-r l. 1 c. 0",
    "line": "1ed89adc-3a52-4827-a85a-8e06b003e634",
    "sequence": 0,
    "x_min": 162,
    "x_max": 309,
    "y_min": null,
    "y_max": null,
    "character_class": "U",
    "human_character_class": null,
    "class_probability": 0.07101528911176591,
    "created_by_run": "06e75087-c42f-494e-afbe-58d178d296f8",
    "exposure": 0,
    "offset": 0,
    "damage_score": null
  }
},
{
  "model": "pp.character",
  "pk": "6d196d0a-b2b9-4037-8b0e-f81d30d3d8c3",
  "fields": {
    "label": "(122028) Order no notice skin oil born ... p. 1-l l. 1 c. 1",
    "line": "0bc0af3f-4c65-46d1-a0a2-5b803b067cc6",
    "sequence": 1,
    "x_min": 218,
    "x_max": 453,
    "y_min": null,
    "y_max": null,
    "character_class": "T",
    "human_character_class": null,
    "class_probability": 0.8668300606314713,
    "created_by_run": "e4dde0c0-72ab-44e0-aa44-666d19e800f5",
    "exposure": 0,
    "offset": 0,
    "damage_score": null
  }
},
{
  "model": "pp.character",
  "pk": "6e800bb5-2517-4c84-b5b0-1daaa3d73426",
  "fields": {
    "label": "(122028) Order no notice skin oil born ... p. 2-l l. 1 c. 2",
    "line": "69d8ffd0-bb01-4d72-807e-15086583be31",
    "sequence": 2,
    "x_min": 371,
    "x_max": 443,
    "y_min": null,
    "y_max": null,
    "character_class": "g",
    "human_character_class": null,
    "class_probability": 0.6718826091423146,
    "created_by_run": "e4dde0c0-72ab-44e0-aa44-666d19e800f5",
    "exposure": 0,
    "offset": 0,
    "damage_score": null
  }
},
{
  "model": "pp.character",
  "pk": "6ed08a07-a83a-4301-8fd8-a43eb1da2f5d",
  "fields": {
    "label": "(122028) Order no notice skin oil born ... p. 2-r l. 1 c. 1",
    "line": "204afd10-ee89-40f3-a55d-e0f260e4e3f1",
    "sequence": 1,
    "x_min": 327,
    "x_max": 454,
    "y_min": null,
    "y_max": null,
    "character_class": "a",
    "human_character_class": null,
    "class_probability": 0.08935674589198594,
    "created_by_run": "e4dde0c0-72ab-44e0-aa44-666d19e800f5",
    "exposure": 0,
    "offset": 0,
    "damage_score": null
  }
},
{
  "model": "pp.character",
  "pk": "6ffb20f8-018c-496f-902d-dbfe7211bd58",
  "fields": {
    "label": "(24668) Collection eat social wear cau... p. 0-r l. 1 c. 2",
    "line": "d86d7c87-4c4c-4f3c-9795-bbb75856cb5b",
    "sequence": 2,
    "x_min": 157,
    "x_max": 145,
    "y_min": null,
    "y_max": null,
    "character_class": "T",
    "human_character_class": null,
    "class_probability": 0.3907610135283818,
    "created_by_run": "2936e490-f669-4f45-8afd-6f70f46e9dc0",
    "exposure": 0,
    "offset": 0,
    "damage_score": null
  }
},
{
  "model": "pp.character",
  "pk": "7045a026-5f4b-4f40-ab02-a17ca49aecf6",
  "fields": {
    "label": "(122028) Order no notice skin oil born ... p. 1-r l. 0 c. 0",
    "line": "784e613b-d77f-41f1-ba3a-930a2ffaeaa2",
    "sequence": 0,
    "x_min": 79,
    "x_max": 403,
    "y_min": null,
    "y_max": null,
    "character_class": "F",
    "human_character_class": null,
    "class_probability": 0.8707437128603572,
    "created_by_run": "e4dde0c0-72ab-44e0-aa44-666d19e800f5",
    "exposure": 0,
    "offset": 0,
    "damage_score": null
  }
},
{
  "model": "pp.character",
  "pk": "744b4c8c-fdeb-4cca-91dd-dde55b49ad08",
  "fields": {
    "label": "(273837) Police these rich stage throug... p. 0-r l. 0 c. 0",
    "line": "9904238a-a76e-498b-9c09-6a0298a087ae",
    "sequence": 0,
    "x_min": 1,
    "x_max": 463,
    "y_min": null,
    "y_max": null,
    "character_class": "H",
    "human_character_class": null,
    "class_probability": 0.4617113035129351,
    "created_by_run": "06e75087-c42f-494e-afbe-58d178d296f8",
    "exposure": 0,
    "offset": 0,
    "damage_score": null
  }
},
{
  "model": "pp.character",
  "pk": "7539e47f-6061-46dd-9394-c454498a850d",
  "fields": {
    "label": "(273837) Police these rich stage throug... p. 2-l l. 2 c. 2",
    "line": "25288960-627a-4542-9e30-1b8b5d9ebd4f",
    "sequence": 2,
    "x_min": 353,
    "x_max": 187,
    "y_min": null,
    "y_max": null,
    "character_class": "q",
    "human_character_class": null,
    "class_probability": 0.006231607110627424,
    "created_by_run": "06e75087-c42f-494e-afbe-58d178d296f8",
    "exposure": 0,
    "offset": 0,
    "damage_score": null
  }
},
{
  "model": "pp.character",
  "pk": "76eaa524-4b5c-418d-9b37-d3b70d9098dc",
  "fields": {
    "label": "(122028) Order no notice skin oil born ... p. 1-r l. 1 c. 1",
    "line": "1a420e40-c737-4728-b84c-96b60b3051c6",
    "sequence": 1,
    "x_min": 15,
    "x_max": 191,
    "y_min": null,
    "y_max": null,
    "character_class": "b",
    "human_character_class": null,
    "class_probability": 0.7669474935404035,
    "created_by_run": "e4dde0c0-72ab-44e0-aa44-666d19e800f5",
    "exposure": 0,
    "offset": 0,
    "damage_score": null
  }
},
{
  "model": "pp.character",
  "pk": "781f442d-0998-4850-8443-11d093bdfa1b",
  "fields": {
    "label": "(24668) Collection eat social wear cau... p. 2-r l. 2 c. 0",
    "line": "8c0e2eb4-5710-4472-b6cc-ef6c6bf8b0a6",
    "sequence": 0,
    "x_min": 72,
    "x_max": 158,
    "y_min": null,
    "y_max": null,
    "character_class": "e",
    "human_character_class": null,
    "class_probability": 0.4350854166546779,
    "created_by_run": "2936e490-f669-4f45-8afd-6f70f46e9dc0",
    "exposure": 0,
    "offset": 0,
    "damage_score": null
  }
},
{
  "model": "pp.character",
  "pk": "78b8a97c-4fbf-4239-9b7b-6605b5539a07",
  "fields": {
    "label": "(24668) Collection eat social wear cau... p. 2-l l. 0 c. 2",
    "line": "6a14147b-0d31-4756-82cd-11d6398a830c",
    "sequence": 2,
    "x_min": 34,
    "x_max": 313,
    "y_min": null,
    "y_max": null,
    "character_class": "I",
    "human_character_class": null,
    "class_probability": 0.9985419740567287,
    "created_by_run": "2936e490-f669-4f45-8afd-6f70f46e9dc0",
    "exposure": 0,
    "offset": 0,
    "damage_score": null
  }
},
{
  "model": "pp.character",
  "pk": "78bd0bc4-efbd-45cd-a32c-549a0fd60765",
  "fields": {
    "label": "(60468) New most build detail we week ... p. 2-r l. 0 c. 1",
    "line": "e19c486f-fa33-4365-b9d6-9d7202d4ff80",
    "sequence": 1,
    "x_min": 460,
    "x_max": 117,
    "y_min": null,
    "y_max": null,
    "character_class": "U",
    "human_character_class": null,
    "class_probability": 0.07473738578397049,
    "created_by_run": "df24fc7a-5e1e-4db0-908e-bfa905d0fe6a",
    "exposure": 0,
    "offset": 0,
    "damage_score": null
  }
},
{
  "model": "pp.character",
  "pk": "790758cf-7adc-4d72-a11b-cb24a39ba5a5",
  "fields": {
    "label": "(273837) Police these rich stage throug... p. 1-r l. 1 c. 2",
    "line": "bae106ab-4a1a-47a0-83bd-45e0d9910b14",
    "sequence": 2,
    "x_min": 20,
    "x_max": 260,
    "y_min": null,
    "y_max": null,
    "character_class": "O",
    "human_character_class": null,
    "class_probability": 0.8635555911783747,
    "created_by_run": "06e75087-c42f-494e-afbe-58d178d296f8",
    "exposure": 0,
    "offset": 0,
    "damage_score": null
  }
},
{
  "model": "pp.character",
  "pk": "7a28387a-cb7e-4fc4-8a41-73d82f13cff1",
  "fields": {
    "label": "(24668) Collection eat social wear cau... p. 1-l l. 1 c. 1",
    "line": "f1fe1bfe-353f-4b2c-842c-92bb889fb756",
    "sequence": 1,
    "x_min": 463,
    "x_max": 211,
    "y_min": null,
    "y_max": null,
    "character_class": "z",
    "human_character_class": null,
    "class_probability": 0.01779367872746529,
    "created_by_run": "2936e490-f669-4f45-8afd-6f70f46e9dc0",
    "exposure": 0,
    "offset": 0,
    "damage_score": null
  }
},
{
  "model": "pp.character",
  "pk": "7aabcea1-53fa-4ef2-9001-963d6ca19327",
  "fields": {
    "label": "(122028) Order no notice skin oil born ... p. 2-l l. 0 c. 1",
    "line": "5b19d6a8-8b13-40ce-8ace-1592165b73e9",
    "sequence": 1,
    "x_min": 346,
    "x_max": 144,
    "y_min": null,
    "y_max": null,
    "character_class": "H",
    "human_character_class": null,
    "class_probability": 0.9640446668365898,
    "created_by_run": "e4dde0c0-72ab-44e0-aa44-666d19e800f5",
    "exposure": 0,
    "offset": 0,
    "damage_score": null
  }
},
{
  "model": "pp.character",
  "pk": "7ab4a6de-7316-4055-b607-8d63a49eb00f",
  "fields": {
    "label": "(60468) New most build detail we week ... p. 2-r l. 2 c. 2",
    "line": "5b416e9f-d205-474f-82d6-833ccd0de9b6",
    "sequence": 2,
    "x_min": 270,
    "x_max": 444,
    "y_min": null,
    "y_max": null,
    "character_class": "I",
    "human_character_class": null,
    "class_probability": 0.9794987794168262,
    "created_by_run": "df24fc7a-5e1e-4db0-908e-bfa905d0fe6a",
    "exposure": 0,
    "offset": 0,
    "damage_score": null
  }
},
{
  "model": "pp.character",
  "pk": "7c15290f-461a-476d-b6fb-88c9f37c9006",
  "fields": {
    "label": "(273837) Police these rich stage throug... p. 0-r l. 2 c. 0",
    "line": "18043dff-8009-428f-822d-520442afd313",
    "sequence": 0,
    "x_min": 109,
    "x_max": 256,
    "y_min": null,
    "y_max": null,
    "character_class": "A",
    "human_character_class": null,
    "class_probability": 0.3042806372494177,
    "created_by_run": "06e75087-c42f-494e-afbe-58d178d296f8",
    "exposure": 0,
    "offset": 0,
    "damage_score": null
  }
},
{
  "model": "pp.character",
  "pk": "7c4b7a7e-7f68-466d-89f5-c9222eb23ddf",
  "fields": {
    "label": "(60468) New most build detail we week ... p. 1-l l. 0 c. 1",
    "line": "28e67ebb-195e-47f2-956e-da5599f14c6c",
    "sequence": 1,
    "x_min": 163,
    "x_max": 322,
    "y_min": null,
    "y_max": null,
    "character_class": "p",
    "human_character_class": null,
    "class_probability": 0.6464944195111515,
    "created_by_run": "df24fc7a-5e1e-4db0-908e-bfa905d0fe6a",
    "exposure": 0,
    "offset": 0,
    "damage_score": null
  }
},
{
  "model": "pp.character",
  "pk": "7cde2c82-a922-4471-bf47-61e0810503d6",
  "fields": {
    "label": "(60468) New most build detail we week ... p. 2-r l. 0 c. 0",
    "line": "e19c486f-fa33-4365-b9d6-9d7202d4ff80",
    "sequence": 0,
    "x_min": 168,
    "x_max": 149,
    "y_min": null,
    "y_max": null,
    "character_class": "a",
    "human_character_class": null,
    "class_probability": 0.4304343006020107,
    "created_by_run": "df24fc7a-5e1e-4db0-908e-bfa905d0fe6a",
    "exposure": 0,
    "offset": 0,
    "damage_score": null
  }
},
{
  "model": "pp.character",
  "pk": "7d5af784-16f3-4c42-a595-5b441094853d",
  "fields": {
    "label": "(24668) Collection eat social wear cau... p. 1-r l. 2 c. 1",
    "line": "9929be68-2d15-4adc-b132-a11531584c72",
    "sequence": 1,
    "x_min": 366,
    "x_max": 439,
    "y_min": null,
    "y_max": null,
    "character_class": "q",
    "human_character_class": null,
    "class_probability": 0.9153653500460995,
    "created_by_run": "2936e490-f669-4f45-8afd-6f70f46e9dc0",
    "exposure": 0,
    "offset": 0,
    "damage_score": null
  }
},
{
  "model": "pp.character",
  "pk": "7fd63952-cff2-4a5c-9059-d67ff4bbee27",
  "fields": {
    "label": "(273837) Police these rich stage throug... p. 2-l l. 0 c. 1",
    "line": "3660a3fa-63b3-4cb0-88eb-cd24a8837533",
    "sequence": 1,
    "x_min": 336,
    "x_max": 320,
    "y_min": null,
    "y_max": null,
    "character_class": "t",
    "human_character_class": null,
    "class_probability": 0.7093461109664769,
    "created_by_run": "06e75087-c42f-494e-afbe-58d178d296f8",
    "exposure": 0,
    "offset": 0,
    "damage_score": null
  }
},
{
  "model": "pp.character",
  "pk": "800d7fe8-39a0-493e-b24b-71c566f4661d",
  "fields": {
    "label": "(273837) Police these rich stage throug... p. 0-l l. 0 c. 1",
    "line": "711dbfc6-83f7-44df-a42d-2ee649bacc50",
    "sequence": 1,
    "x_min": 80,
    "x_max": 444,
    "y_min": null,
    "y_max": null,
    "character_class": "b",
    "human_character_class": null,
    "class_probability": 0.7898905933037424,
    "created_by_run": "06e75087-c42f-494e-afbe-58d178d296f8",
    "exposure": 0,
    "offset": 0,
    "damage_score": null
  }
},
{
  "model": "pp.character",
  "pk": "85e30922-7c4e-4cbd-b876-02f62141e74d",
  "fields": {
    "label": "(273837) Police these rich stage throug... p. 0-l l. 1 c. 1",
    "line": "3f8ea81f-2a75-470f-976a-4cb090cf21a8",
    "sequence": 1,
    "x_min": 208,
    "x_max": 436,
    "y_min": null,
    "y_max": null,
    "character_class": "x",
    "human_character_class": null,
    "class_probability": 0.46781610878063506,
    "created_by_run": "06e75087-c42f-494e-afbe-58d178d296f8",
    "exposure": 0,
    "offset": 0,
    "damage_score": 0.97
  }
},
{
  "model": "pp.character",
  "pk": "8664c278-da6c-4741-afe0-410c441728ed",
  "fields": {
    "label": "(122028) Order no notice skin oil born ... p. 0-r l. 0 c. 0",
    "line": "d788b2f7-350a-4968-9a60-2a8d4ec143c1",
    "sequence": 0,
    "x_min": 362,
    "x_max": 112,
    "y_min": null,
    "y_max": null,
    "character_class": "n",
    "human_character_class": null,
    "class_probability": 0.20560830621041015,
    "created_by_run": "e4dde0c0-72ab-44e0-aa44-666d19e800f5",
    "exposure": 0,
    "offset": 0,
    "damage_score": null
  }
},
{
  "model": "pp.character",
  "pk": "890ed306-b08f-45d5-b754-b0eaec8f4572",
  "fields": {
    "label": "(122028) Order no notice skin oil born ... p. 2-r l. 1 c. 0",
    "line": "204afd10-ee89-40f3-a55d-e0f260e4e3f1",
    "sequence": 0,
    "x_min": 188,
    "x_max": 133,
    "y_min": null,
    "y_max": null,
    "character_class": "v",
    "human_character_class": null,
    "class_probability": 0.6359832875286047,
    "created_by_run": "e4dde0c0-72ab-44e0-aa44-666d19e800f5",
    "exposure": 0,
    "offset": 0,
    "damage_score": null
  }
},
{
  "model": "pp.character",
  "pk": "8977a7bc-45a9-45bf-ac5b-bb89f3041297",
  "fields": {
    "label": "(273837) Police these rich stage throug... p. 2-l l. 0 c. 0",
    "line": "3660a3fa-63b3-4cb0-88eb-cd24a8837533",
    "sequence": 0,
    "x_min": 171,
    "x_max": 378,
    "y_min": null,
    "y_max": null,
    "character_class": "O",
    "human_character_class": null,
    "class_probability": 0.41035292192830886,
    "created_by_run": "06e75087-c42f-494e-afbe-58d178d296f8",
    "exposure": 0,
    "offset": 0,
    "damage_score": null
  }
},
{
  "model": "pp.character",
  "pk": "8a91cb23-5af0-4dd3-abb0-c37561ac9071",
  "fields": {
    "label": "(273837) Police these rich stage throug... p. 1-r l. 0 c. 0",
    "line": "e2ab5c1d-3924-48c5-a367-38ed9ca25457",
    "sequence": 0,
    "x_min": 278,
    "x_max": 454,
    "y_min": null,
    "y_max": null,
    "character_class": "Q",
    "human_character_class": null,
    "class_probability": 0.6845095653534647,
    "created_by_run": "06e75087-c42f-494e-afbe-58d178d296f8",
    "exposure": 0,
    "offset": 0,
    "damage_score": null
  }
},
{
  "model": "pp.character",
  "pk": "8ab82e02-0e30-406a-9c35-d9dd1e23d1c3",
  "fields": {
    "label": "(273837) Police these rich stage throug... p. 2-r l. 0 c. 1",
    "line": "f94d17ab-7dc0-4cb6-8671-fdb492e4cdb4",
    "sequence": 1,
    "x_min": 418,
    "x_max": 259,
    "y_min": null,
    "y_max": null,
    "character_class": "z",
    "human_character_class": null,
    "class_probability": 0.6384691025996934,
    "created_by_run": "06e75087-c42f-494e-afbe-58d178d296f8",
    "exposure": 0,
    "offset": 0,
    "damage_score": null
  }
},
{
  "model": "pp.character",
  "pk": "8c02a49d-6b38-409e-9a55-5a56be7951a6",
  "fields": {
    "label": "(273837) Police these rich stage throug... p. 1-l l. 0 c. 1",
    "line": "372bef40-2aba-46c7-bcb0-2d77a2c5df34",
    "sequence": 1,
    "x_min": 277,
    "x_max": 369,
    "y_min": null,
    "y_max": null,
    "character_class": "l",
    "human_character_class": null,
    "class_probability": 0.3631282527057814,
    "created_by_run": "06e75087-c42f-494e-afbe-58d178d296f8",
    "exposure": 0,
    "offset": 0,
    "damage_score": null
  }
},
{
  "model": "pp.character",
  "pk": "8d681146-a57a-431c-b8f4-5babf0039520",
  "fields": {
    "label": "(122028) Order no notice skin oil born ... p. 1-r l. 0 c. 1",
    "line": "784e613b-d77f-41f1-ba3a-930a2ffaeaa2",
    "sequence": 1,
    "x_min": 460,
    "x_max": 251,
    "y_min": null,
    "y_max": null,
    "character_class": "S",
    "human_character_class": null,
    "class_probability": 0.3009205417738984,
    "created_by_run": "e4dde0c0-72ab-44e0-aa44-666d19e800f5",
    "exposure": 0,
    "offset": 0,
    "damage_score": null
  }
},
{
  "model": "pp.character",
  "pk": "9136ed04-82c8-41bd-a17a-44ee5c4a9e14",
  "fields": {
    "label": "(24668) Collection eat social wear cau... p. 1-r l. 0 c. 0",
    "line": "45cfb4cd-55a7-40f9-af18-baa8639635e3",
    "sequence": 0,
    "x_min": 248,
    "x_max": 404,
    "y_min": null,
    "y_max": null,
    "character_class": "D",
    "human_character_class": null,
    "class_probability": 0.6257158455248527,
    "created_by_run": "2936e490-f669-4f45-8afd-6f70f46e9dc0",
    "exposure": 0,
    "offset": 0,
    "damage_score": null
  }
},
{
  "model": "pp.character",
  "pk": "928b0be9-2989-4aa0-9bcd-7554065be740",
  "fields": {
    "label": "(24668) Collection eat social wear cau... p. 0-l l. 2 c. 2",
    "line": "58e1fcaa-a520-4b1b-9686-725937e7f0d3",
    "sequence": 2,
    "x_min": 7,
    "x_max": 63,
    "y_min": null,
    "y_max": null,
    "character_class": "a",
    "human_character_class": null,
    "class_probability": 0.9983992720464707,
    "created_by_run": "2936e490-f669-4f45-8afd-6f70f46e9dc0",
    "exposure": 0,
    "offset": 0,
    "damage_score": null
  }
},
{
  "model": "pp.character",
  "pk": "92f1fef1-f41a-42e5-a3bd-00f10479c4d5",
  "fields": {
    "label": "(273837) Police these rich stage throug... p. 0-l l. 0 c. 0",
    "line": "711dbfc6-83f7-44df-a42d-2ee649bacc50",
    "sequence": 0,
    "x_min": 67,
    "x_max": 228,
    "y_min": null,
    "y_max": null,
    "character_class": "V",
    "human_character_class": null,
    "class_probability": 0.17171343239132975,
    "created_by_run": "06e75087-c42f-494e-afbe-58d178d296f8",
    "exposure": 0,
    "offset": 0,
    "damage_score": null
  }
},
{
  "model": "pp.character",
  "pk": "93df5340-1bcb-4e0e-ba1a-155be40f71b2",
  "fields": {
    "label": "(24668) Collection eat social wear cau... p. 1-l l. 2 c. 1",
    "line": "b7b516c2-db45-492c-9953-0d99f43d55bb",
    "sequence": 1,
    "x_min": 391,
    "x_max": 187,
    "y_min": null,
    "y_max": null,
    "character_class": "f",
    "human_character_class": null,
    "class_probability": 0.7872992050889431,
    "created_by_run": "2936e490-f669-4f45-8afd-6f70f46e9dc0",
    "exposure": 0,
    "offset": 0,
    "damage_score": null
  }
},
{
  "model": "pp.character",
  "pk": "941056b7-5818-452e-b9b7-46b22535c9f8",
  "fields": {
    "label": "(273837) Police these rich stage throug... p. 1-l l. 1 c. 1",
    "line": "b9d66929-11bb-4cb6-9849-5408e7d48977",
    "sequence": 1,
    "x_min": 425,
    "x_max": 136,
    "y_min": null,
    "y_max": null,
    "character_class": "y",
    "human_character_class": null,
    "class_probability": 0.43676929377408547,
    "created_by_run": "06e75087-c42f-494e-afbe-58d178d296f8",
    "exposure": 0,
    "offset": 0,
    "damage_score": null
  }
},
{
  "model": "pp.character",
  "pk": "95466634-99da-4d0f-9dcc-423d16ab4a35",
  "fields": {
    "label": "(60468) New most build detail we week ... p. 0-l l. 2 c. 1",
    "line": "31c07d87-dd46-41fd-bac1-7d15f253a8b2",
    "sequence": 1,
    "x_min": 240,
    "x_max": 94,
    "y_min": null,
    "y_max": null,
    "character_class": "i",
    "human_character_class": null,
    "class_probability": 0.32611881871771264,
    "created_by_run": "df24fc7a-5e1e-4db0-908e-bfa905d0fe6a",
    "exposure": 0,
    "offset": 0,
    "damage_score": null
  }
},
{
  "model": "pp.character",
  "pk": "9679269e-b21d-4470-b43a-a9292a98fe5b",
  "fields": {
    "label": "(24668) Collection eat social wear cau... p. 1-r l. 2 c. 0",
    "line": "9929be68-2d15-4adc-b132-a11531584c72",
    "sequence": 0,
    "x_min": 113,
    "x_max": 424,
    "y_min": null,
    "y_max": null,
    "character_class": "V",
    "human_character_class": null,
    "class_probability": 0.7976592765844169,
    "created_by_run": "2936e490-f669-4f45-8afd-6f70f46e9dc0",
    "exposure": 0,
    "offset": 0,
    "damage_score": null
  }
},
{
  "model": "pp.character",
  "pk": "9ab70e9d-0a1b-47c9-8d45-132a90329ad9",
  "fields": {
    "label": "(60468) New most build detail we week ... p. 0-l l. 2 c. 2",
    "line": "31c07d87-dd46-41fd-bac1-7d15f253a8b2",
    "sequence": 2,
    "x_min": 426,
    "x_max": 183,
    "y_min": null,
    "y_max": null,
    "character_class": "L",
    "human_character_class": null,
    "class_probability": 0.8293635597998922,
    "created_by_run": "df24fc7a-5e1e-4db0-908e-bfa905d0fe6a",
    "exposure": 0,
    "offset": 0,
    "damage_score": null
  }
},
{
  "model": "pp.character",
  "pk": "9b1d6fd2-0bc1-448b-8c76-bd409ec5538c",
  "fields": {
    "label": "(24668) Collection eat social wear cau... p. 2-l l. 1 c. 0",
    "line": "d42f9a00-3e53-45ad-a0a5-127651c832f6",
    "sequence": 0,
    "x_min": 220,
    "x_max": 309,
    "y_min": null,
    "y_max": null,
    "character_class": "B",
    "human_character_class": null,
    "class_probability": 0.023075496493464187,
    "created_by_run": "2936e490-f669-4f45-8afd-6f70f46e9dc0",
    "exposure": 0,
    "offset": 0,
    "damage_score": null
  }
},
{
  "model": "pp.character",
  "pk": "9bb0001d-b933-446c-9b17-f0f5751b441f",
  "fields": {
    "label": "(122028) Order no notice skin oil born ... p. 1-r l. 0 c. 2",
    "line": "784e613b-d77f-41f1-ba3a-930a2ffaeaa2",
    "sequence": 2,
    "x_min": 247,
    "x_max": 308,
    "y_min": null,
    "y_max": null,
    "character_class": "U",
    "human_character_class": null,
    "class_probability": 0.2734641566607853,
    "created_by_run": "e4dde0c0-72ab-44e0-aa44-666d19e800f5",
    "exposure": 0,
    "offset": 0,
    "damage_score": null
  }
},
{
  "model": "pp.character",
  "pk": "9bf02774-9edb-45f2-937c-8365ff0fe12c",
  "fields": {
    "label": "(273837) Police these rich stage throug... p. 0-r l. 1 c. 2",
    "line": "1ed89adc-3a52-4827-a85a-8e06b003e634",
    "sequence": 2,
    "x_min": 68,
    "x_max": 312,
    "y_min": null,
    "y_max": null,
    "character_class": "R",
    "human_character_class": null,
    "class_probability": 0.6328669095346914,
    "created_by_run": "06e75087-c42f-494e-afbe-58d178d296f8",
    "exposure": 0,
    "offset": 0,
    "damage_score": null
  }
},
{
  "model": "pp.character",
  "pk": "9df67c0b-1a99-4075-98fe-a41dc9c50b4b",
  "fields": {
    "label": "(273837) Police these rich stage throug... p. 2-l l. 1 c. 1",
    "line": "084e33dd-f3c4-43cd-ae51-74596ef4dc65",
    "sequence": 1,
    "x_min": 410,
    "x_max": 139,
    "y_min": null,
    "y_max": null,
    "character_class": "e",
    "human_character_class": null,
    "class_probability": 0.11708608671268517,
    "created_by_run": "06e75087-c42f-494e-afbe-58d178d296f8",
    "exposure": 0,
    "offset": 0,
    "damage_score": null
  }
},
{
  "model": "pp.character",
  "pk": "9e9f6368-0937-4729-864b-d6936ac73996",
  "fields": {
    "label": "(122028) Order no notice skin oil born ... p. 0-r l. 2 c. 2",
    "line": "3c2144ed-35bf-42ab-87c3-15b5d94c6d95",
    "sequence": 2,
    "x_min": 112,
    "x_max": 419,
    "y_min": null,
    "y_max": null,
    "character_class": "b",
    "human_character_class": null,
    "class_probability": 0.12438820600666423,
    "created_by_run": "e4dde0c0-72ab-44e0-aa44-666d19e800f5",
    "exposure": 0,
    "offset": 0,
    "damage_score": null
  }
},
{
  "model": "pp.character",
  "pk": "9ef87e21-0000-4c2a-8932-c445950c9edf",
  "fields": {
    "label": "(60468) New most build detail we week ... p. 1-r l. 0 c. 1",
    "line": "30454456-b4ef-47ca-8b38-653c6cc57e08",
    "sequence": 1,
    "x_min": 70,
    "x_max": 42,
    "y_min": null,
    "y_max": null,
    "character_class": "Z",
    "human_character_class": null,
    "class_probability": 0.9925644431172131,
    "created_by_run": "df24fc7a-5e1e-4db0-908e-bfa905d0fe6a",
    "exposure": 0,
    "offset": 0,
    "damage_score": null
  }
},
{
  "model": "pp.character",
  "pk": "9fb284ec-eede-4f62-9f84-baccce725e7c",
  "fields": {
    "label": "(273837) Police these rich stage throug... p. 1-r l. 0 c. 2",
    "line": "e2ab5c1d-3924-48c5-a367-38ed9ca25457",
    "sequence": 2,
    "x_min": 433,
    "x_max": 261,
    "y_min": null,
    "y_max": null,
    "character_class": "j",
    "human_character_class": null,
    "class_probability": 0.8525143254245098,
    "created_by_run": "06e75087-c42f-494e-afbe-58d178d296f8",
    "exposure": 0,
    "offset": 0,
    "damage_score": null
  }
},
{
  "model": "pp.character",
  "pk": "a2cb143f-8a7b-481b-b2b5-667b6fcaccc5",
  "fields": {
    "label": "(24668) Collection eat social wear cau... p. 0-l l. 0 c. 2",
    "line": "7432dbbc-a537-4ff1-bb08-f1567d410296",
    "sequence": 2,
    "x_min": 73,
    "x_max": 120,
    "y_min": null,
    "y_max": null,
    "character_class": "S",
    "human_character_class": null,
    "class_probability": 0.14616258308080932,
    "created_by_run": "2936e490-f669-4f45-8afd-6f70f46e9dc0",
    "exposure": 0,
    "offset": 0,
    "damage_score": null
  }
},
{
  "model": "pp.character",
  "pk": "a2d0551d-0c09-44e4-94e3-109ae88a6982",
  "fields": {
    "label": "(122028) Order no notice skin oil born ... p. 2-l l. 1 c. 1",
    "line": "69d8ffd0-bb01-4d72-807e-15086583be31",
    "sequence": 1,
    "x_min": 89,
    "x_max": 114,
    "y_min": null,
    "y_max": null,
    "character_class": "T",
    "human_character_class": null,
    "class_probability": 0.9499706424060771,
    "created_by_run": "e4dde0c0-72ab-44e0-aa44-666d19e800f5",
    "exposure": 0,
    "offset": 0,
    "damage_score": null
  }
},
{
  "model": "pp.character",
  "pk": "a45bdb0a-1da3-4f21-9e91-608e89970b46",
  "fields": {
    "label": "(24668) Collection eat social wear cau... p. 0-l l. 0 c. 1",
    "line": "7432dbbc-a537-4ff1-bb08-f1567d410296",
    "sequence": 1,
    "x_min": 289,
    "x_max": 14,
    "y_min": null,
    "y_max": null,
    "character_class": "y",
    "human_character_class": null,
    "class_probability": 0.9132193082326927,
    "created_by_run": "2936e490-f669-4f45-8afd-6f70f46e9dc0",
    "exposure": 0,
    "offset": 0,
    "damage_score": null
  }
},
{
  "model": "pp.character",
  "pk": "a5cfca5f-81bc-4d37-8106-88035a9ade10",
  "fields": {
    "label": "(60468) New most build detail we week ... p. 0-r l. 1 c. 2",
    "line": "e8d909bb-6a69-40e3-b06e-e10e6a1efcf3",
    "sequence": 2,
    "x_min": 494,
    "x_max": 446,
    "y_min": null,
    "y_max": null,
    "character_class": "J",
    "human_character_class": null,
    "class_probability": 0.36570548420415816,
    "created_by_run": "df24fc7a-5e1e-4db0-908e-bfa905d0fe6a",
    "exposure": 0,
    "offset": 0,
    "damage_score": null
  }
},
{
  "model": "pp.character",
  "pk": "aa63b32f-41f9-4bcd-8148-fd09861a2b1c",
  "fields": {
    "label": "(273837) Police these rich stage throug... p. 1-l l. 2 c. 1",
    "line": "131fa715-a04c-4dcd-b416-d6f0b3ef54ae",
    "sequence": 1,
    "x_min": 293,
    "x_max": 263,
    "y_min": null,
    "y_max": null,
    "character_class": "y",
    "human_character_class": null,
    "class_probability": 0.8481630075420153,
    "created_by_run": "06e75087-c42f-494e-afbe-58d178d296f8",
    "exposure": 0,
    "offset": 0,
    "damage_score": null
  }
},
{
  "model": "pp.character",
  "pk": "aae49b7b-e2f9-46b5-8797-472f53655b07",
  "fields": {
    "label": "(24668) Collection eat social wear cau... p. 2-r l. 1 c. 0",
    "line": "03b7d45e-b92f-4f5f-948a-7574c442f92a",
    "sequence": 0,
    "x_min": 425,
    "x_max": 282,
    "y_min": null,
    "y_max": null,
    "character_class": "c",
    "human_character_class": null,
    "class_probability": 0.2745062305870556,
    "created_by_run": "2936e490-f669-4f45-8afd-6f70f46e9dc0",
    "exposure": 0,
    "offset": 0,
    "damage_score": null
  }
},
{
  "model": "pp.character",
  "pk": "ac241ec5-a332-499a-a12f-4b5e72dc4331",
  "fields": {
    "label": "(122028) Order no notice skin oil born ... p. 2-l l. 0 c. 2",
    "line": "5b19d6a8-8b13-40ce-8ace-1592165b73e9",
    "sequence": 2,
    "x_min": 118,
    "x_max": 396,
    "y_min": null,
    "y_max": null,
    "character_class": "Y",
    "human_character_class": null,
    "class_probability": 0.7842235905340121,
    "created_by_run": "e4dde0c0-72ab-44e0-aa44-666d19e800f5",
    "exposure": 0,
    "offset": 0,
    "damage_score": null
  }
},
{
  "model": "pp.character",
  "pk": "ace5d247-ab43-4449-b336-74af71ce2625",
  "fields": {
    "label": "(273837) Police these rich stage throug... p. 0-l l. 1 c. 0",
    "line": "3f8ea81f-2a75-470f-976a-4cb090cf21a8",
    "sequence": 0,
    "x_min": 138,
    "x_max": 447,
    "y_min": null,
    "y_max": null,
    "character_class": "U",
    "human_character_class": null,
    "class_probability": 0.30612500687544386,
    "created_by_run": "06e75087-c42f-494e-afbe-58d178d296f8",
    "exposure": 0,
    "offset": 0,
    "damage_score": 0.25
  }
},
{
  "model": "pp.character",
  "pk": "acf14a60-6e8e-4f9d-98da-5d167382c707",
  "fields": {
    "label": "(60468) New most build detail we week ... p. 2-l l. 1 c. 2",
    "line": "fd12d5e6-11e9-4bb8-8b69-af76bc83cc49",
    "sequence": 2,
    "x_min": 373,
    "x_max": 45,
    "y_min": null,
    "y_max": null,
    "character_class": "r",
    "human_character_class": null,
    "class_probability": 0.26792497800248527,
    "created_by_run": "df24fc7a-5e1e-4db0-908e-bfa905d0fe6a",
    "exposure": 0,
    "offset": 0,
    "damage_score": null
  }
},
{
  "model": "pp.character",
  "pk": "b0cee52f-9b5b-4ade-a2e8-1f04a5b93a2e",
  "fields": {
    "label": "(122028) Order no notice skin oil born ... p. 2-r l. 2 c. 2",
    "line": "844188a4-99af-4aa7-9d14-bd230c18f678",
    "sequence": 2,
    "x_min": 448,
    "x_max": 147,
    "y_min": null,
    "y_max": null,
    "character_class": "A",
    "human_character_class": null,
    "class_probability": 0.24323002978656272,
    "created_by_run": "e4dde0c0-72ab-44e0-aa44-666d19e800f5",
    "exposure": 0,
    "offset": 0,
    "damage_score": null
  }
},
{
  "model": "pp.character",
  "pk": "b509da41-5887-4317-9b9a-785b4ee1b110",
  "fields": {
    "label": "(60468) New most build detail we week ... p. 0-l l. 1 c. 2",
    "line": "bc850f70-c12a-4567-9ac6-76de938b591c",
    "sequence": 2,
    "x_min": 142,
    "x_max": 54,
    "y_min": null,
    "y_max": null,
    "character_class": "v",
    "human_character_class": null,
    "class_probability": 0.5774221274467958,
    "created_by_run": "df24fc7a-5e1e-4db0-908e-bfa905d0fe6a",
    "exposure": 0,
    "offset": 0,
    "damage_score": null
  }
},
{
  "model": "pp.character",
  "pk": "b6084601-2c6f-48d4-9216-06f19b2eceb1",
  "fields": {
    "label": "(60468) New most build detail we week ... p. 2-r l. 2 c. 0",
    "line": "5b416e9f-d205-474f-82d6-833ccd0de9b6",
    "sequence": 0,
    "x_min": 72,
    "x_max": 325,
    "y_min": null,
    "y_max": null,
    "character_class": "r",
    "human_character_class": null,
    "class_probability": 0.5454242475613278,
    "created_by_run": "df24fc7a-5e1e-4db0-908e-bfa905d0fe6a",
    "exposure": 0,
    "offset": 0,
    "damage_score": null
  }
},
{
  "model": "pp.character",
  "pk": "bccbd3f9-8f9e-48b4-81c7-744e36e93625",
  "fields": {
    "label": "(273837) Police these rich stage throug... p. 2-l l. 1 c. 0",
    "line": "084e33dd-f3c4-43cd-ae51-74596ef4dc65",
    "sequence": 0,
    "x_min": 149,
    "x_max": 3,
    "y_min": null,
    "y_max": null,
    "character_class": "a",
    "human_character_class": null,
    "class_probability": 0.433432664222519,
    "created_by_run": "06e75087-c42f-494e-afbe-58d178d296f8",
    "exposure": 0,
    "offset": 0,
    "damage_score": null
  }
},
{
  "model": "pp.character",
  "pk": "bce3f539-36f1-4211-b2bf-710e609df929",
  "fields": {
    "label": "(60468) New most build detail we week ... p. 1-l l. 0 c. 2",
    "line": "28e67ebb-195e-47f2-956e-da5599f14c6c",
    "sequence": 2,
    "x_min": 1,
    "x_max": 26,
    "y_min": null,
    "y_max": null,
    "character_class": "W",
    "human_character_class": null,
    "class_probability": 0.48724861521214013,
    "created_by_run": "df24fc7a-5e1e-4db0-908e-bfa905d0fe6a",
    "exposure": 0,
    "offset": 0,
    "damage_score": null
  }
},
{
  "model": "pp.character",
  "pk": "be585b6f-643b-4b53-a88a-79f612811aea",
  "fields": {
    "label": "(122028) Order no notice skin oil born ... p. 2-r l. 1 c. 2",
    "line": "204afd10-ee89-40f3-a55d-e0f260e4e3f1",
    "sequence": 2,
    "x_min": 3,
    "x_max": 45,
    "y_min": null,
    "y_max": null,
    "character_class": "P",
    "human_character_class": null,
    "class_probability": 0.8944755146469346,
    "created_by_run": "e4dde0c0-72ab-44e0-aa44-666d19e800f5",
    "exposure": 0,
    "offset": 0,
    "damage_score": null
  }
},
{
  "model": "pp.character",
  "pk": "bf39b817-24e7-4e38-ad53-313ce89c98e1",
  "fields": {
    "label": "(122028) Order no notice skin oil born ... p. 0-l l. 1 c. 2",
    "line": "d94ba561-211a-4e1a-9414-698c535de08b",
    "sequence": 2,
    "x_min": 152,
    "x_max": 122,
    "y_min": null,
    "y_max": null,
    "character_class": "b",
    "human_character_class": null,
    "class_probability": 0.6662910870685951,
    "created_by_run": "e4dde0c0-72ab-44e0-aa44-666d19e800f5",
    "exposure": 0,
    "offset": 0,
    "damage_score": null
  }
},
{
  "model": "pp.character",
  "pk": "c0569204-cb72-452e-9263-08dac672f7a8",
  "fields": {
    "label": "(122028) Order no notice skin oil born ... p. 1-r l. 2 c. 2",
    "line": "2eeed54c-290a-45ac-8afc-0d9b2fc66bbd",
    "sequence": 2,
    "x_min": 68,
    "x_max": 138,
    "y_min": null,
    "y_max": null,
    "character_class": "p",
    "human_character_class": null,
    "class_probability": 0.1800985533017081,
    "created_by_run": "e4dde0c0-72ab-44e0-aa44-666d19e800f5",
    "exposure": 0,
    "offset": 0,
    "damage_score": null
  }
},
{
  "model": "pp.character",
  "pk": "c07c1791-b3d0-4e8d-b47f-507808f6ba59",
  "fields": {
    "label": "(273837) Police these rich stage throug... p. 2-r l. 0 c. 2",
    "line": "f94d17ab-7dc0-4cb6-8671-fdb492e4cdb4",
    "sequence": 2,
    "x_min": 86,
    "x_max": 141,
    "y_min": null,
    "y_max": null,
    "character_class": "R",
    "human_character_class": null,
    "class_probability": 0.936023844030179,
    "created_by_run": "06e75087-c42f-494e-afbe-58d178d296f8",
    "exposure": 0,
    "offset": 0,
    "damage_score": null
  }
},
{
  "model": "pp.character",
  "pk": "c1be2544-11c2-4333-a123-12e21ada19ee",
  "fields": {
    "label": "(24668) Collection eat social wear cau... p. 1-r l. 2 c. 2",
    "line": "9929be68-2d15-4adc-b132-a11531584c72",
    "sequence": 2,
    "x_min": 437,
    "x_max": 276,
    "y_min": null,
    "y_max": null,
    "character_class": "N",
    "human_character_class": null,
    "class_probability": 0.14652805189239393,
    "created_by_run": "2936e490-f669-4f45-8afd-6f70f46e9dc0",
    "exposure": 0,
    "offset": 0,
    "damage_score": null
  }
},
{
  "model": "pp.character",
  "pk": "c23a13cb-776d-46d4-9806-174baae21d05",
  "fields": {
    "label": "(273837) Police these rich stage throug... p. 2-l l. 2 c. 0",
    "line": "25288960-627a-4542-9e30-1b8b5d9ebd4f",
    "sequence": 0,
    "x_min": 476,
    "x_max": 428,
    "y_min": null,
    "y_max": null,
    "character_class": "T",
    "human_character_class": null,
    "class_probability": 0.477703994795339,
    "created_by_run": "06e75087-c42f-494e-afbe-58d178d296f8",
    "exposure": 0,
    "offset": 0,
    "damage_score": null
  }
},
{
  "model": "pp.character",
  "pk": "c2833caa-8332-4dc1-8fcd-68552c3b68b3",
  "fields": {
    "label": "(24668) Collection eat social wear cau... p. 0-l l. 1 c. 1",
    "line": "491ca756-ac04-44ea-87f1-8b6e8337bb76",
    "sequence": 1,
    "x_min": 224,
    "x_max": 364,
    "y_min": null,
    "y_max": null,
    "character_class": "A",
    "human_character_class": null,
    "class_probability": 0.9047134261963174,
    "created_by_run": "2936e490-f669-4f45-8afd-6f70f46e9dc0",
    "exposure": 0,
    "offset": 0,
    "damage_score": null
  }
},
{
  "model": "pp.character",
  "pk": "c2a333c1-71da-4bbe-87ee-4459c43904ce",
  "fields": {
    "label": "(122028) Order no notice skin oil born ... p. 1-l l. 1 c. 0",
    "line": "0bc0af3f-4c65-46d1-a0a2-5b803b067cc6",
    "sequence": 0,
    "x_min": 108,
    "x_max": 274,
    "y_min": null,
    "y_max": null,
    "character_class": "M",
    "human_character_class": null,
    "class_probability": 0.297222259522822,
    "created_by_run": "e4dde0c0-72ab-44e0-aa44-666d19e800f5",
    "exposure": 0,
    "offset": 0,
    "damage_score": null
  }
},
{
  "model": "pp.character",
  "pk": "c5717c12-6818-4195-b6d9-f6497db6b62e",
  "fields": {
    "label": "(273837) Police these rich stage throug... p. 0-l l. 0 c. 2",
    "line": "711dbfc6-83f7-44df-a42d-2ee649bacc50",
    "sequence": 2,
    "x_min": 497,
    "x_max": 138,
    "y_min": null,
    "y_max": null,
    "character_class": "W",
    "human_character_class": null,
    "class_probability": 0.3983994593766379,
    "created_by_run": "06e75087-c42f-494e-afbe-58d178d296f8",
    "exposure": 0,
    "offset": 0,
    "damage_score": null
  }
},
{
  "model": "pp.character",
  "pk": "c6de4967-d655-46e3-a35c-76d1ee25aa63",
  "fields": {
    "label": "(24668) Collection eat social wear cau... p. 1-l l. 0 c. 0",
    "line": "10b01efb-820e-42e1-8f00-6329d1cb5de9",
    "sequence": 0,
    "x_min": 303,
    "x_max": 395,
    "y_min": null,
    "y_max": null,
    "character_class": "w",
    "human_character_class": null,
    "class_probability": 0.1498839642327816,
    "created_by_run": "2936e490-f669-4f45-8afd-6f70f46e9dc0",
    "exposure": 0,
    "offset": 0,
    "damage_score": null
  }
},
{
  "model": "pp.character",
  "pk": "c7823c13-750e-49c2-9e0f-640334c0f8f0",
  "fields": {
    "label": "(273837) Police these rich stage throug... p. 0-l l. 2 c. 2",
    "line": "d90526ce-b2f2-4602-b253-90545b30cd85",
    "sequence": 2,
    "x_min": 14,
    "x_max": 322,
    "y_min": null,
    "y_max": null,
    "character_class": "a",
    "human_character_class": null,
    "class_probability": 0.23786979022065713,
    "created_by_run": "06e75087-c42f-494e-afbe-58d178d296f8",
    "exposure": 0,
    "offset": 0,
    "damage_score": 0.0
  }
},
{
  "model": "pp.character",
  "pk": "c7a284ea-29df-4231-b364-9faa3899a07c",
  "fields": {
    "label": "(24668) Collection eat social wear cau... p. 2-l l. 2 c. 1",
    "line": "41b811e9-727d-4cd4-b35f-86bbee4e60ba",
    "sequence": 1,
    "x_min": 42,
    "x_max": 408,
    "y_min": null,
    "y_max": null,
    "character_class": "O",
    "human_character_class": null,
    "class_probability": 0.38196767089369843,
    "created_by_run": "2936e490-f669-4f45-8afd-6f70f46e9dc0",
    "exposure": 0,
    "offset": 0,
    "damage_score": null
  }
},
{
  "model": "pp.character",
  "pk": "c8e5fe97-fa29-4ab4-a8f0-6e9a0bd8f846",
  "fields": {
    "label": "(24668) Collection eat social wear cau... p. 0-r l. 1 c. 0",
    "line": "d86d7c87-4c4c-4f3c-9795-bbb75856cb5b",
    "sequence": 0,
    "x_min": 322,
    "x_max": 177,
    "y_min": null,
    "y_max": null,
    "character_class": "R",
    "human_character_class": null,
    "class_probability": 0.22132514837374873,
    "created_by_run": "2936e490-f669-4f45-8afd-6f70f46e9dc0",
    "exposure": 0,
    "offset": 0,
    "damage_score": null
  }
},
{
  "model": "pp.character",
  "pk": "ca690fc5-23ca-444c-8d77-874ad5f67d59",
  "fields": {
    "label": "(273837) Police these rich stage throug... p. 1-r l. 2 c. 0",
    "line": "e9e20ba9-bf7c-41fa-8afd-7b36ec390836",
    "sequence": 0,
    "x_min": 157,
    "x_max": 138,
    "y_min": null,
    "y_max": null,
    "character_class": "z",
    "human_character_class": null,
    "class_probability": 0.5237203083612786,
    "created_by_run": "06e75087-c42f-494e-afbe-58d178d296f8",
    "exposure": 0,
    "offset": 0,
    "damage_score": null
  }
},
{
  "model": "pp.character",
  "pk": "cc0c1f76-43f1-412e-8eb2-fb081623143a",
  "fields": {
    "label": "(122028) Order no notice skin oil born ... p. 0-r l. 2 c. 0",
    "line": "3c2144ed-35bf-42ab-87c3-15b5d94c6d95",
    "sequence": 0,
    "x_min": 78,
    "x_max": 391,
    "y_min": null,
    "y_max": null,
    "character_class": "f",
    "human_character_class": null,
    "class_probability": 0.5779286199310243,
    "created_by_run": "e4dde0c0-72ab-44e0-aa44-666d19e800f5",
    "exposure": 0,
    "offset": 0,
    "damage_score": null
  }
},
{
  "model": "pp.character",
  "pk": "cd4c8e94-74dc-46c4-be12-2c4d5ccf7daa",
  "fields": {
    "label": "(24668) Collection eat social wear cau... p. 2-l l. 2 c. 2",
    "line": "41b811e9-727d-4cd4-b35f-86bbee4e60ba",
    "sequence": 2,
    "x_min": 258,
    "x_max": 183,
    "y_min": null,
    "y_max": null,
    "character_class": "l",
    "human_character_class": null,
    "class_probability": 0.5217334860094621,
    "created_by_run": "2936e490-f669-4f45-8afd-6f70f46e9dc0",
    "exposure": 0,
    "offset": 0,
    "damage_score": null
  }
},
{
  "model": "pp.character",
  "pk": "cd9e7d9b-d7e9-4cf6-92eb-a062ebb45313",
  "fields": {
    "label": "(24668) Collection eat social wear cau... p. 1-l l. 2 c. 2",
    "line": "b7b516c2-db45-492c-9953-0d99f43d55bb",
    "sequence": 2,
    "x_min": 292,
    "x_max": 284,
    "y_min": null,
    "y_max": null,
    "character_class": "q",
    "human_character_class": null,
    "class_probability": 0.7011400672025807,
    "created_by_run": "2936e490-f669-4f45-8afd-6f70f46e9dc0",
    "exposure": 0,
    "offset": 0,
    "damage_score": null
  }
},
{
  "model": "pp.character",
  "pk": "cfebd56a-4d22-419a-87af-1c6f6eb581ca",
  "fields": {
    "label": "(122028) Order no notice skin oil born ... p. 1-r l. 1 c. 0",
    "line": "1a420e40-c737-4728-b84c-96b60b3051c6",
    "sequence": 0,
    "x_min": 484,
    "x_max": 224,
    "y_min": null,
    "y_max": null,
    "character_class": "t",
    "human_character_class": null,
    "class_probability": 0.4644231065577581,
    "created_by_run": "e4dde0c0-72ab-44e0-aa44-666d19e800f5",
    "exposure": 0,
    "offset": 0,
    "damage_score": null
  }
},
{
  "model": "pp.character",
  "pk": "d030b308-71af-4547-a954-ec0ea7f1f4a5",
  "fields": {
    "label": "(122028) Order no notice skin oil born ... p. 2-l l. 2 c. 2",
    "line": "a45978f3-7996-4e86-a95d-fe289a097a89",
    "sequence": 2,
    "x_min": 488,
    "x_max": 31,
    "y_min": null,
    "y_max": null,
    "character_class": "v",
    "human_character_class": null,
    "class_probability": 0.10784688501414741,
    "created_by_run": "e4dde0c0-72ab-44e0-aa44-666d19e800f5",
    "exposure": 0,
    "offset": 0,
    "damage_score": null
  }
},
{
  "model": "pp.character",
  "pk": "d117e8a8-122d-479e-92da-d238bf6eea87",
  "fields": {
    "label": "(60468) New most build detail we week ... p. 1-l l. 0 c. 0",
    "line": "28e67ebb-195e-47f2-956e-da5599f14c6c",
    "sequence": 0,
    "x_min": 142,
    "x_max": 185,
    "y_min": null,
    "y_max": null,
    "character_class": "T",
    "human_character_class": null,
    "class_probability": 0.29463420318136235,
    "created_by_run": "df24fc7a-5e1e-4db0-908e-bfa905d0fe6a",
    "exposure": 0,
    "offset": 0,
    "damage_score": null
  }
},
{
  "model": "pp.character",
  "pk": "d339dfb4-bccd-491e-b2e7-5897d6b0b6bc",
  "fields": {
    "label": "(273837) Police these rich stage throug... p. 0-r l. 0 c. 2",
    "line": "9904238a-a76e-498b-9c09-6a0298a087ae",
    "sequence": 2,
    "x_min": 440,
    "x_max": 188,
    "y_min": null,
    "y_max": null,
    "character_class": "j",
    "human_character_class": null,
    "class_probability": 0.24714119522975675,
    "created_by_run": "06e75087-c42f-494e-afbe-58d178d296f8",
    "exposure": 0,
    "offset": 0,
    "damage_score": null
  }
},
{
  "model": "pp.character",
  "pk": "d67a5c0b-3842-46e0-ace3-1aaa94f4be44",
  "fields": {
    "label": "(273837) Police these rich stage throug... p. 0-l l. 1 c. 2",
    "line": "3f8ea81f-2a75-470f-976a-4cb090cf21a8",
    "sequence": 2,
    "x_min": 493,
    "x_max": 296,
    "y_min": null,
    "y_max": null,
    "character_class": "h",
    "human_character_class": null,
    "class_probability": 0.05261643193889465,
    "created_by_run": "06e75087-c42f-494e-afbe-58d178d296f8",
    "exposure": 0,
    "offset": 0,
    "damage_score": null
  }
},
{
  "model": "pp.character",
  "pk": "d72747fc-017d-4b77-98fb-0578c5099341",
  "fields": {
    "label": "(273837) Police these rich stage throug... p. 1-l l. 2 c. 0",
    "line": "131fa715-a04c-4dcd-b416-d6f0b3ef54ae",
    "sequence": 0,
    "x_min": 307,
    "x_max": 60,
    "y_min": null,
    "y_max": null,
    "character_class": "p",
    "human_character_class": null,
    "class_probability": 0.4928275119467179,
    "created_by_run": "06e75087-c42f-494e-afbe-58d178d296f8",
    "exposure": 0,
    "offset": 0,
    "damage_score": null
  }
},
{
  "model": "pp.character",
  "pk": "d84cdd3b-dd33-4b6e-96b5-3d06027b8322",
  "fields": {
    "label": "(273837) Police these rich stage throug... p. 2-r l. 2 c. 1",
    "line": "9afd53e6-7441-4c9b-98f6-348907426e3a",
    "sequence": 1,
    "x_min": 178,
    "x_max": 376,
    "y_min": null,
    "y_max": null,
    "character_class": "E",
    "human_character_class": null,
    "class_probability": 0.7551142117153771,
    "created_by_run": "06e75087-c42f-494e-afbe-58d178d296f8",
    "exposure": 0,
    "offset": 0,
    "damage_score": null
  }
},
{
  "model": "pp.character",
  "pk": "d8bff975-ea79-470a-bba3-97c469b1e231",
  "fields": {
    "label": "(122028) Order no notice skin oil born ... p. 1-l l. 2 c. 0",
    "line": "e8f70240-49d4-4677-871c-96af393251be",
    "sequence": 0,
    "x_min": 89,
    "x_max": 336,
    "y_min": null,
    "y_max": null,
    "character_class": "O",
    "human_character_class": null,
    "class_probability": 0.7482860468343803,
    "created_by_run": "e4dde0c0-72ab-44e0-aa44-666d19e800f5",
    "exposure": 0,
    "offset": 0,
    "damage_score": null
  }
},
{
  "model": "pp.character",
  "pk": "d9542d80-4133-4a2a-bafb-6d956da57eb8",
  "fields": {
    "label": "(24668) Collection eat social wear cau... p. 1-l l. 0 c. 2",
    "line": "10b01efb-820e-42e1-8f00-6329d1cb5de9",
    "sequence": 2,
    "x_min": 478,
    "x_max": 43,
    "y_min": null,
    "y_max": null,
    "character_class": "i",
    "human_character_class": null,
    "class_probability": 0.09289478377507854,
    "created_by_run": "2936e490-f669-4f45-8afd-6f70f46e9dc0",
    "exposure": 0,
    "offset": 0,
    "damage_score": null
  }
},
{
  "model": "pp.character",
  "pk": "da165725-f9d6-4470-a809-ed60ad9c4f33",
  "fields": {
    "label": "(122028) Order no notice skin oil born ... p. 1-l l. 1 c. 2",
    "line": "0bc0af3f-4c65-46d1-a0a2-5b803b067cc6",
    "sequence": 2,
    "x_min": 470,
    "x_max": 143,
    "y_min": null,
    "y_max": null,
    "character_class": "k",
    "human_character_class": null,
    "class_probability": 0.8937578488091364,
    "created_by_run": "e4dde0c0-72ab-44e0-aa44-666d19e800f5",
    "exposure": 0,
    "offset": 0,
    "damage_score": null
  }
},
{
  "model": "pp.character",
  "pk": "dadc2ace-f47c-49d2-9b1b-45f3e6da7c5f",
  "fields": {
    "label": "(24668) Collection eat social wear cau... p. 0-l l. 1 c. 2",
    "line": "491ca756-ac04-44ea-87f1-8b6e8337bb76",
    "sequence": 2,
    "x_min": 407,
    "x_max": 43,
    "y_min": null,
    "y_max": null,
    "character_class": "d",
    "human_character_class": null,
    "class_probability": 0.558432189384329,
    "created_by_run": "2936e490-f669-4f45-8afd-6f70f46e9dc0",
    "exposure": 0,
    "offset": 0,
    "damage_score": null
  }
},
{
  "model": "pp.character",
  "pk": "e03cd8e4-aaeb-4601-bdc1-328c933244a9",
  "fields": {
    "label": "(60468) New most build detail we week ... p. 2-r l. 1 c. 1",
    "line": "56e11a3c-5d42-4d12-8fff-43e08d057504",
    "sequence": 1,
    "x_min": 138,
    "x_max": 44,
    "y_min": null,
    "y_max": null,
    "character_class": "L",
    "human_character_class": null,
    "class_probability": 0.3689713893349269,
    "created_by_run": "df24fc7a-5e1e-4db0-908e-bfa905d0fe6a",
    "exposure": 0,
    "offset": 0,
    "damage_score": null
  }
},
{
  "model": "pp.character",
  "pk": "e0ebfe37-b201-40ce-b1f9-310a80fb9ccb",
  "fields": {
    "label": "(24668) Collection eat social wear cau... p. 2-l l. 1 c. 1",
    "line": "d42f9a00-3e53-45ad-a0a5-127651c832f6",
    "sequence": 1,
    "x_min": 375,
    "x_max": 306,
    "y_min": null,
    "y_max": null,
    "character_class": "G",
    "human_character_class": null,
    "class_probability": 0.2188375175922841,
    "created_by_run": "2936e490-f669-4f45-8afd-6f70f46e9dc0",
    "exposure": 0,
    "offset": 0,
    "damage_score": null
  }
},
{
  "model": "pp.character",
  "pk": "e49b1eec-17c4-4306-aca1-6cacd9711fd2",
  "fields": {
    "label": "(24668) Collection eat social wear cau... p. 2-r l. 0 c. 0",
    "line": "58f76ea2-503b-4c04-9fa2-c0015d22c0bf",
    "sequence": 0,
    "x_min": 444,
    "x_max": 217,
    "y_min": null,
    "y_max": null,
    "character_class": "n",
    "human_character_class": null,
    "class_probability": 0.05348466516051664,
    "created_by_run": "2936e490-f669-4f45-8afd-6f70f46e9dc0",
    "exposure": 0,
    "offset": 0,
    "damage_score": null
  }
},
{
  "model": "pp.character",
  "pk": "e4a1ae5b-9520-416a-8cfe-af380e82d945",
  "fields": {
    "label": "(273837) Police these rich stage throug... p. 2-r l. 1 c. 1",
    "line": "30a71be8-2d84-43d0-b91f-98f3f905c729",
    "sequence": 1,
    "x_min": 355,
    "x_max": 80,
    "y_min": null,
    "y_max": null,
    "character_class": "W",
    "human_character_class": null,
    "class_probability": 0.33911619500681667,
    "created_by_run": "06e75087-c42f-494e-afbe-58d178d296f8",
    "exposure": 0,
    "offset": 0,
    "damage_score": null
  }
},
{
  "model": "pp.character",
  "pk": "e4c4d962-64b5-4e6b-9806-4a7d2e4806d5",
  "fields": {
    "label": "(60468) New most build detail we week ... p. 2-l l. 2 c. 1",
    "line": "3eb632f5-f3d9-413a-a53c-d19621e166f7",
    "sequence": 1,
    "x_min": 205,
    "x_max": 405,
    "y_min": null,
    "y_max": null,
    "character_class": "a",
    "human_character_class": null,
    "class_probability": 0.6403220010213502,
    "created_by_run": "df24fc7a-5e1e-4db0-908e-bfa905d0fe6a",
    "exposure": 0,
    "offset": 0,
    "damage_score": null
  }
},
{
  "model": "pp.character",
  "pk": "e50fb252-457e-48e2-9541-eaa4370f0e2f",
  "fields": {
    "label": "(60468) New most build detail we week ... p. 1-l l. 1 c. 2",
    "line": "5bd3df06-ae7b-4142-920f-976c5ffeac21",
    "sequence": 2,
    "x_min": 370,
    "x_max": 250,
    "y_min": null,
    "y_max": null,
    "character_class": "i",
    "human_character_class": null,
    "class_probability": 0.14513820199087046,
    "created_by_run": "df24fc7a-5e1e-4db0-908e-bfa905d0fe6a",
    "exposure": 0,
    "offset": 0,
    "damage_score": null
  }
},
{
  "model": "pp.character",
  "pk": "e649848e-6167-4d38-9623-8ef5f1c565d6",
  "fields": {
    "label": "(60468) New most build detail we week ... p. 0-l l. 0 c. 1",
    "line": "d92dda20-bf24-4328-b0aa-bbc3415a93de",
    "sequence": 1,
    "x_min": 301,
    "x_max": 14,
    "y_min": null,
    "y_max": null,
    "character_class": "K",
    "human_character_class": null,
    "class_probability": 0.32883466879572687,
    "created_by_run": "df24fc7a-5e1e-4db0-908e-bfa905d0fe6a",
    "exposure": 0,
    "offset": 0,
    "damage_score": null
  }
},
{
  "model": "pp.character",
  "pk": "e7edcdf6-037d-4680-83b7-ccde2f2f8ce3",
  "fields": {
    "label": "(122028) Order no notice skin oil born ... p. 0-l l. 2 c. 1",
    "line": "0cdf960f-5ac8-45c5-b1ec-5314171f4a3f",
    "sequence": 1,
    "x_min": 25,
    "x_max": 7,
    "y_min": null,
    "y_max": null,
    "character_class": "k",
    "human_character_class": null,
    "class_probability": 0.49708557160561573,
    "created_by_run": "e4dde0c0-72ab-44e0-aa44-666d19e800f5",
    "exposure": 0,
    "offset": 0,
    "damage_score": null
  }
},
{
  "model": "pp.character",
  "pk": "e805ea7a-d5f8-4a77-9e24-50e6ad774466",
  "fields": {
    "label": "(273837) Police these rich stage throug... p. 1-r l. 1 c. 0",
    "line": "bae106ab-4a1a-47a0-83bd-45e0d9910b14",
    "sequence": 0,
    "x_min": 53,
    "x_max": 246,
    "y_min": null,
    "y_max": null,
    "character_class": "D",
    "human_character_class": null,
    "class_probability": 0.36089076595435776,
    "created_by_run": "06e75087-c42f-494e-afbe-58d178d296f8",
    "exposure": 0,
    "offset": 0,
    "damage_score": null
  }
},
{
  "model": "pp.character",
  "pk": "e8f43047-4711-4db0-8917-41c840e836d4",
  "fields": {
    "label": "(24668) Collection eat social wear cau... p. 0-r l. 2 c. 2",
    "line": "ce914baa-ced8-4f28-8d9f-ff580d174889",
    "sequence": 2,
    "x_min": 186,
    "x_max": 296,
    "y_min": null,
    "y_max": null,
    "character_class": "f",
    "human_character_class": null,
    "class_probability": 0.41329648675667985,
    "created_by_run": "2936e490-f669-4f45-8afd-6f70f46e9dc0",
    "exposure": 0,
    "offset": 0,
    "damage_score": null
  }
},
{
  "model": "pp.character",
  "pk": "e95d09ca-117d-4d3d-a416-12dcef562e6d",
  "fields": {
    "label": "(273837) Police these rich stage throug... p. 0-l l. 2 c. 1",
    "line": "d90526ce-b2f2-4602-b253-90545b30cd85",
    "sequence": 1,
    "x_min": 14,
    "x_max": 90,
    "y_min": null,
    "y_max": null,
    "character_class": "u",
    "human_character_class": null,
    "class_probability": 0.5218814807752313,
    "created_by_run": "06e75087-c42f-494e-afbe-58d178d296f8",
    "exposure": 0,
    "offset": 0,
    "damage_score": 0.76
  }
},
{
  "model": "pp.character",
  "pk": "ec03e720-6a6f-445c-b3e6-ffe168a905b1",
  "fields": {
    "label": "(24668) Collection eat social wear cau... p. 2-l l. 0 c. 1",
    "line": "6a14147b-0d31-4756-82cd-11d6398a830c",
    "sequence": 1,
    "x_min": 293,
    "x_max": 334,
    "y_min": null,
    "y_max": null,
    "character_class": "d",
    "human_character_class": null,
    "class_probability": 0.9804860533772444,
    "created_by_run": "2936e490-f669-4f45-8afd-6f70f46e9dc0",
    "exposure": 0,
    "offset": 0,
    "damage_score": null
  }
},
{
  "model": "pp.character",
  "pk": "ecbf5228-7934-4316-a23a-5c94d318596f",
  "fields": {
    "label": "(273837) Police these rich stage throug... p. 1-l l. 1 c. 2",
    "line": "b9d66929-11bb-4cb6-9849-5408e7d48977",
    "sequence": 2,
    "x_min": 368,
    "x_max": 428,
    "y_min": null,
    "y_max": null,
    "character_class": "L",
    "human_character_class": null,
    "class_probability": 0.978955253377084,
    "created_by_run": "06e75087-c42f-494e-afbe-58d178d296f8",
    "exposure": 0,
    "offset": 0,
    "damage_score": null
  }
},
{
  "model": "pp.character",
  "pk": "ed14020c-dec9-4395-83e7-d400ba167788",
  "fields": {
    "label": "(122028) Order no notice skin oil born ... p. 2-r l. 2 c. 0",
    "line": "844188a4-99af-4aa7-9d14-bd230c18f678",
    "sequence": 0,
    "x_min": 488,
    "x_max": 471,
    "y_min": null,
    "y_max": null,
    "character_class": "X",
    "human_character_class": null,
    "class_probability": 0.5298528173396428,
    "created_by_run": "e4dde0c0-72ab-44e0-aa44-666d19e800f5",
    "exposure": 0,
    "offset": 0,
    "damage_score": null
  }
},
{
  "model": "pp.character",
  "pk": "edb3c3ac-b0e1-4eaa-8141-c4370e9c0540",
  "fields": {
    "label": "(24668) Collection eat social wear cau... p. 0-l l. 2 c. 0",
    "line": "58e1fcaa-a520-4b1b-9686-725937e7f0d3",
    "sequence": 0,
    "x_min": 53,
    "x_max": 24,
    "y_min": null,
    "y_max": null,
    "character_class": "C",
    "human_character_class": null,
    "class_probability": 0.6638293815220727,
    "created_by_run": "2936e490-f669-4f45-8afd-6f70f46e9dc0",
    "exposure": 0,
    "offset": 0,
    "damage_score": null
  }
},
{
  "model": "pp.character",
  "pk": "edd11c0b-df59-440c-a4d3-abc6578dab22",
  "fields": {
    "label": "(24668) Collection eat social wear cau... p. 0-r l. 0 c. 0",
    "line": "0724e42d-5736-4fe0-a60b-4b925b687d85",
    "sequence": 0,
    "x_min": 86,
    "x_max": 68,
    "y_min": null,
    "y_max": null,
    "character_class": "h",
    "human_character_class": null,
    "class_probability": 0.9139728854019304,
    "created_by_run": "2936e490-f669-4f45-8afd-6f70f46e9dc0",
    "exposure": 0,
    "offset": 0,
    "damage_score": null
  }
},
{
  "model": "pp.character",
  "pk": "ee5248c7-f6b8-4722-ad1a-81309d0dd4e5",
  "fields": {
    "label": "(24668) Collection eat social wear cau... p. 1-r l. 1 c. 0",
    "line": "1685aff3-459a-4480-8382-4a24cc1c9043",
    "sequence": 0,
    "x_min": 416,
    "x_max": 324,
    "y_min": null,
    "y_max": null,
    "character_class": "a",
    "human_character_class": null,
    "class_probability": 0.6777305121939093,
    "created_by_run": "2936e490-f669-4f45-8afd-6f70f46e9dc0",
    "exposure": 0,
    "offset": 0,
    "damage_score": null
  }
},
{
  "model": "pp.character",
  "pk": "ef977b33-ac09-4e88-a608-e088ded257f1",
  "fields": {
    "label": "(24668) Collection eat social wear cau... p. 0-l l. 0 c. 0",
    "line": "7432dbbc-a537-4ff1-bb08-f1567d410296",
    "sequence": 0,
    "x_min": 410,
    "x_max": 139,
    "y_min": null,
    "y_max": null,
    "character_class": "e",
    "human_character_class": null,
    "class_probability": 0.48899787967792674,
    "created_by_run": "2936e490-f669-4f45-8afd-6f70f46e9dc0",
    "exposure": 0,
    "offset": 0,
    "damage_score": null
  }
},
{
  "model": "pp.character",
  "pk": "f22880e4-d510-4a01-80bd-7a2963d7c671",
  "fields": {
    "label": "(60468) New most build detail we week ... p. 0-r l. 0 c. 0",
    "line": "2222caac-b9db-4ae0-b71f-3a0e77bed70f",
    "sequence": 0,
    "x_min": 405,
    "x_max": 114,
    "y_min": null,
    "y_max": null,
    "character_class": "y",
    "human_character_class": null,
    "class_probability": 0.9140568073231374,
    "created_by_run": "df24fc7a-5e1e-4db0-908e-bfa905d0fe6a",
    "exposure": 0,
    "offset": 0,
    "damage_score": null
  }
},
{
  "model": "pp.character",
  "pk": "f2cbd324-29f6-4393-8bad-2740c104cce5",
  "fields": {
    "label": "(273837) Police these rich stage throug... p. 1-l l. 0 c. 2",
    "line": "372bef40-2aba-46c7-bcb0-2d77a2c5df34",
    "sequence": 2,
    "x_min": 434,
    "x_max": 55,
    "y_min": null,
    "y_max": null,
    "character_class": "L",
    "human_character_class": null,
    "class_probability": 0.9943255770580361,
    "created_by_run": "06e75087-c42f-494e-afbe-58d178d296f8",
    "exposure": 0,
    "offset": 0,
    "damage_score": null
  }
},
{
  "model": "pp.character",
  "pk": "f4191073-d3a7-4a4d-95d0-65e12fc25274",
  "fields": {
    "label": "(122028) Order no notice skin oil born ... p. 2-l l. 0 c. 0",
    "line": "5b19d6a8-8b13-40ce-8ace-1592165b73e9",
    "sequence": 0,
    "x_min": 303,
    "x_max": 186,
    "y_min": null,
    "y_max": null,
    "character_class": "q",
    "human_character_class": null,
    "class_probability": 0.48393194533854356,
    "created_by_run": "e4dde0c0-72ab-44e0-aa44-666d19e800f5",
    "exposure": 0,
    "offset": 0,
    "damage_score": null
  }
},
{
  "model": "pp.character",
  "pk": "f4d8394b-6732-4f89-abf6-6b1e7ab0b65b",
  "fields": {
    "label": "(273837) Police these rich stage throug... p. 1-r l. 2 c. 2",
    "line": "e9e20ba9-bf7c-41fa-8afd-7b36ec390836",
    "sequence": 2,
    "x_min": 431,
    "x_max": 327,
    "y_min": null,
    "y_max": null,
    "character_class": "W",
    "human_character_class": null,
    "class_probability": 0.335730512798759,
    "created_by_run": "06e75087-c42f-494e-afbe-58d178d296f8",
    "exposure": 0,
    "offset": 0,
    "damage_score": null
  }
},
{
  "model": "pp.character",
  "pk": "f85011a7-2df6-4d5d-92e0-6e9563bcf372",
  "fields": {
    "label": "(24668) Collection eat social wear cau... p. 2-r l. 0 c. 1",
    "line": "58f76ea2-503b-4c04-9fa2-c0015d22c0bf",
    "sequence": 1,
    "x_min": 401,
    "x_max": 388,
    "y_min": null,
    "y_max": null,
    "character_class": "r",
    "human_character_class": null,
    "class_probability": 0.8756915566286253,
    "created_by_run": "2936e490-f669-4f45-8afd-6f70f46e9dc0",
    "exposure": 0,
    "offset": 0,
    "damage_score": null
  }
},
{
  "model": "pp.character",
  "pk": "f954245c-397a-4a58-ab87-abf62b27c826",
  "fields": {
    "label": "(122028) Order no notice skin oil born ... p. 2-r l. 0 c. 2",
    "line": "2449c4c2-0991-4c2e-9ec4-5186ac75164a",
    "sequence": 2,
    "x_min": 269,
    "x_max": 319,
    "y_min": null,
    "y_max": null,
    "character_class": "F",
    "human_character_class": null,
    "class_probability": 0.1835459698794668,
    "created_by_run": "e4dde0c0-72ab-44e0-aa44-666d19e800f5",
    "exposure": 0,
    "offset": 0,
    "damage_score": null
  }
},
{
  "model": "pp.character",
  "pk": "fb31aafd-f70d-477e-b5fb-99824af58db6",
  "fields": {
    "label": "(24668) Collection eat social wear cau... p. 0-r l. 0 c. 2",
    "line": "0724e42d-5736-4fe0-a60b-4b925b687d85",
    "sequence": 2,
    "x_min": 378,
    "x_max": 156,
    "y_min": null,
    "y_max": null,
    "character_class": "Q",
    "human_character_class": null,
    "class_probability": 0.015173443011429755,
    "created_by_run": "2936e490-f669-4f45-8afd-6f70f46e9dc0",
    "exposure": 0,
    "offset": 0,
    "damage_score": null
  }
},
{
  "model": "pp.character",
  "pk": "fd51e6ce-ad97-44ec-abeb-e41500a4c13b",
  "fields": {
    "label": "(60468) New most build detail we week ... p. 0-r l. 0 c. 2",
    "line": "2222caac-b9db-4ae0-b71f-3a0e77bed70f",
    "sequence": 2,
    "x_min": 97,
    "x_max": 370,
    "y_min": null,
    "y_max": null,
    "character_class": "D",
    "human_character_class": null,
    "class_probability": 0.19150102059769436,
    "created_by_run": "df24fc7a-5e1e-4db0-908e-bfa905d0fe6a",
    "exposure": 0,
    "offset": 0,
    "damage_score": null
  }
},
{
  "model": "pp.character",
  "pk": "ff8110da-19d6-436f-84f0-2c1b497d5d0c",
  "fields": {
    "label": "(24668) Collection eat social wear cau... p. 1-l l. 1 c. 2",
    "line": "f1fe1bfe-353f-4b2c-842c-92bb889fb756",
    "sequence": 2,
    "x_min": 483,
    "x_max": 388,
    "y_min": null,
    "y_max": null,
    "character_class": "h",
    "human_character_class": null,
    "class_probability": 0.6318429566101631,
    "created_by_run": "2936e490-f669-4f45-8afd-6f70f46e9dc0",
    "exposure": 0,
    "offset": 0,
    "damage_score": null
  }
},
{
  "model": "pp.character",
  "pk": "ffc3eb55-aa98-46c1-b38c-d2fe41503c69",
  "fields": {
    "label": "(122028) Order no notice skin oil born ... p. 1-l l. 0 c. 0",
    "line": "2efd0a17-e850-4b8e-892d-fe8a0c966b0b",
    "sequence": 0,
    "x_min": 477,
    "x_max": 261,
    "y_min": null,
    "y_max": null,
    "character_class": "v",
    "human_character_class": null,
    "class_probability": 0.15732821351596105,
    "created_by_run": "e4dde0c0-72ab-44e0-aa44-666d19e800f5",
    "exposure": 0,
    "offset": 0,
    "damage_score": null
  }
},
{
  "model": "pp.charactergrouping",
  "pk": "17d64dfd-285b-40b9-9c81-d8dd165fb459",
  "fields": {
    "created_by": 1,
    "date_created": "2019-11-08T19:47:58.477Z",
    "label": "A group",
    "notes": "",
    "characters": [
      "800d7fe8-39a0-493e-b24b-71c566f4661d",
      "ecbf5228-7934-4316-a23a-5c94d318596f",
      "aa63b32f-41f9-4bcd-8148-fd09861a2b1c",
      "c07c1791-b3d0-4e8d-b47f-507808f6ba59",
      "d84cdd3b-dd33-4b6e-96b5-3d06027b8322",
      "3b144ec3-2ea3-45eb-8977-93e129763206",
      "bf39b817-24e7-4e38-ad53-313ce89c98e1",
      "cc0c1f76-43f1-412e-8eb2-fb081623143a",
      "0256b8d9-4e16-435b-bbfa-da88515a7268",
      "6d196d0a-b2b9-4037-8b0e-f81d30d3d8c3",
      "da165725-f9d6-4470-a809-ed60ad9c4f33",
      "40a79c1e-6d0b-4c98-8f7d-b9a63e16353b",
      "76eaa524-4b5c-418d-9b37-d3b70d9098dc",
      "08a4e123-3651-4794-af08-9088d058408d",
      "890ed306-b08f-45d5-b754-b0eaec8f4572",
      "be585b6f-643b-4b53-a88a-79f612811aea",
      "576edf95-4a2e-414b-aceb-022513ff9a1d",
      "68bc1955-5fae-41d5-9a4a-de05ecab9049",
      "2084d56a-548f-45a6-8e20-36217eae2a5c",
      "50bf8728-bc00-4d7a-815c-efa94193dd4d",
      "edd11c0b-df59-440c-a4d3-abc6578dab22",
      "4276f4c5-ebb1-4eec-8f64-d46d866c1268",
      "cd9e7d9b-d7e9-4cf6-92eb-a062ebb45313"
    ]
  }
},
{
  "model": "pp.charactergrouping",
  "pk": "826b544b-f27a-4e30-8952-5485919c9bfe",
  "fields": {
    "created_by": 1,
    "date_created": "2019-11-08T19:54:33.919Z",
    "label": "Another group",
    "notes": "",
    "characters": [
      "5865089f-3877-4e30-acaf-6d0556a921eb",
      "576edf95-4a2e-414b-aceb-022513ff9a1d",
      "f22880e4-d510-4a01-80bd-7a2963d7c671"
    ]
  }
},
{
  "model": "auth.user",
  "pk": 1,
  "fields": {
    "password": "pbkdf2_sha256$260000$rFPuYRqllGRZvMPBDz4fCn$Nut/MymzCyd6WDDkBBabYFKYdcKe0IRzY7GOl22HG8Y=",
    "last_login": "2022-06-19T18:26:24.157Z",
    "is_superuser": true,
    "username": "root",
    "first_name": "",
    "last_name": "",
    "email": "",
    "is_staff": true,
    "is_active": true,
    "date_joined": "2019-10-03T00:27:38.401Z",
    "groups": [],
    "user_permissions": []
  }
},
{
  "model": "authtoken.token",
  "pk": "373f5a24e62a8327971cce64dc5458dbfcfbd1d9",
  "fields": {
    "user": 1,
    "created": "2019-10-03T00:27:45.736Z"
  }
}
]
